

Microchip MPLAB XC8 Assembler V2.50 build 20240725155939 
                                                                                               Fri Jan 17 08:48:40 2025

Microchip MPLAB XC8 C Compiler v2.50 (Free license) build 20240725155939 Og1 
     1                           	processor	18F4580
     2                           	fnconf	rparam,??,?,0
     3                           	pagewidth 120
     4                           	opt	flic
     5                           	psect	idataCOMRAM,global,class=CODE,space=0,delta=1,noexec
     6                           	psect	idataBANK0,global,class=CODE,space=0,delta=1,noexec
     7                           	psect	mediumconst,global,reloc=2,class=MEDIUMCONST,space=0,delta=1,noexec
     8                           	psect	cinit,global,reloc=2,class=CODE,space=0,delta=1
     9                           	psect	bssCOMRAM,global,class=COMRAM,space=1,delta=1,lowdata,noexec
    10                           	psect	dataCOMRAM,global,class=COMRAM,space=1,delta=1,lowdata,noexec
    11                           	psect	bssBANK0,global,class=BANK0,space=1,delta=1,lowdata,noexec
    12                           	psect	dataBANK0,global,class=BANK0,space=1,delta=1,lowdata,noexec
    13                           	psect	bssBANK1,global,class=BANK1,space=1,delta=1,lowdata,noexec
    14                           	psect	bssBANK2,global,class=BANK2,space=1,delta=1,lowdata,noexec
    15                           	psect	cstackBANK1,global,class=BANK1,space=1,delta=1,lowdata,noexec
    16                           	psect	cstackCOMRAM,global,class=COMRAM,space=1,delta=1,lowdata,noexec
    17                           	psect	text0,global,reloc=2,class=CODE,space=0,delta=1
    18                           	psect	text1,global,reloc=2,class=CODE,space=0,delta=1
    19                           	psect	text2,global,reloc=2,class=CODE,space=0,delta=1
    20                           	psect	text3,global,reloc=2,class=CODE,space=0,delta=1
    21                           	psect	text4,global,reloc=2,class=CODE,space=0,delta=1
    22                           	psect	text5,global,reloc=2,class=CODE,space=0,delta=1
    23                           	psect	text6,global,reloc=2,class=CODE,space=0,delta=1
    24                           	psect	text7,global,reloc=2,class=CODE,space=0,delta=1
    25                           	psect	text8,global,reloc=2,class=CODE,space=0,delta=1
    26                           	psect	text9,global,reloc=2,class=CODE,space=0,delta=1,group=1
    27                           	psect	text10,global,reloc=2,class=CODE,space=0,delta=1,group=1
    28                           	psect	text11,global,reloc=2,class=CODE,space=0,delta=1,group=1
    29                           	psect	text12,global,reloc=2,class=CODE,space=0,delta=1,group=1
    30                           	psect	text13,global,reloc=2,class=CODE,space=0,delta=1,group=1
    31                           	psect	text14,global,reloc=2,class=CODE,space=0,delta=1
    32                           	psect	text15,global,reloc=2,class=CODE,space=0,delta=1,group=1
    33                           	psect	text16,global,reloc=2,class=CODE,space=0,delta=1,group=1
    34                           	psect	text17,global,reloc=2,class=CODE,space=0,delta=1
    35                           	psect	text18,global,reloc=2,class=CODE,space=0,delta=1
    36                           	psect	text19,global,reloc=2,class=CODE,space=0,delta=1
    37                           	psect	text20,global,reloc=2,class=CODE,space=0,delta=1
    38                           	psect	text21,global,reloc=2,class=CODE,space=0,delta=1
    39                           	psect	text22,global,reloc=2,class=CODE,space=0,delta=1
    40                           	psect	text23,global,reloc=2,class=CODE,space=0,delta=1
    41                           	psect	text24,global,reloc=2,class=CODE,space=0,delta=1
    42                           	psect	text25,global,reloc=2,class=CODE,space=0,delta=1
    43                           	psect	text26,global,reloc=2,class=CODE,space=0,delta=1
    44                           	psect	text27,global,reloc=2,class=CODE,space=0,delta=1
    45                           	psect	text28,global,reloc=2,class=CODE,space=0,delta=1
    46                           	psect	text29,global,reloc=2,class=CODE,space=0,delta=1
    47                           	psect	text30,global,reloc=2,class=CODE,space=0,delta=1
    48                           	psect	text31,global,reloc=2,class=CODE,space=0,delta=1
    49                           	psect	text32,global,reloc=2,class=CODE,space=0,delta=1
    50                           	psect	text33,global,reloc=2,class=CODE,space=0,delta=1
    51                           	psect	text34,global,reloc=2,class=CODE,space=0,delta=1
    52                           	psect	text35,global,reloc=2,class=CODE,space=0,delta=1
    53                           	psect	text36,global,reloc=2,class=CODE,space=0,delta=1
    54                           	psect	text37,global,reloc=2,class=CODE,space=0,delta=1
    55                           	psect	text38,global,reloc=2,class=CODE,space=0,delta=1
    56                           	psect	text39,global,reloc=2,class=CODE,space=0,delta=1
    57                           	psect	text40,global,reloc=2,class=CODE,space=0,delta=1
    58                           	psect	text41,global,reloc=2,class=CODE,space=0,delta=1
    59                           	psect	text42,global,reloc=2,class=CODE,space=0,delta=1
    60                           	psect	intsave_regs,global,class=BIGRAM,space=1,delta=1,noexec
    61                           	psect	rparam,global,class=COMRAM,space=1,delta=1,noexec
    62                           	psect	idloc,global,abs,ovrld,class=IDLOC,space=5,delta=1,noexec
    63                           	psect	config,global,abs,ovrld,class=CONFIG,space=4,delta=1,noexec
    64   000000                     
    65                           ; Version 2.20
    66                           ; Generated 12/02/2020 GMT
    67                           ; 
    68                           ; Copyright © 2020, Microchip Technology Inc. and its subsidiaries ("Microchip")
    69                           ; All rights reserved.
    70                           ; 
    71                           ; This software is developed by Microchip Technology Inc. and its subsidiaries ("Microch
      +                          ip").
    72                           ; 
    73                           ; Redistribution and use in source and binary forms, with or without modification, are
    74                           ; permitted provided that the following conditions are met:
    75                           ; 
    76                           ;     1. Redistributions of source code must retain the above copyright notice, this lis
      +                          t of
    77                           ;        conditions and the following disclaimer.
    78                           ; 
    79                           ;     2. Redistributions in binary form must reproduce the above copyright notice, this 
      +                          list
    80                           ;        of conditions and the following disclaimer in the documentation and/or other
    81                           ;        materials provided with the distribution.
    82                           ; 
    83                           ;     3. Microchip's name may not be used to endorse or promote products derived from th
      +                          is
    84                           ;        software without specific prior written permission.
    85                           ; 
    86                           ; THIS SOFTWARE IS PROVIDED BY MICROCHIP "AS IS" AND ANY EXPRESS OR IMPLIED WARRANTIES,
    87                           ; INCLUDING, BUT NOT LIMITED TO, THE IMPLIED WARRANTIES OF MERCHANTABILITY AND FITNESS F
      +                          OR
    88                           ; PURPOSE ARE DISCLAIMED.  IN NO EVENT SHALL MICROCHIP BE LIABLE FOR ANY DIRECT, INDIREC
      +                          T,
    89                           ; INCIDENTAL, SPECIAL, EXEMPLARY, OR CONSEQUENTIAL DAMAGES (INCLUDING BUT NOT LIMITED TO
    90                           ; PROCUREMENT OF SUBSTITUTE GOODS OR SERVICES; LOSS OF USE, DATA OR PROFITS; OR BUSINESS
    91                           ; INTERRUPTION) HOWSOEVER CAUSED AND ON ANY THEORY OF LIABILITY, WHETHER IN CONTRACT, ST
      +                          RICT
    92                           ; LIABILITY, OR TORT (INCLUDING NEGLIGENCE OR OTHERWISE) ARISING IN ANY WAY OUT OF THE U
      +                          SE OF
    93                           ; THIS SOFTWARE, EVEN IF ADVISED OF THE POSSIBILITY OF SUCH DAMAGE.
    94                           ; 
    95                           ; 
    96                           ; Code-generator required, PIC18F4580 Definitions
    97                           ; 
    98                           ; SFR Addresses
    99   000FE0                     bsr             equ	4064
   100   000FE9                     fsr0            equ	4073
   101   000FEA                     fsr0h           equ	4074
   102   000FE9                     fsr0l           equ	4073
   103   000FE1                     fsr1            equ	4065
   104   000FE2                     fsr1h           equ	4066
   105   000FE1                     fsr1l           equ	4065
   106   000FD9                     fsr2            equ	4057
   107   000FDA                     fsr2h           equ	4058
   108   000FD9                     fsr2l           equ	4057
   109   000FEF                     indf0           equ	4079
   110   000FE7                     indf1           equ	4071
   111   000FDF                     indf2           equ	4063
   112   000FF2                     intcon          equ	4082
   113   000000                     nvmcon          equ	0
   114   000FF9                     pcl             equ	4089
   115   000FFA                     pclath          equ	4090
   116   000FFB                     pclatu          equ	4091
   117   000FEB                     plusw0          equ	4075
   118   000FE3                     plusw1          equ	4067
   119   000FDB                     plusw2          equ	4059
   120   000FED                     postdec0        equ	4077
   121   000FE5                     postdec1        equ	4069
   122   000FDD                     postdec2        equ	4061
   123   000FEE                     postinc0        equ	4078
   124   000FE6                     postinc1        equ	4070
   125   000FDE                     postinc2        equ	4062
   126   000FEC                     preinc0         equ	4076
   127   000FE4                     preinc1         equ	4068
   128   000FDC                     preinc2         equ	4060
   129   000FF3                     prod            equ	4083
   130   000FF4                     prodh           equ	4084
   131   000FF3                     prodl           equ	4083
   132   000FD8                     status          equ	4056
   133   000FF5                     tablat          equ	4085
   134   000FF6                     tblptr          equ	4086
   135   000FF7                     tblptrh         equ	4087
   136   000FF6                     tblptrl         equ	4086
   137   000FF8                     tblptru         equ	4088
   138   000FFD                     tosl            equ	4093
   139   000FE8                     wreg            equ	4072
   140   000D60                     RXF6SIDH        equ	3424	;# 
   141   000D61                     RXF6SIDL        equ	3425	;# 
   142   000D62                     RXF6EIDH        equ	3426	;# 
   143   000D63                     RXF6EIDL        equ	3427	;# 
   144   000D64                     RXF7SIDH        equ	3428	;# 
   145   000D65                     RXF7SIDL        equ	3429	;# 
   146   000D66                     RXF7EIDH        equ	3430	;# 
   147   000D67                     RXF7EIDL        equ	3431	;# 
   148   000D68                     RXF8SIDH        equ	3432	;# 
   149   000D69                     RXF8SIDL        equ	3433	;# 
   150   000D6A                     RXF8EIDH        equ	3434	;# 
   151   000D6B                     RXF8EIDL        equ	3435	;# 
   152   000D70                     RXF9SIDH        equ	3440	;# 
   153   000D71                     RXF9SIDL        equ	3441	;# 
   154   000D72                     RXF9EIDH        equ	3442	;# 
   155   000D73                     RXF9EIDL        equ	3443	;# 
   156   000D74                     RXF10SIDH       equ	3444	;# 
   157   000D75                     RXF10SIDL       equ	3445	;# 
   158   000D76                     RXF10EIDH       equ	3446	;# 
   159   000D77                     RXF10EIDL       equ	3447	;# 
   160   000D78                     RXF11SIDH       equ	3448	;# 
   161   000D79                     RXF11SIDL       equ	3449	;# 
   162   000D7A                     RXF11EIDH       equ	3450	;# 
   163   000D7B                     RXF11EIDL       equ	3451	;# 
   164   000D80                     RXF12SIDH       equ	3456	;# 
   165   000D81                     RXF12SIDL       equ	3457	;# 
   166   000D82                     RXF12EIDH       equ	3458	;# 
   167   000D83                     RXF12EIDL       equ	3459	;# 
   168   000D84                     RXF13SIDH       equ	3460	;# 
   169   000D85                     RXF13SIDL       equ	3461	;# 
   170   000D86                     RXF13EIDH       equ	3462	;# 
   171   000D87                     RXF13EIDL       equ	3463	;# 
   172   000D88                     RXF14SIDH       equ	3464	;# 
   173   000D89                     RXF14SIDL       equ	3465	;# 
   174   000D8A                     RXF14EIDH       equ	3466	;# 
   175   000D8B                     RXF14EIDL       equ	3467	;# 
   176   000D90                     RXF15SIDH       equ	3472	;# 
   177   000D91                     RXF15SIDL       equ	3473	;# 
   178   000D92                     RXF15EIDH       equ	3474	;# 
   179   000D93                     RXF15EIDL       equ	3475	;# 
   180   000DD4                     RXFCON0         equ	3540	;# 
   181   000DD5                     RXFCON1         equ	3541	;# 
   182   000DD8                     SDFLC           equ	3544	;# 
   183   000DE0                     RXFBCON0        equ	3552	;# 
   184   000DE1                     RXFBCON1        equ	3553	;# 
   185   000DE2                     RXFBCON2        equ	3554	;# 
   186   000DE3                     RXFBCON3        equ	3555	;# 
   187   000DE4                     RXFBCON4        equ	3556	;# 
   188   000DE5                     RXFBCON5        equ	3557	;# 
   189   000DE6                     RXFBCON6        equ	3558	;# 
   190   000DE7                     RXFBCON7        equ	3559	;# 
   191   000DF0                     MSEL0           equ	3568	;# 
   192   000DF1                     MSEL1           equ	3569	;# 
   193   000DF2                     MSEL2           equ	3570	;# 
   194   000DF3                     MSEL3           equ	3571	;# 
   195   000DF8                     BSEL0           equ	3576	;# 
   196   000DFA                     BIE0            equ	3578	;# 
   197   000DFC                     TXBIE           equ	3580	;# 
   198   000E20                     B0CON           equ	3616	;# 
   199   000E21                     B0SIDH          equ	3617	;# 
   200   000E22                     B0SIDL          equ	3618	;# 
   201   000E23                     B0EIDH          equ	3619	;# 
   202   000E24                     B0EIDL          equ	3620	;# 
   203   000E25                     B0DLC           equ	3621	;# 
   204   000E26                     B0D0            equ	3622	;# 
   205   000E27                     B0D1            equ	3623	;# 
   206   000E28                     B0D2            equ	3624	;# 
   207   000E29                     B0D3            equ	3625	;# 
   208   000E2A                     B0D4            equ	3626	;# 
   209   000E2B                     B0D5            equ	3627	;# 
   210   000E2C                     B0D6            equ	3628	;# 
   211   000E2D                     B0D7            equ	3629	;# 
   212   000E2E                     CANSTAT_RO9     equ	3630	;# 
   213   000E2F                     CANCON_RO9      equ	3631	;# 
   214   000E30                     B1CON           equ	3632	;# 
   215   000E31                     B1SIDH          equ	3633	;# 
   216   000E32                     B1SIDL          equ	3634	;# 
   217   000E33                     B1EIDH          equ	3635	;# 
   218   000E34                     B1EIDL          equ	3636	;# 
   219   000E35                     B1DLC           equ	3637	;# 
   220   000E36                     B1D0            equ	3638	;# 
   221   000E37                     B1D1            equ	3639	;# 
   222   000E38                     B1D2            equ	3640	;# 
   223   000E39                     B1D3            equ	3641	;# 
   224   000E3A                     B1D4            equ	3642	;# 
   225   000E3B                     B1D5            equ	3643	;# 
   226   000E3C                     B1D6            equ	3644	;# 
   227   000E3D                     B1D7            equ	3645	;# 
   228   000E3E                     CANSTAT_RO8     equ	3646	;# 
   229   000E3F                     CANCON_RO8      equ	3647	;# 
   230   000E40                     B2CON           equ	3648	;# 
   231   000E41                     B2SIDH          equ	3649	;# 
   232   000E42                     B2SIDL          equ	3650	;# 
   233   000E43                     B2EIDH          equ	3651	;# 
   234   000E44                     B2EIDL          equ	3652	;# 
   235   000E45                     B2DLC           equ	3653	;# 
   236   000E46                     B2D0            equ	3654	;# 
   237   000E47                     B2D1            equ	3655	;# 
   238   000E48                     B2D2            equ	3656	;# 
   239   000E49                     B2D3            equ	3657	;# 
   240   000E4A                     B2D4            equ	3658	;# 
   241   000E4B                     B2D5            equ	3659	;# 
   242   000E4C                     B2D6            equ	3660	;# 
   243   000E4D                     B2D7            equ	3661	;# 
   244   000E4E                     CANSTAT_RO7     equ	3662	;# 
   245   000E4F                     CANCON_RO7      equ	3663	;# 
   246   000E50                     B3CON           equ	3664	;# 
   247   000E51                     B3SIDH          equ	3665	;# 
   248   000E52                     B3SIDL          equ	3666	;# 
   249   000E53                     B3EIDH          equ	3667	;# 
   250   000E54                     B3EIDL          equ	3668	;# 
   251   000E55                     B3DLC           equ	3669	;# 
   252   000E56                     B3D0            equ	3670	;# 
   253   000E57                     B3D1            equ	3671	;# 
   254   000E58                     B3D2            equ	3672	;# 
   255   000E59                     B3D3            equ	3673	;# 
   256   000E5A                     B3D4            equ	3674	;# 
   257   000E5B                     B3D5            equ	3675	;# 
   258   000E5C                     B3D6            equ	3676	;# 
   259   000E5D                     B3D7            equ	3677	;# 
   260   000E5E                     CANSTAT_RO6     equ	3678	;# 
   261   000E5F                     CANCON_RO6      equ	3679	;# 
   262   000E60                     B4CON           equ	3680	;# 
   263   000E61                     B4SIDH          equ	3681	;# 
   264   000E62                     B4SIDL          equ	3682	;# 
   265   000E63                     B4EIDH          equ	3683	;# 
   266   000E64                     B4EIDL          equ	3684	;# 
   267   000E65                     B4DLC           equ	3685	;# 
   268   000E66                     B4D0            equ	3686	;# 
   269   000E67                     B4D1            equ	3687	;# 
   270   000E68                     B4D2            equ	3688	;# 
   271   000E69                     B4D3            equ	3689	;# 
   272   000E6A                     B4D4            equ	3690	;# 
   273   000E6B                     B4D5            equ	3691	;# 
   274   000E6C                     B4D6            equ	3692	;# 
   275   000E6D                     B4D7            equ	3693	;# 
   276   000E6E                     CANSTAT_RO5     equ	3694	;# 
   277   000E6F                     CANCON_RO5      equ	3695	;# 
   278   000E70                     B5CON           equ	3696	;# 
   279   000E71                     B5SIDH          equ	3697	;# 
   280   000E72                     B5SIDL          equ	3698	;# 
   281   000E73                     B5EIDH          equ	3699	;# 
   282   000E74                     B5EIDL          equ	3700	;# 
   283   000E75                     B5DLC           equ	3701	;# 
   284   000E76                     B5D0            equ	3702	;# 
   285   000E77                     B5D1            equ	3703	;# 
   286   000E78                     B5D2            equ	3704	;# 
   287   000E79                     B5D3            equ	3705	;# 
   288   000E7A                     B5D4            equ	3706	;# 
   289   000E7B                     B5D5            equ	3707	;# 
   290   000E7C                     B5D6            equ	3708	;# 
   291   000E7D                     B5D7            equ	3709	;# 
   292   000E7E                     CANSTAT_RO4     equ	3710	;# 
   293   000E7F                     CANCON_RO4      equ	3711	;# 
   294   000F00                     RXF0SIDH        equ	3840	;# 
   295   000F01                     RXF0SIDL        equ	3841	;# 
   296   000F02                     RXF0EIDH        equ	3842	;# 
   297   000F03                     RXF0EIDL        equ	3843	;# 
   298   000F04                     RXF1SIDH        equ	3844	;# 
   299   000F05                     RXF1SIDL        equ	3845	;# 
   300   000F06                     RXF1EIDH        equ	3846	;# 
   301   000F07                     RXF1EIDL        equ	3847	;# 
   302   000F08                     RXF2SIDH        equ	3848	;# 
   303   000F09                     RXF2SIDL        equ	3849	;# 
   304   000F0A                     RXF2EIDH        equ	3850	;# 
   305   000F0B                     RXF2EIDL        equ	3851	;# 
   306   000F0C                     RXF3SIDH        equ	3852	;# 
   307   000F0D                     RXF3SIDL        equ	3853	;# 
   308   000F0E                     RXF3EIDH        equ	3854	;# 
   309   000F0F                     RXF3EIDL        equ	3855	;# 
   310   000F10                     RXF4SIDH        equ	3856	;# 
   311   000F11                     RXF4SIDL        equ	3857	;# 
   312   000F12                     RXF4EIDH        equ	3858	;# 
   313   000F13                     RXF4EIDL        equ	3859	;# 
   314   000F14                     RXF5SIDH        equ	3860	;# 
   315   000F15                     RXF5SIDL        equ	3861	;# 
   316   000F16                     RXF5EIDH        equ	3862	;# 
   317   000F17                     RXF5EIDL        equ	3863	;# 
   318   000F18                     RXM0SIDH        equ	3864	;# 
   319   000F19                     RXM0SIDL        equ	3865	;# 
   320   000F1A                     RXM0EIDH        equ	3866	;# 
   321   000F1B                     RXM0EIDL        equ	3867	;# 
   322   000F1C                     RXM1SIDH        equ	3868	;# 
   323   000F1D                     RXM1SIDL        equ	3869	;# 
   324   000F1E                     RXM1EIDH        equ	3870	;# 
   325   000F1F                     RXM1EIDL        equ	3871	;# 
   326   000F20                     TXB2CON         equ	3872	;# 
   327   000F21                     TXB2SIDH        equ	3873	;# 
   328   000F22                     TXB2SIDL        equ	3874	;# 
   329   000F23                     TXB2EIDH        equ	3875	;# 
   330   000F24                     TXB2EIDL        equ	3876	;# 
   331   000F25                     TXB2DLC         equ	3877	;# 
   332   000F26                     TXB2D0          equ	3878	;# 
   333   000F27                     TXB2D1          equ	3879	;# 
   334   000F28                     TXB2D2          equ	3880	;# 
   335   000F29                     TXB2D3          equ	3881	;# 
   336   000F2A                     TXB2D4          equ	3882	;# 
   337   000F2B                     TXB2D5          equ	3883	;# 
   338   000F2C                     TXB2D6          equ	3884	;# 
   339   000F2D                     TXB2D7          equ	3885	;# 
   340   000F2E                     CANSTAT_RO3     equ	3886	;# 
   341   000F2F                     CANCON_RO3      equ	3887	;# 
   342   000F30                     TXB1CON         equ	3888	;# 
   343   000F31                     TXB1SIDH        equ	3889	;# 
   344   000F32                     TXB1SIDL        equ	3890	;# 
   345   000F33                     TXB1EIDH        equ	3891	;# 
   346   000F34                     TXB1EIDL        equ	3892	;# 
   347   000F35                     TXB1DLC         equ	3893	;# 
   348   000F36                     TXB1D0          equ	3894	;# 
   349   000F37                     TXB1D1          equ	3895	;# 
   350   000F38                     TXB1D2          equ	3896	;# 
   351   000F39                     TXB1D3          equ	3897	;# 
   352   000F3A                     TXB1D4          equ	3898	;# 
   353   000F3B                     TXB1D5          equ	3899	;# 
   354   000F3C                     TXB1D6          equ	3900	;# 
   355   000F3D                     TXB1D7          equ	3901	;# 
   356   000F3E                     CANSTAT_RO2     equ	3902	;# 
   357   000F3F                     CANCON_RO2      equ	3903	;# 
   358   000F40                     TXB0CON         equ	3904	;# 
   359   000F41                     TXB0SIDH        equ	3905	;# 
   360   000F42                     TXB0SIDL        equ	3906	;# 
   361   000F43                     TXB0EIDH        equ	3907	;# 
   362   000F44                     TXB0EIDL        equ	3908	;# 
   363   000F45                     TXB0DLC         equ	3909	;# 
   364   000F46                     TXB0D0          equ	3910	;# 
   365   000F47                     TXB0D1          equ	3911	;# 
   366   000F48                     TXB0D2          equ	3912	;# 
   367   000F49                     TXB0D3          equ	3913	;# 
   368   000F4A                     TXB0D4          equ	3914	;# 
   369   000F4B                     TXB0D5          equ	3915	;# 
   370   000F4C                     TXB0D6          equ	3916	;# 
   371   000F4D                     TXB0D7          equ	3917	;# 
   372   000F4E                     CANSTAT_RO1     equ	3918	;# 
   373   000F4F                     CANCON_RO1      equ	3919	;# 
   374   000F50                     RXB1CON         equ	3920	;# 
   375   000F51                     RXB1SIDH        equ	3921	;# 
   376   000F52                     RXB1SIDL        equ	3922	;# 
   377   000F53                     RXB1EIDH        equ	3923	;# 
   378   000F54                     RXB1EIDL        equ	3924	;# 
   379   000F55                     RXB1DLC         equ	3925	;# 
   380   000F56                     RXB1D0          equ	3926	;# 
   381   000F57                     RXB1D1          equ	3927	;# 
   382   000F58                     RXB1D2          equ	3928	;# 
   383   000F59                     RXB1D3          equ	3929	;# 
   384   000F5A                     RXB1D4          equ	3930	;# 
   385   000F5B                     RXB1D5          equ	3931	;# 
   386   000F5C                     RXB1D6          equ	3932	;# 
   387   000F5D                     RXB1D7          equ	3933	;# 
   388   000F5E                     CANSTAT_RO0     equ	3934	;# 
   389   000F5F                     CANCON_RO0      equ	3935	;# 
   390   000F60                     RXB0CON         equ	3936	;# 
   391   000F61                     RXB0SIDH        equ	3937	;# 
   392   000F62                     RXB0SIDL        equ	3938	;# 
   393   000F63                     RXB0EIDH        equ	3939	;# 
   394   000F64                     RXB0EIDL        equ	3940	;# 
   395   000F65                     RXB0DLC         equ	3941	;# 
   396   000F66                     RXB0D0          equ	3942	;# 
   397   000F67                     RXB0D1          equ	3943	;# 
   398   000F68                     RXB0D2          equ	3944	;# 
   399   000F69                     RXB0D3          equ	3945	;# 
   400   000F6A                     RXB0D4          equ	3946	;# 
   401   000F6B                     RXB0D5          equ	3947	;# 
   402   000F6C                     RXB0D6          equ	3948	;# 
   403   000F6D                     RXB0D7          equ	3949	;# 
   404   000F6E                     CANSTAT         equ	3950	;# 
   405   000F6F                     CANCON          equ	3951	;# 
   406   000F70                     BRGCON1         equ	3952	;# 
   407   000F71                     BRGCON2         equ	3953	;# 
   408   000F72                     BRGCON3         equ	3954	;# 
   409   000F73                     CIOCON          equ	3955	;# 
   410   000F74                     COMSTAT         equ	3956	;# 
   411   000F75                     RXERRCNT        equ	3957	;# 
   412   000F76                     TXERRCNT        equ	3958	;# 
   413   000F77                     ECANCON         equ	3959	;# 
   414   000F80                     PORTA           equ	3968	;# 
   415   000F81                     PORTB           equ	3969	;# 
   416   000F82                     PORTC           equ	3970	;# 
   417   000F83                     PORTD           equ	3971	;# 
   418   000F84                     PORTE           equ	3972	;# 
   419   000F89                     LATA            equ	3977	;# 
   420   000F8A                     LATB            equ	3978	;# 
   421   000F8B                     LATC            equ	3979	;# 
   422   000F8C                     LATD            equ	3980	;# 
   423   000F8D                     LATE            equ	3981	;# 
   424   000F92                     TRISA           equ	3986	;# 
   425   000F92                     DDRA            equ	3986	;# 
   426   000F93                     TRISB           equ	3987	;# 
   427   000F93                     DDRB            equ	3987	;# 
   428   000F94                     TRISC           equ	3988	;# 
   429   000F94                     DDRC            equ	3988	;# 
   430   000F95                     TRISD           equ	3989	;# 
   431   000F95                     DDRD            equ	3989	;# 
   432   000F96                     TRISE           equ	3990	;# 
   433   000F96                     DDRE            equ	3990	;# 
   434   000F9B                     OSCTUNE         equ	3995	;# 
   435   000F9D                     PIE1            equ	3997	;# 
   436   000F9E                     PIR1            equ	3998	;# 
   437   000F9F                     IPR1            equ	3999	;# 
   438   000FA0                     PIE2            equ	4000	;# 
   439   000FA1                     PIR2            equ	4001	;# 
   440   000FA2                     IPR2            equ	4002	;# 
   441   000FA3                     PIE3            equ	4003	;# 
   442   000FA4                     PIR3            equ	4004	;# 
   443   000FA5                     IPR3            equ	4005	;# 
   444   000FA6                     EECON1          equ	4006	;# 
   445   000FA7                     EECON2          equ	4007	;# 
   446   000FA8                     EEDATA          equ	4008	;# 
   447   000FA9                     EEADR           equ	4009	;# 
   448   000FAB                     RCSTA           equ	4011	;# 
   449   000FAB                     RCSTA1          equ	4011	;# 
   450   000FAC                     TXSTA           equ	4012	;# 
   451   000FAC                     TXSTA1          equ	4012	;# 
   452   000FAD                     TXREG           equ	4013	;# 
   453   000FAD                     TXREG1          equ	4013	;# 
   454   000FAE                     RCREG           equ	4014	;# 
   455   000FAE                     RCREG1          equ	4014	;# 
   456   000FAF                     SPBRG           equ	4015	;# 
   457   000FAF                     SPBRG1          equ	4015	;# 
   458   000FB0                     SPBRGH          equ	4016	;# 
   459   000FB1                     T3CON           equ	4017	;# 
   460   000FB2                     TMR3            equ	4018	;# 
   461   000FB2                     TMR3L           equ	4018	;# 
   462   000FB3                     TMR3H           equ	4019	;# 
   463   000FB4                     CMCON           equ	4020	;# 
   464   000FB5                     CVRCON          equ	4021	;# 
   465   000FB6                     ECCP1AS         equ	4022	;# 
   466   000FB7                     ECCP1DEL        equ	4023	;# 
   467   000FB8                     BAUDCON         equ	4024	;# 
   468   000FB8                     BAUDCTL         equ	4024	;# 
   469   000FBA                     ECCP1CON        equ	4026	;# 
   470   000FBB                     ECCPR1          equ	4027	;# 
   471   000FBB                     ECCPR1L         equ	4027	;# 
   472   000FBC                     ECCPR1H         equ	4028	;# 
   473   000FBD                     CCP1CON         equ	4029	;# 
   474   000FBE                     CCPR1           equ	4030	;# 
   475   000FBE                     CCPR1L          equ	4030	;# 
   476   000FBF                     CCPR1H          equ	4031	;# 
   477   000FC0                     ADCON2          equ	4032	;# 
   478   000FC1                     ADCON1          equ	4033	;# 
   479   000FC2                     ADCON0          equ	4034	;# 
   480   000FC3                     ADRES           equ	4035	;# 
   481   000FC3                     ADRESL          equ	4035	;# 
   482   000FC4                     ADRESH          equ	4036	;# 
   483   000FC5                     SSPCON2         equ	4037	;# 
   484   000FC6                     SSPCON1         equ	4038	;# 
   485   000FC7                     SSPSTAT         equ	4039	;# 
   486   000FC8                     SSPADD          equ	4040	;# 
   487   000FC9                     SSPBUF          equ	4041	;# 
   488   000FCA                     T2CON           equ	4042	;# 
   489   000FCB                     PR2             equ	4043	;# 
   490   000FCB                     MEMCON          equ	4043	;# 
   491   000FCC                     TMR2            equ	4044	;# 
   492   000FCD                     T1CON           equ	4045	;# 
   493   000FCE                     TMR1            equ	4046	;# 
   494   000FCE                     TMR1L           equ	4046	;# 
   495   000FCF                     TMR1H           equ	4047	;# 
   496   000FD0                     RCON            equ	4048	;# 
   497   000FD1                     WDTCON          equ	4049	;# 
   498   000FD2                     HLVDCON         equ	4050	;# 
   499   000FD2                     LVDCON          equ	4050	;# 
   500   000FD3                     OSCCON          equ	4051	;# 
   501   000FD5                     T0CON           equ	4053	;# 
   502   000FD6                     TMR0            equ	4054	;# 
   503   000FD6                     TMR0L           equ	4054	;# 
   504   000FD7                     TMR0H           equ	4055	;# 
   505   000FD8                     STATUS          equ	4056	;# 
   506   000FD9                     FSR2            equ	4057	;# 
   507   000FD9                     FSR2L           equ	4057	;# 
   508   000FDA                     FSR2H           equ	4058	;# 
   509   000FDB                     PLUSW2          equ	4059	;# 
   510   000FDC                     PREINC2         equ	4060	;# 
   511   000FDD                     POSTDEC2        equ	4061	;# 
   512   000FDE                     POSTINC2        equ	4062	;# 
   513   000FDF                     INDF2           equ	4063	;# 
   514   000FE0                     BSR             equ	4064	;# 
   515   000FE1                     FSR1            equ	4065	;# 
   516   000FE1                     FSR1L           equ	4065	;# 
   517   000FE2                     FSR1H           equ	4066	;# 
   518   000FE3                     PLUSW1          equ	4067	;# 
   519   000FE4                     PREINC1         equ	4068	;# 
   520   000FE5                     POSTDEC1        equ	4069	;# 
   521   000FE6                     POSTINC1        equ	4070	;# 
   522   000FE7                     INDF1           equ	4071	;# 
   523   000FE8                     WREG            equ	4072	;# 
   524   000FE9                     FSR0            equ	4073	;# 
   525   000FE9                     FSR0L           equ	4073	;# 
   526   000FEA                     FSR0H           equ	4074	;# 
   527   000FEB                     PLUSW0          equ	4075	;# 
   528   000FEC                     PREINC0         equ	4076	;# 
   529   000FED                     POSTDEC0        equ	4077	;# 
   530   000FEE                     POSTINC0        equ	4078	;# 
   531   000FEF                     INDF0           equ	4079	;# 
   532   000FF0                     INTCON3         equ	4080	;# 
   533   000FF1                     INTCON2         equ	4081	;# 
   534   000FF2                     INTCON          equ	4082	;# 
   535   000FF3                     PROD            equ	4083	;# 
   536   000FF3                     PRODL           equ	4083	;# 
   537   000FF4                     PRODH           equ	4084	;# 
   538   000FF5                     TABLAT          equ	4085	;# 
   539   000FF6                     TBLPTR          equ	4086	;# 
   540   000FF6                     TBLPTRL         equ	4086	;# 
   541   000FF7                     TBLPTRH         equ	4087	;# 
   542   000FF8                     TBLPTRU         equ	4088	;# 
   543   000FF9                     PCLAT           equ	4089	;# 
   544   000FF9                     PC              equ	4089	;# 
   545   000FF9                     PCL             equ	4089	;# 
   546   000FFA                     PCLATH          equ	4090	;# 
   547   000FFB                     PCLATU          equ	4091	;# 
   548   000FFC                     STKPTR          equ	4092	;# 
   549   000FFD                     TOS             equ	4093	;# 
   550   000FFD                     TOSL            equ	4093	;# 
   551   000FFE                     TOSH            equ	4094	;# 
   552   000FFF                     TOSU            equ	4095	;# 
   553   000D60                     RXF6SIDH        equ	3424	;# 
   554   000D61                     RXF6SIDL        equ	3425	;# 
   555   000D62                     RXF6EIDH        equ	3426	;# 
   556   000D63                     RXF6EIDL        equ	3427	;# 
   557   000D64                     RXF7SIDH        equ	3428	;# 
   558   000D65                     RXF7SIDL        equ	3429	;# 
   559   000D66                     RXF7EIDH        equ	3430	;# 
   560   000D67                     RXF7EIDL        equ	3431	;# 
   561   000D68                     RXF8SIDH        equ	3432	;# 
   562   000D69                     RXF8SIDL        equ	3433	;# 
   563   000D6A                     RXF8EIDH        equ	3434	;# 
   564   000D6B                     RXF8EIDL        equ	3435	;# 
   565   000D70                     RXF9SIDH        equ	3440	;# 
   566   000D71                     RXF9SIDL        equ	3441	;# 
   567   000D72                     RXF9EIDH        equ	3442	;# 
   568   000D73                     RXF9EIDL        equ	3443	;# 
   569   000D74                     RXF10SIDH       equ	3444	;# 
   570   000D75                     RXF10SIDL       equ	3445	;# 
   571   000D76                     RXF10EIDH       equ	3446	;# 
   572   000D77                     RXF10EIDL       equ	3447	;# 
   573   000D78                     RXF11SIDH       equ	3448	;# 
   574   000D79                     RXF11SIDL       equ	3449	;# 
   575   000D7A                     RXF11EIDH       equ	3450	;# 
   576   000D7B                     RXF11EIDL       equ	3451	;# 
   577   000D80                     RXF12SIDH       equ	3456	;# 
   578   000D81                     RXF12SIDL       equ	3457	;# 
   579   000D82                     RXF12EIDH       equ	3458	;# 
   580   000D83                     RXF12EIDL       equ	3459	;# 
   581   000D84                     RXF13SIDH       equ	3460	;# 
   582   000D85                     RXF13SIDL       equ	3461	;# 
   583   000D86                     RXF13EIDH       equ	3462	;# 
   584   000D87                     RXF13EIDL       equ	3463	;# 
   585   000D88                     RXF14SIDH       equ	3464	;# 
   586   000D89                     RXF14SIDL       equ	3465	;# 
   587   000D8A                     RXF14EIDH       equ	3466	;# 
   588   000D8B                     RXF14EIDL       equ	3467	;# 
   589   000D90                     RXF15SIDH       equ	3472	;# 
   590   000D91                     RXF15SIDL       equ	3473	;# 
   591   000D92                     RXF15EIDH       equ	3474	;# 
   592   000D93                     RXF15EIDL       equ	3475	;# 
   593   000DD4                     RXFCON0         equ	3540	;# 
   594   000DD5                     RXFCON1         equ	3541	;# 
   595   000DD8                     SDFLC           equ	3544	;# 
   596   000DE0                     RXFBCON0        equ	3552	;# 
   597   000DE1                     RXFBCON1        equ	3553	;# 
   598   000DE2                     RXFBCON2        equ	3554	;# 
   599   000DE3                     RXFBCON3        equ	3555	;# 
   600   000DE4                     RXFBCON4        equ	3556	;# 
   601   000DE5                     RXFBCON5        equ	3557	;# 
   602   000DE6                     RXFBCON6        equ	3558	;# 
   603   000DE7                     RXFBCON7        equ	3559	;# 
   604   000DF0                     MSEL0           equ	3568	;# 
   605   000DF1                     MSEL1           equ	3569	;# 
   606   000DF2                     MSEL2           equ	3570	;# 
   607   000DF3                     MSEL3           equ	3571	;# 
   608   000DF8                     BSEL0           equ	3576	;# 
   609   000DFA                     BIE0            equ	3578	;# 
   610   000DFC                     TXBIE           equ	3580	;# 
   611   000E20                     B0CON           equ	3616	;# 
   612   000E21                     B0SIDH          equ	3617	;# 
   613   000E22                     B0SIDL          equ	3618	;# 
   614   000E23                     B0EIDH          equ	3619	;# 
   615   000E24                     B0EIDL          equ	3620	;# 
   616   000E25                     B0DLC           equ	3621	;# 
   617   000E26                     B0D0            equ	3622	;# 
   618   000E27                     B0D1            equ	3623	;# 
   619   000E28                     B0D2            equ	3624	;# 
   620   000E29                     B0D3            equ	3625	;# 
   621   000E2A                     B0D4            equ	3626	;# 
   622   000E2B                     B0D5            equ	3627	;# 
   623   000E2C                     B0D6            equ	3628	;# 
   624   000E2D                     B0D7            equ	3629	;# 
   625   000E2E                     CANSTAT_RO9     equ	3630	;# 
   626   000E2F                     CANCON_RO9      equ	3631	;# 
   627   000E30                     B1CON           equ	3632	;# 
   628   000E31                     B1SIDH          equ	3633	;# 
   629   000E32                     B1SIDL          equ	3634	;# 
   630   000E33                     B1EIDH          equ	3635	;# 
   631   000E34                     B1EIDL          equ	3636	;# 
   632   000E35                     B1DLC           equ	3637	;# 
   633   000E36                     B1D0            equ	3638	;# 
   634   000E37                     B1D1            equ	3639	;# 
   635   000E38                     B1D2            equ	3640	;# 
   636   000E39                     B1D3            equ	3641	;# 
   637   000E3A                     B1D4            equ	3642	;# 
   638   000E3B                     B1D5            equ	3643	;# 
   639   000E3C                     B1D6            equ	3644	;# 
   640   000E3D                     B1D7            equ	3645	;# 
   641   000E3E                     CANSTAT_RO8     equ	3646	;# 
   642   000E3F                     CANCON_RO8      equ	3647	;# 
   643   000E40                     B2CON           equ	3648	;# 
   644   000E41                     B2SIDH          equ	3649	;# 
   645   000E42                     B2SIDL          equ	3650	;# 
   646   000E43                     B2EIDH          equ	3651	;# 
   647   000E44                     B2EIDL          equ	3652	;# 
   648   000E45                     B2DLC           equ	3653	;# 
   649   000E46                     B2D0            equ	3654	;# 
   650   000E47                     B2D1            equ	3655	;# 
   651   000E48                     B2D2            equ	3656	;# 
   652   000E49                     B2D3            equ	3657	;# 
   653   000E4A                     B2D4            equ	3658	;# 
   654   000E4B                     B2D5            equ	3659	;# 
   655   000E4C                     B2D6            equ	3660	;# 
   656   000E4D                     B2D7            equ	3661	;# 
   657   000E4E                     CANSTAT_RO7     equ	3662	;# 
   658   000E4F                     CANCON_RO7      equ	3663	;# 
   659   000E50                     B3CON           equ	3664	;# 
   660   000E51                     B3SIDH          equ	3665	;# 
   661   000E52                     B3SIDL          equ	3666	;# 
   662   000E53                     B3EIDH          equ	3667	;# 
   663   000E54                     B3EIDL          equ	3668	;# 
   664   000E55                     B3DLC           equ	3669	;# 
   665   000E56                     B3D0            equ	3670	;# 
   666   000E57                     B3D1            equ	3671	;# 
   667   000E58                     B3D2            equ	3672	;# 
   668   000E59                     B3D3            equ	3673	;# 
   669   000E5A                     B3D4            equ	3674	;# 
   670   000E5B                     B3D5            equ	3675	;# 
   671   000E5C                     B3D6            equ	3676	;# 
   672   000E5D                     B3D7            equ	3677	;# 
   673   000E5E                     CANSTAT_RO6     equ	3678	;# 
   674   000E5F                     CANCON_RO6      equ	3679	;# 
   675   000E60                     B4CON           equ	3680	;# 
   676   000E61                     B4SIDH          equ	3681	;# 
   677   000E62                     B4SIDL          equ	3682	;# 
   678   000E63                     B4EIDH          equ	3683	;# 
   679   000E64                     B4EIDL          equ	3684	;# 
   680   000E65                     B4DLC           equ	3685	;# 
   681   000E66                     B4D0            equ	3686	;# 
   682   000E67                     B4D1            equ	3687	;# 
   683   000E68                     B4D2            equ	3688	;# 
   684   000E69                     B4D3            equ	3689	;# 
   685   000E6A                     B4D4            equ	3690	;# 
   686   000E6B                     B4D5            equ	3691	;# 
   687   000E6C                     B4D6            equ	3692	;# 
   688   000E6D                     B4D7            equ	3693	;# 
   689   000E6E                     CANSTAT_RO5     equ	3694	;# 
   690   000E6F                     CANCON_RO5      equ	3695	;# 
   691   000E70                     B5CON           equ	3696	;# 
   692   000E71                     B5SIDH          equ	3697	;# 
   693   000E72                     B5SIDL          equ	3698	;# 
   694   000E73                     B5EIDH          equ	3699	;# 
   695   000E74                     B5EIDL          equ	3700	;# 
   696   000E75                     B5DLC           equ	3701	;# 
   697   000E76                     B5D0            equ	3702	;# 
   698   000E77                     B5D1            equ	3703	;# 
   699   000E78                     B5D2            equ	3704	;# 
   700   000E79                     B5D3            equ	3705	;# 
   701   000E7A                     B5D4            equ	3706	;# 
   702   000E7B                     B5D5            equ	3707	;# 
   703   000E7C                     B5D6            equ	3708	;# 
   704   000E7D                     B5D7            equ	3709	;# 
   705   000E7E                     CANSTAT_RO4     equ	3710	;# 
   706   000E7F                     CANCON_RO4      equ	3711	;# 
   707   000F00                     RXF0SIDH        equ	3840	;# 
   708   000F01                     RXF0SIDL        equ	3841	;# 
   709   000F02                     RXF0EIDH        equ	3842	;# 
   710   000F03                     RXF0EIDL        equ	3843	;# 
   711   000F04                     RXF1SIDH        equ	3844	;# 
   712   000F05                     RXF1SIDL        equ	3845	;# 
   713   000F06                     RXF1EIDH        equ	3846	;# 
   714   000F07                     RXF1EIDL        equ	3847	;# 
   715   000F08                     RXF2SIDH        equ	3848	;# 
   716   000F09                     RXF2SIDL        equ	3849	;# 
   717   000F0A                     RXF2EIDH        equ	3850	;# 
   718   000F0B                     RXF2EIDL        equ	3851	;# 
   719   000F0C                     RXF3SIDH        equ	3852	;# 
   720   000F0D                     RXF3SIDL        equ	3853	;# 
   721   000F0E                     RXF3EIDH        equ	3854	;# 
   722   000F0F                     RXF3EIDL        equ	3855	;# 
   723   000F10                     RXF4SIDH        equ	3856	;# 
   724   000F11                     RXF4SIDL        equ	3857	;# 
   725   000F12                     RXF4EIDH        equ	3858	;# 
   726   000F13                     RXF4EIDL        equ	3859	;# 
   727   000F14                     RXF5SIDH        equ	3860	;# 
   728   000F15                     RXF5SIDL        equ	3861	;# 
   729   000F16                     RXF5EIDH        equ	3862	;# 
   730   000F17                     RXF5EIDL        equ	3863	;# 
   731   000F18                     RXM0SIDH        equ	3864	;# 
   732   000F19                     RXM0SIDL        equ	3865	;# 
   733   000F1A                     RXM0EIDH        equ	3866	;# 
   734   000F1B                     RXM0EIDL        equ	3867	;# 
   735   000F1C                     RXM1SIDH        equ	3868	;# 
   736   000F1D                     RXM1SIDL        equ	3869	;# 
   737   000F1E                     RXM1EIDH        equ	3870	;# 
   738   000F1F                     RXM1EIDL        equ	3871	;# 
   739   000F20                     TXB2CON         equ	3872	;# 
   740   000F21                     TXB2SIDH        equ	3873	;# 
   741   000F22                     TXB2SIDL        equ	3874	;# 
   742   000F23                     TXB2EIDH        equ	3875	;# 
   743   000F24                     TXB2EIDL        equ	3876	;# 
   744   000F25                     TXB2DLC         equ	3877	;# 
   745   000F26                     TXB2D0          equ	3878	;# 
   746   000F27                     TXB2D1          equ	3879	;# 
   747   000F28                     TXB2D2          equ	3880	;# 
   748   000F29                     TXB2D3          equ	3881	;# 
   749   000F2A                     TXB2D4          equ	3882	;# 
   750   000F2B                     TXB2D5          equ	3883	;# 
   751   000F2C                     TXB2D6          equ	3884	;# 
   752   000F2D                     TXB2D7          equ	3885	;# 
   753   000F2E                     CANSTAT_RO3     equ	3886	;# 
   754   000F2F                     CANCON_RO3      equ	3887	;# 
   755   000F30                     TXB1CON         equ	3888	;# 
   756   000F31                     TXB1SIDH        equ	3889	;# 
   757   000F32                     TXB1SIDL        equ	3890	;# 
   758   000F33                     TXB1EIDH        equ	3891	;# 
   759   000F34                     TXB1EIDL        equ	3892	;# 
   760   000F35                     TXB1DLC         equ	3893	;# 
   761   000F36                     TXB1D0          equ	3894	;# 
   762   000F37                     TXB1D1          equ	3895	;# 
   763   000F38                     TXB1D2          equ	3896	;# 
   764   000F39                     TXB1D3          equ	3897	;# 
   765   000F3A                     TXB1D4          equ	3898	;# 
   766   000F3B                     TXB1D5          equ	3899	;# 
   767   000F3C                     TXB1D6          equ	3900	;# 
   768   000F3D                     TXB1D7          equ	3901	;# 
   769   000F3E                     CANSTAT_RO2     equ	3902	;# 
   770   000F3F                     CANCON_RO2      equ	3903	;# 
   771   000F40                     TXB0CON         equ	3904	;# 
   772   000F41                     TXB0SIDH        equ	3905	;# 
   773   000F42                     TXB0SIDL        equ	3906	;# 
   774   000F43                     TXB0EIDH        equ	3907	;# 
   775   000F44                     TXB0EIDL        equ	3908	;# 
   776   000F45                     TXB0DLC         equ	3909	;# 
   777   000F46                     TXB0D0          equ	3910	;# 
   778   000F47                     TXB0D1          equ	3911	;# 
   779   000F48                     TXB0D2          equ	3912	;# 
   780   000F49                     TXB0D3          equ	3913	;# 
   781   000F4A                     TXB0D4          equ	3914	;# 
   782   000F4B                     TXB0D5          equ	3915	;# 
   783   000F4C                     TXB0D6          equ	3916	;# 
   784   000F4D                     TXB0D7          equ	3917	;# 
   785   000F4E                     CANSTAT_RO1     equ	3918	;# 
   786   000F4F                     CANCON_RO1      equ	3919	;# 
   787   000F50                     RXB1CON         equ	3920	;# 
   788   000F51                     RXB1SIDH        equ	3921	;# 
   789   000F52                     RXB1SIDL        equ	3922	;# 
   790   000F53                     RXB1EIDH        equ	3923	;# 
   791   000F54                     RXB1EIDL        equ	3924	;# 
   792   000F55                     RXB1DLC         equ	3925	;# 
   793   000F56                     RXB1D0          equ	3926	;# 
   794   000F57                     RXB1D1          equ	3927	;# 
   795   000F58                     RXB1D2          equ	3928	;# 
   796   000F59                     RXB1D3          equ	3929	;# 
   797   000F5A                     RXB1D4          equ	3930	;# 
   798   000F5B                     RXB1D5          equ	3931	;# 
   799   000F5C                     RXB1D6          equ	3932	;# 
   800   000F5D                     RXB1D7          equ	3933	;# 
   801   000F5E                     CANSTAT_RO0     equ	3934	;# 
   802   000F5F                     CANCON_RO0      equ	3935	;# 
   803   000F60                     RXB0CON         equ	3936	;# 
   804   000F61                     RXB0SIDH        equ	3937	;# 
   805   000F62                     RXB0SIDL        equ	3938	;# 
   806   000F63                     RXB0EIDH        equ	3939	;# 
   807   000F64                     RXB0EIDL        equ	3940	;# 
   808   000F65                     RXB0DLC         equ	3941	;# 
   809   000F66                     RXB0D0          equ	3942	;# 
   810   000F67                     RXB0D1          equ	3943	;# 
   811   000F68                     RXB0D2          equ	3944	;# 
   812   000F69                     RXB0D3          equ	3945	;# 
   813   000F6A                     RXB0D4          equ	3946	;# 
   814   000F6B                     RXB0D5          equ	3947	;# 
   815   000F6C                     RXB0D6          equ	3948	;# 
   816   000F6D                     RXB0D7          equ	3949	;# 
   817   000F6E                     CANSTAT         equ	3950	;# 
   818   000F6F                     CANCON          equ	3951	;# 
   819   000F70                     BRGCON1         equ	3952	;# 
   820   000F71                     BRGCON2         equ	3953	;# 
   821   000F72                     BRGCON3         equ	3954	;# 
   822   000F73                     CIOCON          equ	3955	;# 
   823   000F74                     COMSTAT         equ	3956	;# 
   824   000F75                     RXERRCNT        equ	3957	;# 
   825   000F76                     TXERRCNT        equ	3958	;# 
   826   000F77                     ECANCON         equ	3959	;# 
   827   000F80                     PORTA           equ	3968	;# 
   828   000F81                     PORTB           equ	3969	;# 
   829   000F82                     PORTC           equ	3970	;# 
   830   000F83                     PORTD           equ	3971	;# 
   831   000F84                     PORTE           equ	3972	;# 
   832   000F89                     LATA            equ	3977	;# 
   833   000F8A                     LATB            equ	3978	;# 
   834   000F8B                     LATC            equ	3979	;# 
   835   000F8C                     LATD            equ	3980	;# 
   836   000F8D                     LATE            equ	3981	;# 
   837   000F92                     TRISA           equ	3986	;# 
   838   000F92                     DDRA            equ	3986	;# 
   839   000F93                     TRISB           equ	3987	;# 
   840   000F93                     DDRB            equ	3987	;# 
   841   000F94                     TRISC           equ	3988	;# 
   842   000F94                     DDRC            equ	3988	;# 
   843   000F95                     TRISD           equ	3989	;# 
   844   000F95                     DDRD            equ	3989	;# 
   845   000F96                     TRISE           equ	3990	;# 
   846   000F96                     DDRE            equ	3990	;# 
   847   000F9B                     OSCTUNE         equ	3995	;# 
   848   000F9D                     PIE1            equ	3997	;# 
   849   000F9E                     PIR1            equ	3998	;# 
   850   000F9F                     IPR1            equ	3999	;# 
   851   000FA0                     PIE2            equ	4000	;# 
   852   000FA1                     PIR2            equ	4001	;# 
   853   000FA2                     IPR2            equ	4002	;# 
   854   000FA3                     PIE3            equ	4003	;# 
   855   000FA4                     PIR3            equ	4004	;# 
   856   000FA5                     IPR3            equ	4005	;# 
   857   000FA6                     EECON1          equ	4006	;# 
   858   000FA7                     EECON2          equ	4007	;# 
   859   000FA8                     EEDATA          equ	4008	;# 
   860   000FA9                     EEADR           equ	4009	;# 
   861   000FAB                     RCSTA           equ	4011	;# 
   862   000FAB                     RCSTA1          equ	4011	;# 
   863   000FAC                     TXSTA           equ	4012	;# 
   864   000FAC                     TXSTA1          equ	4012	;# 
   865   000FAD                     TXREG           equ	4013	;# 
   866   000FAD                     TXREG1          equ	4013	;# 
   867   000FAE                     RCREG           equ	4014	;# 
   868   000FAE                     RCREG1          equ	4014	;# 
   869   000FAF                     SPBRG           equ	4015	;# 
   870   000FAF                     SPBRG1          equ	4015	;# 
   871   000FB0                     SPBRGH          equ	4016	;# 
   872   000FB1                     T3CON           equ	4017	;# 
   873   000FB2                     TMR3            equ	4018	;# 
   874   000FB2                     TMR3L           equ	4018	;# 
   875   000FB3                     TMR3H           equ	4019	;# 
   876   000FB4                     CMCON           equ	4020	;# 
   877   000FB5                     CVRCON          equ	4021	;# 
   878   000FB6                     ECCP1AS         equ	4022	;# 
   879   000FB7                     ECCP1DEL        equ	4023	;# 
   880   000FB8                     BAUDCON         equ	4024	;# 
   881   000FB8                     BAUDCTL         equ	4024	;# 
   882   000FBA                     ECCP1CON        equ	4026	;# 
   883   000FBB                     ECCPR1          equ	4027	;# 
   884   000FBB                     ECCPR1L         equ	4027	;# 
   885   000FBC                     ECCPR1H         equ	4028	;# 
   886   000FBD                     CCP1CON         equ	4029	;# 
   887   000FBE                     CCPR1           equ	4030	;# 
   888   000FBE                     CCPR1L          equ	4030	;# 
   889   000FBF                     CCPR1H          equ	4031	;# 
   890   000FC0                     ADCON2          equ	4032	;# 
   891   000FC1                     ADCON1          equ	4033	;# 
   892   000FC2                     ADCON0          equ	4034	;# 
   893   000FC3                     ADRES           equ	4035	;# 
   894   000FC3                     ADRESL          equ	4035	;# 
   895   000FC4                     ADRESH          equ	4036	;# 
   896   000FC5                     SSPCON2         equ	4037	;# 
   897   000FC6                     SSPCON1         equ	4038	;# 
   898   000FC7                     SSPSTAT         equ	4039	;# 
   899   000FC8                     SSPADD          equ	4040	;# 
   900   000FC9                     SSPBUF          equ	4041	;# 
   901   000FCA                     T2CON           equ	4042	;# 
   902   000FCB                     PR2             equ	4043	;# 
   903   000FCB                     MEMCON          equ	4043	;# 
   904   000FCC                     TMR2            equ	4044	;# 
   905   000FCD                     T1CON           equ	4045	;# 
   906   000FCE                     TMR1            equ	4046	;# 
   907   000FCE                     TMR1L           equ	4046	;# 
   908   000FCF                     TMR1H           equ	4047	;# 
   909   000FD0                     RCON            equ	4048	;# 
   910   000FD1                     WDTCON          equ	4049	;# 
   911   000FD2                     HLVDCON         equ	4050	;# 
   912   000FD2                     LVDCON          equ	4050	;# 
   913   000FD3                     OSCCON          equ	4051	;# 
   914   000FD5                     T0CON           equ	4053	;# 
   915   000FD6                     TMR0            equ	4054	;# 
   916   000FD6                     TMR0L           equ	4054	;# 
   917   000FD7                     TMR0H           equ	4055	;# 
   918   000FD8                     STATUS          equ	4056	;# 
   919   000FD9                     FSR2            equ	4057	;# 
   920   000FD9                     FSR2L           equ	4057	;# 
   921   000FDA                     FSR2H           equ	4058	;# 
   922   000FDB                     PLUSW2          equ	4059	;# 
   923   000FDC                     PREINC2         equ	4060	;# 
   924   000FDD                     POSTDEC2        equ	4061	;# 
   925   000FDE                     POSTINC2        equ	4062	;# 
   926   000FDF                     INDF2           equ	4063	;# 
   927   000FE0                     BSR             equ	4064	;# 
   928   000FE1                     FSR1            equ	4065	;# 
   929   000FE1                     FSR1L           equ	4065	;# 
   930   000FE2                     FSR1H           equ	4066	;# 
   931   000FE3                     PLUSW1          equ	4067	;# 
   932   000FE4                     PREINC1         equ	4068	;# 
   933   000FE5                     POSTDEC1        equ	4069	;# 
   934   000FE6                     POSTINC1        equ	4070	;# 
   935   000FE7                     INDF1           equ	4071	;# 
   936   000FE8                     WREG            equ	4072	;# 
   937   000FE9                     FSR0            equ	4073	;# 
   938   000FE9                     FSR0L           equ	4073	;# 
   939   000FEA                     FSR0H           equ	4074	;# 
   940   000FEB                     PLUSW0          equ	4075	;# 
   941   000FEC                     PREINC0         equ	4076	;# 
   942   000FED                     POSTDEC0        equ	4077	;# 
   943   000FEE                     POSTINC0        equ	4078	;# 
   944   000FEF                     INDF0           equ	4079	;# 
   945   000FF0                     INTCON3         equ	4080	;# 
   946   000FF1                     INTCON2         equ	4081	;# 
   947   000FF2                     INTCON          equ	4082	;# 
   948   000FF3                     PROD            equ	4083	;# 
   949   000FF3                     PRODL           equ	4083	;# 
   950   000FF4                     PRODH           equ	4084	;# 
   951   000FF5                     TABLAT          equ	4085	;# 
   952   000FF6                     TBLPTR          equ	4086	;# 
   953   000FF6                     TBLPTRL         equ	4086	;# 
   954   000FF7                     TBLPTRH         equ	4087	;# 
   955   000FF8                     TBLPTRU         equ	4088	;# 
   956   000FF9                     PCLAT           equ	4089	;# 
   957   000FF9                     PC              equ	4089	;# 
   958   000FF9                     PCL             equ	4089	;# 
   959   000FFA                     PCLATH          equ	4090	;# 
   960   000FFB                     PCLATU          equ	4091	;# 
   961   000FFC                     STKPTR          equ	4092	;# 
   962   000FFD                     TOS             equ	4093	;# 
   963   000FFD                     TOSL            equ	4093	;# 
   964   000FFE                     TOSH            equ	4094	;# 
   965   000FFF                     TOSU            equ	4095	;# 
   966   000D60                     RXF6SIDH        equ	3424	;# 
   967   000D61                     RXF6SIDL        equ	3425	;# 
   968   000D62                     RXF6EIDH        equ	3426	;# 
   969   000D63                     RXF6EIDL        equ	3427	;# 
   970   000D64                     RXF7SIDH        equ	3428	;# 
   971   000D65                     RXF7SIDL        equ	3429	;# 
   972   000D66                     RXF7EIDH        equ	3430	;# 
   973   000D67                     RXF7EIDL        equ	3431	;# 
   974   000D68                     RXF8SIDH        equ	3432	;# 
   975   000D69                     RXF8SIDL        equ	3433	;# 
   976   000D6A                     RXF8EIDH        equ	3434	;# 
   977   000D6B                     RXF8EIDL        equ	3435	;# 
   978   000D70                     RXF9SIDH        equ	3440	;# 
   979   000D71                     RXF9SIDL        equ	3441	;# 
   980   000D72                     RXF9EIDH        equ	3442	;# 
   981   000D73                     RXF9EIDL        equ	3443	;# 
   982   000D74                     RXF10SIDH       equ	3444	;# 
   983   000D75                     RXF10SIDL       equ	3445	;# 
   984   000D76                     RXF10EIDH       equ	3446	;# 
   985   000D77                     RXF10EIDL       equ	3447	;# 
   986   000D78                     RXF11SIDH       equ	3448	;# 
   987   000D79                     RXF11SIDL       equ	3449	;# 
   988   000D7A                     RXF11EIDH       equ	3450	;# 
   989   000D7B                     RXF11EIDL       equ	3451	;# 
   990   000D80                     RXF12SIDH       equ	3456	;# 
   991   000D81                     RXF12SIDL       equ	3457	;# 
   992   000D82                     RXF12EIDH       equ	3458	;# 
   993   000D83                     RXF12EIDL       equ	3459	;# 
   994   000D84                     RXF13SIDH       equ	3460	;# 
   995   000D85                     RXF13SIDL       equ	3461	;# 
   996   000D86                     RXF13EIDH       equ	3462	;# 
   997   000D87                     RXF13EIDL       equ	3463	;# 
   998   000D88                     RXF14SIDH       equ	3464	;# 
   999   000D89                     RXF14SIDL       equ	3465	;# 
  1000   000D8A                     RXF14EIDH       equ	3466	;# 
  1001   000D8B                     RXF14EIDL       equ	3467	;# 
  1002   000D90                     RXF15SIDH       equ	3472	;# 
  1003   000D91                     RXF15SIDL       equ	3473	;# 
  1004   000D92                     RXF15EIDH       equ	3474	;# 
  1005   000D93                     RXF15EIDL       equ	3475	;# 
  1006   000DD4                     RXFCON0         equ	3540	;# 
  1007   000DD5                     RXFCON1         equ	3541	;# 
  1008   000DD8                     SDFLC           equ	3544	;# 
  1009   000DE0                     RXFBCON0        equ	3552	;# 
  1010   000DE1                     RXFBCON1        equ	3553	;# 
  1011   000DE2                     RXFBCON2        equ	3554	;# 
  1012   000DE3                     RXFBCON3        equ	3555	;# 
  1013   000DE4                     RXFBCON4        equ	3556	;# 
  1014   000DE5                     RXFBCON5        equ	3557	;# 
  1015   000DE6                     RXFBCON6        equ	3558	;# 
  1016   000DE7                     RXFBCON7        equ	3559	;# 
  1017   000DF0                     MSEL0           equ	3568	;# 
  1018   000DF1                     MSEL1           equ	3569	;# 
  1019   000DF2                     MSEL2           equ	3570	;# 
  1020   000DF3                     MSEL3           equ	3571	;# 
  1021   000DF8                     BSEL0           equ	3576	;# 
  1022   000DFA                     BIE0            equ	3578	;# 
  1023   000DFC                     TXBIE           equ	3580	;# 
  1024   000E20                     B0CON           equ	3616	;# 
  1025   000E21                     B0SIDH          equ	3617	;# 
  1026   000E22                     B0SIDL          equ	3618	;# 
  1027   000E23                     B0EIDH          equ	3619	;# 
  1028   000E24                     B0EIDL          equ	3620	;# 
  1029   000E25                     B0DLC           equ	3621	;# 
  1030   000E26                     B0D0            equ	3622	;# 
  1031   000E27                     B0D1            equ	3623	;# 
  1032   000E28                     B0D2            equ	3624	;# 
  1033   000E29                     B0D3            equ	3625	;# 
  1034   000E2A                     B0D4            equ	3626	;# 
  1035   000E2B                     B0D5            equ	3627	;# 
  1036   000E2C                     B0D6            equ	3628	;# 
  1037   000E2D                     B0D7            equ	3629	;# 
  1038   000E2E                     CANSTAT_RO9     equ	3630	;# 
  1039   000E2F                     CANCON_RO9      equ	3631	;# 
  1040   000E30                     B1CON           equ	3632	;# 
  1041   000E31                     B1SIDH          equ	3633	;# 
  1042   000E32                     B1SIDL          equ	3634	;# 
  1043   000E33                     B1EIDH          equ	3635	;# 
  1044   000E34                     B1EIDL          equ	3636	;# 
  1045   000E35                     B1DLC           equ	3637	;# 
  1046   000E36                     B1D0            equ	3638	;# 
  1047   000E37                     B1D1            equ	3639	;# 
  1048   000E38                     B1D2            equ	3640	;# 
  1049   000E39                     B1D3            equ	3641	;# 
  1050   000E3A                     B1D4            equ	3642	;# 
  1051   000E3B                     B1D5            equ	3643	;# 
  1052   000E3C                     B1D6            equ	3644	;# 
  1053   000E3D                     B1D7            equ	3645	;# 
  1054   000E3E                     CANSTAT_RO8     equ	3646	;# 
  1055   000E3F                     CANCON_RO8      equ	3647	;# 
  1056   000E40                     B2CON           equ	3648	;# 
  1057   000E41                     B2SIDH          equ	3649	;# 
  1058   000E42                     B2SIDL          equ	3650	;# 
  1059   000E43                     B2EIDH          equ	3651	;# 
  1060   000E44                     B2EIDL          equ	3652	;# 
  1061   000E45                     B2DLC           equ	3653	;# 
  1062   000E46                     B2D0            equ	3654	;# 
  1063   000E47                     B2D1            equ	3655	;# 
  1064   000E48                     B2D2            equ	3656	;# 
  1065   000E49                     B2D3            equ	3657	;# 
  1066   000E4A                     B2D4            equ	3658	;# 
  1067   000E4B                     B2D5            equ	3659	;# 
  1068   000E4C                     B2D6            equ	3660	;# 
  1069   000E4D                     B2D7            equ	3661	;# 
  1070   000E4E                     CANSTAT_RO7     equ	3662	;# 
  1071   000E4F                     CANCON_RO7      equ	3663	;# 
  1072   000E50                     B3CON           equ	3664	;# 
  1073   000E51                     B3SIDH          equ	3665	;# 
  1074   000E52                     B3SIDL          equ	3666	;# 
  1075   000E53                     B3EIDH          equ	3667	;# 
  1076   000E54                     B3EIDL          equ	3668	;# 
  1077   000E55                     B3DLC           equ	3669	;# 
  1078   000E56                     B3D0            equ	3670	;# 
  1079   000E57                     B3D1            equ	3671	;# 
  1080   000E58                     B3D2            equ	3672	;# 
  1081   000E59                     B3D3            equ	3673	;# 
  1082   000E5A                     B3D4            equ	3674	;# 
  1083   000E5B                     B3D5            equ	3675	;# 
  1084   000E5C                     B3D6            equ	3676	;# 
  1085   000E5D                     B3D7            equ	3677	;# 
  1086   000E5E                     CANSTAT_RO6     equ	3678	;# 
  1087   000E5F                     CANCON_RO6      equ	3679	;# 
  1088   000E60                     B4CON           equ	3680	;# 
  1089   000E61                     B4SIDH          equ	3681	;# 
  1090   000E62                     B4SIDL          equ	3682	;# 
  1091   000E63                     B4EIDH          equ	3683	;# 
  1092   000E64                     B4EIDL          equ	3684	;# 
  1093   000E65                     B4DLC           equ	3685	;# 
  1094   000E66                     B4D0            equ	3686	;# 
  1095   000E67                     B4D1            equ	3687	;# 
  1096   000E68                     B4D2            equ	3688	;# 
  1097   000E69                     B4D3            equ	3689	;# 
  1098   000E6A                     B4D4            equ	3690	;# 
  1099   000E6B                     B4D5            equ	3691	;# 
  1100   000E6C                     B4D6            equ	3692	;# 
  1101   000E6D                     B4D7            equ	3693	;# 
  1102   000E6E                     CANSTAT_RO5     equ	3694	;# 
  1103   000E6F                     CANCON_RO5      equ	3695	;# 
  1104   000E70                     B5CON           equ	3696	;# 
  1105   000E71                     B5SIDH          equ	3697	;# 
  1106   000E72                     B5SIDL          equ	3698	;# 
  1107   000E73                     B5EIDH          equ	3699	;# 
  1108   000E74                     B5EIDL          equ	3700	;# 
  1109   000E75                     B5DLC           equ	3701	;# 
  1110   000E76                     B5D0            equ	3702	;# 
  1111   000E77                     B5D1            equ	3703	;# 
  1112   000E78                     B5D2            equ	3704	;# 
  1113   000E79                     B5D3            equ	3705	;# 
  1114   000E7A                     B5D4            equ	3706	;# 
  1115   000E7B                     B5D5            equ	3707	;# 
  1116   000E7C                     B5D6            equ	3708	;# 
  1117   000E7D                     B5D7            equ	3709	;# 
  1118   000E7E                     CANSTAT_RO4     equ	3710	;# 
  1119   000E7F                     CANCON_RO4      equ	3711	;# 
  1120   000F00                     RXF0SIDH        equ	3840	;# 
  1121   000F01                     RXF0SIDL        equ	3841	;# 
  1122   000F02                     RXF0EIDH        equ	3842	;# 
  1123   000F03                     RXF0EIDL        equ	3843	;# 
  1124   000F04                     RXF1SIDH        equ	3844	;# 
  1125   000F05                     RXF1SIDL        equ	3845	;# 
  1126   000F06                     RXF1EIDH        equ	3846	;# 
  1127   000F07                     RXF1EIDL        equ	3847	;# 
  1128   000F08                     RXF2SIDH        equ	3848	;# 
  1129   000F09                     RXF2SIDL        equ	3849	;# 
  1130   000F0A                     RXF2EIDH        equ	3850	;# 
  1131   000F0B                     RXF2EIDL        equ	3851	;# 
  1132   000F0C                     RXF3SIDH        equ	3852	;# 
  1133   000F0D                     RXF3SIDL        equ	3853	;# 
  1134   000F0E                     RXF3EIDH        equ	3854	;# 
  1135   000F0F                     RXF3EIDL        equ	3855	;# 
  1136   000F10                     RXF4SIDH        equ	3856	;# 
  1137   000F11                     RXF4SIDL        equ	3857	;# 
  1138   000F12                     RXF4EIDH        equ	3858	;# 
  1139   000F13                     RXF4EIDL        equ	3859	;# 
  1140   000F14                     RXF5SIDH        equ	3860	;# 
  1141   000F15                     RXF5SIDL        equ	3861	;# 
  1142   000F16                     RXF5EIDH        equ	3862	;# 
  1143   000F17                     RXF5EIDL        equ	3863	;# 
  1144   000F18                     RXM0SIDH        equ	3864	;# 
  1145   000F19                     RXM0SIDL        equ	3865	;# 
  1146   000F1A                     RXM0EIDH        equ	3866	;# 
  1147   000F1B                     RXM0EIDL        equ	3867	;# 
  1148   000F1C                     RXM1SIDH        equ	3868	;# 
  1149   000F1D                     RXM1SIDL        equ	3869	;# 
  1150   000F1E                     RXM1EIDH        equ	3870	;# 
  1151   000F1F                     RXM1EIDL        equ	3871	;# 
  1152   000F20                     TXB2CON         equ	3872	;# 
  1153   000F21                     TXB2SIDH        equ	3873	;# 
  1154   000F22                     TXB2SIDL        equ	3874	;# 
  1155   000F23                     TXB2EIDH        equ	3875	;# 
  1156   000F24                     TXB2EIDL        equ	3876	;# 
  1157   000F25                     TXB2DLC         equ	3877	;# 
  1158   000F26                     TXB2D0          equ	3878	;# 
  1159   000F27                     TXB2D1          equ	3879	;# 
  1160   000F28                     TXB2D2          equ	3880	;# 
  1161   000F29                     TXB2D3          equ	3881	;# 
  1162   000F2A                     TXB2D4          equ	3882	;# 
  1163   000F2B                     TXB2D5          equ	3883	;# 
  1164   000F2C                     TXB2D6          equ	3884	;# 
  1165   000F2D                     TXB2D7          equ	3885	;# 
  1166   000F2E                     CANSTAT_RO3     equ	3886	;# 
  1167   000F2F                     CANCON_RO3      equ	3887	;# 
  1168   000F30                     TXB1CON         equ	3888	;# 
  1169   000F31                     TXB1SIDH        equ	3889	;# 
  1170   000F32                     TXB1SIDL        equ	3890	;# 
  1171   000F33                     TXB1EIDH        equ	3891	;# 
  1172   000F34                     TXB1EIDL        equ	3892	;# 
  1173   000F35                     TXB1DLC         equ	3893	;# 
  1174   000F36                     TXB1D0          equ	3894	;# 
  1175   000F37                     TXB1D1          equ	3895	;# 
  1176   000F38                     TXB1D2          equ	3896	;# 
  1177   000F39                     TXB1D3          equ	3897	;# 
  1178   000F3A                     TXB1D4          equ	3898	;# 
  1179   000F3B                     TXB1D5          equ	3899	;# 
  1180   000F3C                     TXB1D6          equ	3900	;# 
  1181   000F3D                     TXB1D7          equ	3901	;# 
  1182   000F3E                     CANSTAT_RO2     equ	3902	;# 
  1183   000F3F                     CANCON_RO2      equ	3903	;# 
  1184   000F40                     TXB0CON         equ	3904	;# 
  1185   000F41                     TXB0SIDH        equ	3905	;# 
  1186   000F42                     TXB0SIDL        equ	3906	;# 
  1187   000F43                     TXB0EIDH        equ	3907	;# 
  1188   000F44                     TXB0EIDL        equ	3908	;# 
  1189   000F45                     TXB0DLC         equ	3909	;# 
  1190   000F46                     TXB0D0          equ	3910	;# 
  1191   000F47                     TXB0D1          equ	3911	;# 
  1192   000F48                     TXB0D2          equ	3912	;# 
  1193   000F49                     TXB0D3          equ	3913	;# 
  1194   000F4A                     TXB0D4          equ	3914	;# 
  1195   000F4B                     TXB0D5          equ	3915	;# 
  1196   000F4C                     TXB0D6          equ	3916	;# 
  1197   000F4D                     TXB0D7          equ	3917	;# 
  1198   000F4E                     CANSTAT_RO1     equ	3918	;# 
  1199   000F4F                     CANCON_RO1      equ	3919	;# 
  1200   000F50                     RXB1CON         equ	3920	;# 
  1201   000F51                     RXB1SIDH        equ	3921	;# 
  1202   000F52                     RXB1SIDL        equ	3922	;# 
  1203   000F53                     RXB1EIDH        equ	3923	;# 
  1204   000F54                     RXB1EIDL        equ	3924	;# 
  1205   000F55                     RXB1DLC         equ	3925	;# 
  1206   000F56                     RXB1D0          equ	3926	;# 
  1207   000F57                     RXB1D1          equ	3927	;# 
  1208   000F58                     RXB1D2          equ	3928	;# 
  1209   000F59                     RXB1D3          equ	3929	;# 
  1210   000F5A                     RXB1D4          equ	3930	;# 
  1211   000F5B                     RXB1D5          equ	3931	;# 
  1212   000F5C                     RXB1D6          equ	3932	;# 
  1213   000F5D                     RXB1D7          equ	3933	;# 
  1214   000F5E                     CANSTAT_RO0     equ	3934	;# 
  1215   000F5F                     CANCON_RO0      equ	3935	;# 
  1216   000F60                     RXB0CON         equ	3936	;# 
  1217   000F61                     RXB0SIDH        equ	3937	;# 
  1218   000F62                     RXB0SIDL        equ	3938	;# 
  1219   000F63                     RXB0EIDH        equ	3939	;# 
  1220   000F64                     RXB0EIDL        equ	3940	;# 
  1221   000F65                     RXB0DLC         equ	3941	;# 
  1222   000F66                     RXB0D0          equ	3942	;# 
  1223   000F67                     RXB0D1          equ	3943	;# 
  1224   000F68                     RXB0D2          equ	3944	;# 
  1225   000F69                     RXB0D3          equ	3945	;# 
  1226   000F6A                     RXB0D4          equ	3946	;# 
  1227   000F6B                     RXB0D5          equ	3947	;# 
  1228   000F6C                     RXB0D6          equ	3948	;# 
  1229   000F6D                     RXB0D7          equ	3949	;# 
  1230   000F6E                     CANSTAT         equ	3950	;# 
  1231   000F6F                     CANCON          equ	3951	;# 
  1232   000F70                     BRGCON1         equ	3952	;# 
  1233   000F71                     BRGCON2         equ	3953	;# 
  1234   000F72                     BRGCON3         equ	3954	;# 
  1235   000F73                     CIOCON          equ	3955	;# 
  1236   000F74                     COMSTAT         equ	3956	;# 
  1237   000F75                     RXERRCNT        equ	3957	;# 
  1238   000F76                     TXERRCNT        equ	3958	;# 
  1239   000F77                     ECANCON         equ	3959	;# 
  1240   000F80                     PORTA           equ	3968	;# 
  1241   000F81                     PORTB           equ	3969	;# 
  1242   000F82                     PORTC           equ	3970	;# 
  1243   000F83                     PORTD           equ	3971	;# 
  1244   000F84                     PORTE           equ	3972	;# 
  1245   000F89                     LATA            equ	3977	;# 
  1246   000F8A                     LATB            equ	3978	;# 
  1247   000F8B                     LATC            equ	3979	;# 
  1248   000F8C                     LATD            equ	3980	;# 
  1249   000F8D                     LATE            equ	3981	;# 
  1250   000F92                     TRISA           equ	3986	;# 
  1251   000F92                     DDRA            equ	3986	;# 
  1252   000F93                     TRISB           equ	3987	;# 
  1253   000F93                     DDRB            equ	3987	;# 
  1254   000F94                     TRISC           equ	3988	;# 
  1255   000F94                     DDRC            equ	3988	;# 
  1256   000F95                     TRISD           equ	3989	;# 
  1257   000F95                     DDRD            equ	3989	;# 
  1258   000F96                     TRISE           equ	3990	;# 
  1259   000F96                     DDRE            equ	3990	;# 
  1260   000F9B                     OSCTUNE         equ	3995	;# 
  1261   000F9D                     PIE1            equ	3997	;# 
  1262   000F9E                     PIR1            equ	3998	;# 
  1263   000F9F                     IPR1            equ	3999	;# 
  1264   000FA0                     PIE2            equ	4000	;# 
  1265   000FA1                     PIR2            equ	4001	;# 
  1266   000FA2                     IPR2            equ	4002	;# 
  1267   000FA3                     PIE3            equ	4003	;# 
  1268   000FA4                     PIR3            equ	4004	;# 
  1269   000FA5                     IPR3            equ	4005	;# 
  1270   000FA6                     EECON1          equ	4006	;# 
  1271   000FA7                     EECON2          equ	4007	;# 
  1272   000FA8                     EEDATA          equ	4008	;# 
  1273   000FA9                     EEADR           equ	4009	;# 
  1274   000FAB                     RCSTA           equ	4011	;# 
  1275   000FAB                     RCSTA1          equ	4011	;# 
  1276   000FAC                     TXSTA           equ	4012	;# 
  1277   000FAC                     TXSTA1          equ	4012	;# 
  1278   000FAD                     TXREG           equ	4013	;# 
  1279   000FAD                     TXREG1          equ	4013	;# 
  1280   000FAE                     RCREG           equ	4014	;# 
  1281   000FAE                     RCREG1          equ	4014	;# 
  1282   000FAF                     SPBRG           equ	4015	;# 
  1283   000FAF                     SPBRG1          equ	4015	;# 
  1284   000FB0                     SPBRGH          equ	4016	;# 
  1285   000FB1                     T3CON           equ	4017	;# 
  1286   000FB2                     TMR3            equ	4018	;# 
  1287   000FB2                     TMR3L           equ	4018	;# 
  1288   000FB3                     TMR3H           equ	4019	;# 
  1289   000FB4                     CMCON           equ	4020	;# 
  1290   000FB5                     CVRCON          equ	4021	;# 
  1291   000FB6                     ECCP1AS         equ	4022	;# 
  1292   000FB7                     ECCP1DEL        equ	4023	;# 
  1293   000FB8                     BAUDCON         equ	4024	;# 
  1294   000FB8                     BAUDCTL         equ	4024	;# 
  1295   000FBA                     ECCP1CON        equ	4026	;# 
  1296   000FBB                     ECCPR1          equ	4027	;# 
  1297   000FBB                     ECCPR1L         equ	4027	;# 
  1298   000FBC                     ECCPR1H         equ	4028	;# 
  1299   000FBD                     CCP1CON         equ	4029	;# 
  1300   000FBE                     CCPR1           equ	4030	;# 
  1301   000FBE                     CCPR1L          equ	4030	;# 
  1302   000FBF                     CCPR1H          equ	4031	;# 
  1303   000FC0                     ADCON2          equ	4032	;# 
  1304   000FC1                     ADCON1          equ	4033	;# 
  1305   000FC2                     ADCON0          equ	4034	;# 
  1306   000FC3                     ADRES           equ	4035	;# 
  1307   000FC3                     ADRESL          equ	4035	;# 
  1308   000FC4                     ADRESH          equ	4036	;# 
  1309   000FC5                     SSPCON2         equ	4037	;# 
  1310   000FC6                     SSPCON1         equ	4038	;# 
  1311   000FC7                     SSPSTAT         equ	4039	;# 
  1312   000FC8                     SSPADD          equ	4040	;# 
  1313   000FC9                     SSPBUF          equ	4041	;# 
  1314   000FCA                     T2CON           equ	4042	;# 
  1315   000FCB                     PR2             equ	4043	;# 
  1316   000FCB                     MEMCON          equ	4043	;# 
  1317   000FCC                     TMR2            equ	4044	;# 
  1318   000FCD                     T1CON           equ	4045	;# 
  1319   000FCE                     TMR1            equ	4046	;# 
  1320   000FCE                     TMR1L           equ	4046	;# 
  1321   000FCF                     TMR1H           equ	4047	;# 
  1322   000FD0                     RCON            equ	4048	;# 
  1323   000FD1                     WDTCON          equ	4049	;# 
  1324   000FD2                     HLVDCON         equ	4050	;# 
  1325   000FD2                     LVDCON          equ	4050	;# 
  1326   000FD3                     OSCCON          equ	4051	;# 
  1327   000FD5                     T0CON           equ	4053	;# 
  1328   000FD6                     TMR0            equ	4054	;# 
  1329   000FD6                     TMR0L           equ	4054	;# 
  1330   000FD7                     TMR0H           equ	4055	;# 
  1331   000FD8                     STATUS          equ	4056	;# 
  1332   000FD9                     FSR2            equ	4057	;# 
  1333   000FD9                     FSR2L           equ	4057	;# 
  1334   000FDA                     FSR2H           equ	4058	;# 
  1335   000FDB                     PLUSW2          equ	4059	;# 
  1336   000FDC                     PREINC2         equ	4060	;# 
  1337   000FDD                     POSTDEC2        equ	4061	;# 
  1338   000FDE                     POSTINC2        equ	4062	;# 
  1339   000FDF                     INDF2           equ	4063	;# 
  1340   000FE0                     BSR             equ	4064	;# 
  1341   000FE1                     FSR1            equ	4065	;# 
  1342   000FE1                     FSR1L           equ	4065	;# 
  1343   000FE2                     FSR1H           equ	4066	;# 
  1344   000FE3                     PLUSW1          equ	4067	;# 
  1345   000FE4                     PREINC1         equ	4068	;# 
  1346   000FE5                     POSTDEC1        equ	4069	;# 
  1347   000FE6                     POSTINC1        equ	4070	;# 
  1348   000FE7                     INDF1           equ	4071	;# 
  1349   000FE8                     WREG            equ	4072	;# 
  1350   000FE9                     FSR0            equ	4073	;# 
  1351   000FE9                     FSR0L           equ	4073	;# 
  1352   000FEA                     FSR0H           equ	4074	;# 
  1353   000FEB                     PLUSW0          equ	4075	;# 
  1354   000FEC                     PREINC0         equ	4076	;# 
  1355   000FED                     POSTDEC0        equ	4077	;# 
  1356   000FEE                     POSTINC0        equ	4078	;# 
  1357   000FEF                     INDF0           equ	4079	;# 
  1358   000FF0                     INTCON3         equ	4080	;# 
  1359   000FF1                     INTCON2         equ	4081	;# 
  1360   000FF2                     INTCON          equ	4082	;# 
  1361   000FF3                     PROD            equ	4083	;# 
  1362   000FF3                     PRODL           equ	4083	;# 
  1363   000FF4                     PRODH           equ	4084	;# 
  1364   000FF5                     TABLAT          equ	4085	;# 
  1365   000FF6                     TBLPTR          equ	4086	;# 
  1366   000FF6                     TBLPTRL         equ	4086	;# 
  1367   000FF7                     TBLPTRH         equ	4087	;# 
  1368   000FF8                     TBLPTRU         equ	4088	;# 
  1369   000FF9                     PCLAT           equ	4089	;# 
  1370   000FF9                     PC              equ	4089	;# 
  1371   000FF9                     PCL             equ	4089	;# 
  1372   000FFA                     PCLATH          equ	4090	;# 
  1373   000FFB                     PCLATU          equ	4091	;# 
  1374   000FFC                     STKPTR          equ	4092	;# 
  1375   000FFD                     TOS             equ	4093	;# 
  1376   000FFD                     TOSL            equ	4093	;# 
  1377   000FFE                     TOSH            equ	4094	;# 
  1378   000FFF                     TOSU            equ	4095	;# 
  1379   000D60                     RXF6SIDH        equ	3424	;# 
  1380   000D61                     RXF6SIDL        equ	3425	;# 
  1381   000D62                     RXF6EIDH        equ	3426	;# 
  1382   000D63                     RXF6EIDL        equ	3427	;# 
  1383   000D64                     RXF7SIDH        equ	3428	;# 
  1384   000D65                     RXF7SIDL        equ	3429	;# 
  1385   000D66                     RXF7EIDH        equ	3430	;# 
  1386   000D67                     RXF7EIDL        equ	3431	;# 
  1387   000D68                     RXF8SIDH        equ	3432	;# 
  1388   000D69                     RXF8SIDL        equ	3433	;# 
  1389   000D6A                     RXF8EIDH        equ	3434	;# 
  1390   000D6B                     RXF8EIDL        equ	3435	;# 
  1391   000D70                     RXF9SIDH        equ	3440	;# 
  1392   000D71                     RXF9SIDL        equ	3441	;# 
  1393   000D72                     RXF9EIDH        equ	3442	;# 
  1394   000D73                     RXF9EIDL        equ	3443	;# 
  1395   000D74                     RXF10SIDH       equ	3444	;# 
  1396   000D75                     RXF10SIDL       equ	3445	;# 
  1397   000D76                     RXF10EIDH       equ	3446	;# 
  1398   000D77                     RXF10EIDL       equ	3447	;# 
  1399   000D78                     RXF11SIDH       equ	3448	;# 
  1400   000D79                     RXF11SIDL       equ	3449	;# 
  1401   000D7A                     RXF11EIDH       equ	3450	;# 
  1402   000D7B                     RXF11EIDL       equ	3451	;# 
  1403   000D80                     RXF12SIDH       equ	3456	;# 
  1404   000D81                     RXF12SIDL       equ	3457	;# 
  1405   000D82                     RXF12EIDH       equ	3458	;# 
  1406   000D83                     RXF12EIDL       equ	3459	;# 
  1407   000D84                     RXF13SIDH       equ	3460	;# 
  1408   000D85                     RXF13SIDL       equ	3461	;# 
  1409   000D86                     RXF13EIDH       equ	3462	;# 
  1410   000D87                     RXF13EIDL       equ	3463	;# 
  1411   000D88                     RXF14SIDH       equ	3464	;# 
  1412   000D89                     RXF14SIDL       equ	3465	;# 
  1413   000D8A                     RXF14EIDH       equ	3466	;# 
  1414   000D8B                     RXF14EIDL       equ	3467	;# 
  1415   000D90                     RXF15SIDH       equ	3472	;# 
  1416   000D91                     RXF15SIDL       equ	3473	;# 
  1417   000D92                     RXF15EIDH       equ	3474	;# 
  1418   000D93                     RXF15EIDL       equ	3475	;# 
  1419   000DD4                     RXFCON0         equ	3540	;# 
  1420   000DD5                     RXFCON1         equ	3541	;# 
  1421   000DD8                     SDFLC           equ	3544	;# 
  1422   000DE0                     RXFBCON0        equ	3552	;# 
  1423   000DE1                     RXFBCON1        equ	3553	;# 
  1424   000DE2                     RXFBCON2        equ	3554	;# 
  1425   000DE3                     RXFBCON3        equ	3555	;# 
  1426   000DE4                     RXFBCON4        equ	3556	;# 
  1427   000DE5                     RXFBCON5        equ	3557	;# 
  1428   000DE6                     RXFBCON6        equ	3558	;# 
  1429   000DE7                     RXFBCON7        equ	3559	;# 
  1430   000DF0                     MSEL0           equ	3568	;# 
  1431   000DF1                     MSEL1           equ	3569	;# 
  1432   000DF2                     MSEL2           equ	3570	;# 
  1433   000DF3                     MSEL3           equ	3571	;# 
  1434   000DF8                     BSEL0           equ	3576	;# 
  1435   000DFA                     BIE0            equ	3578	;# 
  1436   000DFC                     TXBIE           equ	3580	;# 
  1437   000E20                     B0CON           equ	3616	;# 
  1438   000E21                     B0SIDH          equ	3617	;# 
  1439   000E22                     B0SIDL          equ	3618	;# 
  1440   000E23                     B0EIDH          equ	3619	;# 
  1441   000E24                     B0EIDL          equ	3620	;# 
  1442   000E25                     B0DLC           equ	3621	;# 
  1443   000E26                     B0D0            equ	3622	;# 
  1444   000E27                     B0D1            equ	3623	;# 
  1445   000E28                     B0D2            equ	3624	;# 
  1446   000E29                     B0D3            equ	3625	;# 
  1447   000E2A                     B0D4            equ	3626	;# 
  1448   000E2B                     B0D5            equ	3627	;# 
  1449   000E2C                     B0D6            equ	3628	;# 
  1450   000E2D                     B0D7            equ	3629	;# 
  1451   000E2E                     CANSTAT_RO9     equ	3630	;# 
  1452   000E2F                     CANCON_RO9      equ	3631	;# 
  1453   000E30                     B1CON           equ	3632	;# 
  1454   000E31                     B1SIDH          equ	3633	;# 
  1455   000E32                     B1SIDL          equ	3634	;# 
  1456   000E33                     B1EIDH          equ	3635	;# 
  1457   000E34                     B1EIDL          equ	3636	;# 
  1458   000E35                     B1DLC           equ	3637	;# 
  1459   000E36                     B1D0            equ	3638	;# 
  1460   000E37                     B1D1            equ	3639	;# 
  1461   000E38                     B1D2            equ	3640	;# 
  1462   000E39                     B1D3            equ	3641	;# 
  1463   000E3A                     B1D4            equ	3642	;# 
  1464   000E3B                     B1D5            equ	3643	;# 
  1465   000E3C                     B1D6            equ	3644	;# 
  1466   000E3D                     B1D7            equ	3645	;# 
  1467   000E3E                     CANSTAT_RO8     equ	3646	;# 
  1468   000E3F                     CANCON_RO8      equ	3647	;# 
  1469   000E40                     B2CON           equ	3648	;# 
  1470   000E41                     B2SIDH          equ	3649	;# 
  1471   000E42                     B2SIDL          equ	3650	;# 
  1472   000E43                     B2EIDH          equ	3651	;# 
  1473   000E44                     B2EIDL          equ	3652	;# 
  1474   000E45                     B2DLC           equ	3653	;# 
  1475   000E46                     B2D0            equ	3654	;# 
  1476   000E47                     B2D1            equ	3655	;# 
  1477   000E48                     B2D2            equ	3656	;# 
  1478   000E49                     B2D3            equ	3657	;# 
  1479   000E4A                     B2D4            equ	3658	;# 
  1480   000E4B                     B2D5            equ	3659	;# 
  1481   000E4C                     B2D6            equ	3660	;# 
  1482   000E4D                     B2D7            equ	3661	;# 
  1483   000E4E                     CANSTAT_RO7     equ	3662	;# 
  1484   000E4F                     CANCON_RO7      equ	3663	;# 
  1485   000E50                     B3CON           equ	3664	;# 
  1486   000E51                     B3SIDH          equ	3665	;# 
  1487   000E52                     B3SIDL          equ	3666	;# 
  1488   000E53                     B3EIDH          equ	3667	;# 
  1489   000E54                     B3EIDL          equ	3668	;# 
  1490   000E55                     B3DLC           equ	3669	;# 
  1491   000E56                     B3D0            equ	3670	;# 
  1492   000E57                     B3D1            equ	3671	;# 
  1493   000E58                     B3D2            equ	3672	;# 
  1494   000E59                     B3D3            equ	3673	;# 
  1495   000E5A                     B3D4            equ	3674	;# 
  1496   000E5B                     B3D5            equ	3675	;# 
  1497   000E5C                     B3D6            equ	3676	;# 
  1498   000E5D                     B3D7            equ	3677	;# 
  1499   000E5E                     CANSTAT_RO6     equ	3678	;# 
  1500   000E5F                     CANCON_RO6      equ	3679	;# 
  1501   000E60                     B4CON           equ	3680	;# 
  1502   000E61                     B4SIDH          equ	3681	;# 
  1503   000E62                     B4SIDL          equ	3682	;# 
  1504   000E63                     B4EIDH          equ	3683	;# 
  1505   000E64                     B4EIDL          equ	3684	;# 
  1506   000E65                     B4DLC           equ	3685	;# 
  1507   000E66                     B4D0            equ	3686	;# 
  1508   000E67                     B4D1            equ	3687	;# 
  1509   000E68                     B4D2            equ	3688	;# 
  1510   000E69                     B4D3            equ	3689	;# 
  1511   000E6A                     B4D4            equ	3690	;# 
  1512   000E6B                     B4D5            equ	3691	;# 
  1513   000E6C                     B4D6            equ	3692	;# 
  1514   000E6D                     B4D7            equ	3693	;# 
  1515   000E6E                     CANSTAT_RO5     equ	3694	;# 
  1516   000E6F                     CANCON_RO5      equ	3695	;# 
  1517   000E70                     B5CON           equ	3696	;# 
  1518   000E71                     B5SIDH          equ	3697	;# 
  1519   000E72                     B5SIDL          equ	3698	;# 
  1520   000E73                     B5EIDH          equ	3699	;# 
  1521   000E74                     B5EIDL          equ	3700	;# 
  1522   000E75                     B5DLC           equ	3701	;# 
  1523   000E76                     B5D0            equ	3702	;# 
  1524   000E77                     B5D1            equ	3703	;# 
  1525   000E78                     B5D2            equ	3704	;# 
  1526   000E79                     B5D3            equ	3705	;# 
  1527   000E7A                     B5D4            equ	3706	;# 
  1528   000E7B                     B5D5            equ	3707	;# 
  1529   000E7C                     B5D6            equ	3708	;# 
  1530   000E7D                     B5D7            equ	3709	;# 
  1531   000E7E                     CANSTAT_RO4     equ	3710	;# 
  1532   000E7F                     CANCON_RO4      equ	3711	;# 
  1533   000F00                     RXF0SIDH        equ	3840	;# 
  1534   000F01                     RXF0SIDL        equ	3841	;# 
  1535   000F02                     RXF0EIDH        equ	3842	;# 
  1536   000F03                     RXF0EIDL        equ	3843	;# 
  1537   000F04                     RXF1SIDH        equ	3844	;# 
  1538   000F05                     RXF1SIDL        equ	3845	;# 
  1539   000F06                     RXF1EIDH        equ	3846	;# 
  1540   000F07                     RXF1EIDL        equ	3847	;# 
  1541   000F08                     RXF2SIDH        equ	3848	;# 
  1542   000F09                     RXF2SIDL        equ	3849	;# 
  1543   000F0A                     RXF2EIDH        equ	3850	;# 
  1544   000F0B                     RXF2EIDL        equ	3851	;# 
  1545   000F0C                     RXF3SIDH        equ	3852	;# 
  1546   000F0D                     RXF3SIDL        equ	3853	;# 
  1547   000F0E                     RXF3EIDH        equ	3854	;# 
  1548   000F0F                     RXF3EIDL        equ	3855	;# 
  1549   000F10                     RXF4SIDH        equ	3856	;# 
  1550   000F11                     RXF4SIDL        equ	3857	;# 
  1551   000F12                     RXF4EIDH        equ	3858	;# 
  1552   000F13                     RXF4EIDL        equ	3859	;# 
  1553   000F14                     RXF5SIDH        equ	3860	;# 
  1554   000F15                     RXF5SIDL        equ	3861	;# 
  1555   000F16                     RXF5EIDH        equ	3862	;# 
  1556   000F17                     RXF5EIDL        equ	3863	;# 
  1557   000F18                     RXM0SIDH        equ	3864	;# 
  1558   000F19                     RXM0SIDL        equ	3865	;# 
  1559   000F1A                     RXM0EIDH        equ	3866	;# 
  1560   000F1B                     RXM0EIDL        equ	3867	;# 
  1561   000F1C                     RXM1SIDH        equ	3868	;# 
  1562   000F1D                     RXM1SIDL        equ	3869	;# 
  1563   000F1E                     RXM1EIDH        equ	3870	;# 
  1564   000F1F                     RXM1EIDL        equ	3871	;# 
  1565   000F20                     TXB2CON         equ	3872	;# 
  1566   000F21                     TXB2SIDH        equ	3873	;# 
  1567   000F22                     TXB2SIDL        equ	3874	;# 
  1568   000F23                     TXB2EIDH        equ	3875	;# 
  1569   000F24                     TXB2EIDL        equ	3876	;# 
  1570   000F25                     TXB2DLC         equ	3877	;# 
  1571   000F26                     TXB2D0          equ	3878	;# 
  1572   000F27                     TXB2D1          equ	3879	;# 
  1573   000F28                     TXB2D2          equ	3880	;# 
  1574   000F29                     TXB2D3          equ	3881	;# 
  1575   000F2A                     TXB2D4          equ	3882	;# 
  1576   000F2B                     TXB2D5          equ	3883	;# 
  1577   000F2C                     TXB2D6          equ	3884	;# 
  1578   000F2D                     TXB2D7          equ	3885	;# 
  1579   000F2E                     CANSTAT_RO3     equ	3886	;# 
  1580   000F2F                     CANCON_RO3      equ	3887	;# 
  1581   000F30                     TXB1CON         equ	3888	;# 
  1582   000F31                     TXB1SIDH        equ	3889	;# 
  1583   000F32                     TXB1SIDL        equ	3890	;# 
  1584   000F33                     TXB1EIDH        equ	3891	;# 
  1585   000F34                     TXB1EIDL        equ	3892	;# 
  1586   000F35                     TXB1DLC         equ	3893	;# 
  1587   000F36                     TXB1D0          equ	3894	;# 
  1588   000F37                     TXB1D1          equ	3895	;# 
  1589   000F38                     TXB1D2          equ	3896	;# 
  1590   000F39                     TXB1D3          equ	3897	;# 
  1591   000F3A                     TXB1D4          equ	3898	;# 
  1592   000F3B                     TXB1D5          equ	3899	;# 
  1593   000F3C                     TXB1D6          equ	3900	;# 
  1594   000F3D                     TXB1D7          equ	3901	;# 
  1595   000F3E                     CANSTAT_RO2     equ	3902	;# 
  1596   000F3F                     CANCON_RO2      equ	3903	;# 
  1597   000F40                     TXB0CON         equ	3904	;# 
  1598   000F41                     TXB0SIDH        equ	3905	;# 
  1599   000F42                     TXB0SIDL        equ	3906	;# 
  1600   000F43                     TXB0EIDH        equ	3907	;# 
  1601   000F44                     TXB0EIDL        equ	3908	;# 
  1602   000F45                     TXB0DLC         equ	3909	;# 
  1603   000F46                     TXB0D0          equ	3910	;# 
  1604   000F47                     TXB0D1          equ	3911	;# 
  1605   000F48                     TXB0D2          equ	3912	;# 
  1606   000F49                     TXB0D3          equ	3913	;# 
  1607   000F4A                     TXB0D4          equ	3914	;# 
  1608   000F4B                     TXB0D5          equ	3915	;# 
  1609   000F4C                     TXB0D6          equ	3916	;# 
  1610   000F4D                     TXB0D7          equ	3917	;# 
  1611   000F4E                     CANSTAT_RO1     equ	3918	;# 
  1612   000F4F                     CANCON_RO1      equ	3919	;# 
  1613   000F50                     RXB1CON         equ	3920	;# 
  1614   000F51                     RXB1SIDH        equ	3921	;# 
  1615   000F52                     RXB1SIDL        equ	3922	;# 
  1616   000F53                     RXB1EIDH        equ	3923	;# 
  1617   000F54                     RXB1EIDL        equ	3924	;# 
  1618   000F55                     RXB1DLC         equ	3925	;# 
  1619   000F56                     RXB1D0          equ	3926	;# 
  1620   000F57                     RXB1D1          equ	3927	;# 
  1621   000F58                     RXB1D2          equ	3928	;# 
  1622   000F59                     RXB1D3          equ	3929	;# 
  1623   000F5A                     RXB1D4          equ	3930	;# 
  1624   000F5B                     RXB1D5          equ	3931	;# 
  1625   000F5C                     RXB1D6          equ	3932	;# 
  1626   000F5D                     RXB1D7          equ	3933	;# 
  1627   000F5E                     CANSTAT_RO0     equ	3934	;# 
  1628   000F5F                     CANCON_RO0      equ	3935	;# 
  1629   000F60                     RXB0CON         equ	3936	;# 
  1630   000F61                     RXB0SIDH        equ	3937	;# 
  1631   000F62                     RXB0SIDL        equ	3938	;# 
  1632   000F63                     RXB0EIDH        equ	3939	;# 
  1633   000F64                     RXB0EIDL        equ	3940	;# 
  1634   000F65                     RXB0DLC         equ	3941	;# 
  1635   000F66                     RXB0D0          equ	3942	;# 
  1636   000F67                     RXB0D1          equ	3943	;# 
  1637   000F68                     RXB0D2          equ	3944	;# 
  1638   000F69                     RXB0D3          equ	3945	;# 
  1639   000F6A                     RXB0D4          equ	3946	;# 
  1640   000F6B                     RXB0D5          equ	3947	;# 
  1641   000F6C                     RXB0D6          equ	3948	;# 
  1642   000F6D                     RXB0D7          equ	3949	;# 
  1643   000F6E                     CANSTAT         equ	3950	;# 
  1644   000F6F                     CANCON          equ	3951	;# 
  1645   000F70                     BRGCON1         equ	3952	;# 
  1646   000F71                     BRGCON2         equ	3953	;# 
  1647   000F72                     BRGCON3         equ	3954	;# 
  1648   000F73                     CIOCON          equ	3955	;# 
  1649   000F74                     COMSTAT         equ	3956	;# 
  1650   000F75                     RXERRCNT        equ	3957	;# 
  1651   000F76                     TXERRCNT        equ	3958	;# 
  1652   000F77                     ECANCON         equ	3959	;# 
  1653   000F80                     PORTA           equ	3968	;# 
  1654   000F81                     PORTB           equ	3969	;# 
  1655   000F82                     PORTC           equ	3970	;# 
  1656   000F83                     PORTD           equ	3971	;# 
  1657   000F84                     PORTE           equ	3972	;# 
  1658   000F89                     LATA            equ	3977	;# 
  1659   000F8A                     LATB            equ	3978	;# 
  1660   000F8B                     LATC            equ	3979	;# 
  1661   000F8C                     LATD            equ	3980	;# 
  1662   000F8D                     LATE            equ	3981	;# 
  1663   000F92                     TRISA           equ	3986	;# 
  1664   000F92                     DDRA            equ	3986	;# 
  1665   000F93                     TRISB           equ	3987	;# 
  1666   000F93                     DDRB            equ	3987	;# 
  1667   000F94                     TRISC           equ	3988	;# 
  1668   000F94                     DDRC            equ	3988	;# 
  1669   000F95                     TRISD           equ	3989	;# 
  1670   000F95                     DDRD            equ	3989	;# 
  1671   000F96                     TRISE           equ	3990	;# 
  1672   000F96                     DDRE            equ	3990	;# 
  1673   000F9B                     OSCTUNE         equ	3995	;# 
  1674   000F9D                     PIE1            equ	3997	;# 
  1675   000F9E                     PIR1            equ	3998	;# 
  1676   000F9F                     IPR1            equ	3999	;# 
  1677   000FA0                     PIE2            equ	4000	;# 
  1678   000FA1                     PIR2            equ	4001	;# 
  1679   000FA2                     IPR2            equ	4002	;# 
  1680   000FA3                     PIE3            equ	4003	;# 
  1681   000FA4                     PIR3            equ	4004	;# 
  1682   000FA5                     IPR3            equ	4005	;# 
  1683   000FA6                     EECON1          equ	4006	;# 
  1684   000FA7                     EECON2          equ	4007	;# 
  1685   000FA8                     EEDATA          equ	4008	;# 
  1686   000FA9                     EEADR           equ	4009	;# 
  1687   000FAB                     RCSTA           equ	4011	;# 
  1688   000FAB                     RCSTA1          equ	4011	;# 
  1689   000FAC                     TXSTA           equ	4012	;# 
  1690   000FAC                     TXSTA1          equ	4012	;# 
  1691   000FAD                     TXREG           equ	4013	;# 
  1692   000FAD                     TXREG1          equ	4013	;# 
  1693   000FAE                     RCREG           equ	4014	;# 
  1694   000FAE                     RCREG1          equ	4014	;# 
  1695   000FAF                     SPBRG           equ	4015	;# 
  1696   000FAF                     SPBRG1          equ	4015	;# 
  1697   000FB0                     SPBRGH          equ	4016	;# 
  1698   000FB1                     T3CON           equ	4017	;# 
  1699   000FB2                     TMR3            equ	4018	;# 
  1700   000FB2                     TMR3L           equ	4018	;# 
  1701   000FB3                     TMR3H           equ	4019	;# 
  1702   000FB4                     CMCON           equ	4020	;# 
  1703   000FB5                     CVRCON          equ	4021	;# 
  1704   000FB6                     ECCP1AS         equ	4022	;# 
  1705   000FB7                     ECCP1DEL        equ	4023	;# 
  1706   000FB8                     BAUDCON         equ	4024	;# 
  1707   000FB8                     BAUDCTL         equ	4024	;# 
  1708   000FBA                     ECCP1CON        equ	4026	;# 
  1709   000FBB                     ECCPR1          equ	4027	;# 
  1710   000FBB                     ECCPR1L         equ	4027	;# 
  1711   000FBC                     ECCPR1H         equ	4028	;# 
  1712   000FBD                     CCP1CON         equ	4029	;# 
  1713   000FBE                     CCPR1           equ	4030	;# 
  1714   000FBE                     CCPR1L          equ	4030	;# 
  1715   000FBF                     CCPR1H          equ	4031	;# 
  1716   000FC0                     ADCON2          equ	4032	;# 
  1717   000FC1                     ADCON1          equ	4033	;# 
  1718   000FC2                     ADCON0          equ	4034	;# 
  1719   000FC3                     ADRES           equ	4035	;# 
  1720   000FC3                     ADRESL          equ	4035	;# 
  1721   000FC4                     ADRESH          equ	4036	;# 
  1722   000FC5                     SSPCON2         equ	4037	;# 
  1723   000FC6                     SSPCON1         equ	4038	;# 
  1724   000FC7                     SSPSTAT         equ	4039	;# 
  1725   000FC8                     SSPADD          equ	4040	;# 
  1726   000FC9                     SSPBUF          equ	4041	;# 
  1727   000FCA                     T2CON           equ	4042	;# 
  1728   000FCB                     PR2             equ	4043	;# 
  1729   000FCB                     MEMCON          equ	4043	;# 
  1730   000FCC                     TMR2            equ	4044	;# 
  1731   000FCD                     T1CON           equ	4045	;# 
  1732   000FCE                     TMR1            equ	4046	;# 
  1733   000FCE                     TMR1L           equ	4046	;# 
  1734   000FCF                     TMR1H           equ	4047	;# 
  1735   000FD0                     RCON            equ	4048	;# 
  1736   000FD1                     WDTCON          equ	4049	;# 
  1737   000FD2                     HLVDCON         equ	4050	;# 
  1738   000FD2                     LVDCON          equ	4050	;# 
  1739   000FD3                     OSCCON          equ	4051	;# 
  1740   000FD5                     T0CON           equ	4053	;# 
  1741   000FD6                     TMR0            equ	4054	;# 
  1742   000FD6                     TMR0L           equ	4054	;# 
  1743   000FD7                     TMR0H           equ	4055	;# 
  1744   000FD8                     STATUS          equ	4056	;# 
  1745   000FD9                     FSR2            equ	4057	;# 
  1746   000FD9                     FSR2L           equ	4057	;# 
  1747   000FDA                     FSR2H           equ	4058	;# 
  1748   000FDB                     PLUSW2          equ	4059	;# 
  1749   000FDC                     PREINC2         equ	4060	;# 
  1750   000FDD                     POSTDEC2        equ	4061	;# 
  1751   000FDE                     POSTINC2        equ	4062	;# 
  1752   000FDF                     INDF2           equ	4063	;# 
  1753   000FE0                     BSR             equ	4064	;# 
  1754   000FE1                     FSR1            equ	4065	;# 
  1755   000FE1                     FSR1L           equ	4065	;# 
  1756   000FE2                     FSR1H           equ	4066	;# 
  1757   000FE3                     PLUSW1          equ	4067	;# 
  1758   000FE4                     PREINC1         equ	4068	;# 
  1759   000FE5                     POSTDEC1        equ	4069	;# 
  1760   000FE6                     POSTINC1        equ	4070	;# 
  1761   000FE7                     INDF1           equ	4071	;# 
  1762   000FE8                     WREG            equ	4072	;# 
  1763   000FE9                     FSR0            equ	4073	;# 
  1764   000FE9                     FSR0L           equ	4073	;# 
  1765   000FEA                     FSR0H           equ	4074	;# 
  1766   000FEB                     PLUSW0          equ	4075	;# 
  1767   000FEC                     PREINC0         equ	4076	;# 
  1768   000FED                     POSTDEC0        equ	4077	;# 
  1769   000FEE                     POSTINC0        equ	4078	;# 
  1770   000FEF                     INDF0           equ	4079	;# 
  1771   000FF0                     INTCON3         equ	4080	;# 
  1772   000FF1                     INTCON2         equ	4081	;# 
  1773   000FF2                     INTCON          equ	4082	;# 
  1774   000FF3                     PROD            equ	4083	;# 
  1775   000FF3                     PRODL           equ	4083	;# 
  1776   000FF4                     PRODH           equ	4084	;# 
  1777   000FF5                     TABLAT          equ	4085	;# 
  1778   000FF6                     TBLPTR          equ	4086	;# 
  1779   000FF6                     TBLPTRL         equ	4086	;# 
  1780   000FF7                     TBLPTRH         equ	4087	;# 
  1781   000FF8                     TBLPTRU         equ	4088	;# 
  1782   000FF9                     PCLAT           equ	4089	;# 
  1783   000FF9                     PC              equ	4089	;# 
  1784   000FF9                     PCL             equ	4089	;# 
  1785   000FFA                     PCLATH          equ	4090	;# 
  1786   000FFB                     PCLATU          equ	4091	;# 
  1787   000FFC                     STKPTR          equ	4092	;# 
  1788   000FFD                     TOS             equ	4093	;# 
  1789   000FFD                     TOSL            equ	4093	;# 
  1790   000FFE                     TOSH            equ	4094	;# 
  1791   000FFF                     TOSU            equ	4095	;# 
  1792   000D60                     RXF6SIDH        equ	3424	;# 
  1793   000D61                     RXF6SIDL        equ	3425	;# 
  1794   000D62                     RXF6EIDH        equ	3426	;# 
  1795   000D63                     RXF6EIDL        equ	3427	;# 
  1796   000D64                     RXF7SIDH        equ	3428	;# 
  1797   000D65                     RXF7SIDL        equ	3429	;# 
  1798   000D66                     RXF7EIDH        equ	3430	;# 
  1799   000D67                     RXF7EIDL        equ	3431	;# 
  1800   000D68                     RXF8SIDH        equ	3432	;# 
  1801   000D69                     RXF8SIDL        equ	3433	;# 
  1802   000D6A                     RXF8EIDH        equ	3434	;# 
  1803   000D6B                     RXF8EIDL        equ	3435	;# 
  1804   000D70                     RXF9SIDH        equ	3440	;# 
  1805   000D71                     RXF9SIDL        equ	3441	;# 
  1806   000D72                     RXF9EIDH        equ	3442	;# 
  1807   000D73                     RXF9EIDL        equ	3443	;# 
  1808   000D74                     RXF10SIDH       equ	3444	;# 
  1809   000D75                     RXF10SIDL       equ	3445	;# 
  1810   000D76                     RXF10EIDH       equ	3446	;# 
  1811   000D77                     RXF10EIDL       equ	3447	;# 
  1812   000D78                     RXF11SIDH       equ	3448	;# 
  1813   000D79                     RXF11SIDL       equ	3449	;# 
  1814   000D7A                     RXF11EIDH       equ	3450	;# 
  1815   000D7B                     RXF11EIDL       equ	3451	;# 
  1816   000D80                     RXF12SIDH       equ	3456	;# 
  1817   000D81                     RXF12SIDL       equ	3457	;# 
  1818   000D82                     RXF12EIDH       equ	3458	;# 
  1819   000D83                     RXF12EIDL       equ	3459	;# 
  1820   000D84                     RXF13SIDH       equ	3460	;# 
  1821   000D85                     RXF13SIDL       equ	3461	;# 
  1822   000D86                     RXF13EIDH       equ	3462	;# 
  1823   000D87                     RXF13EIDL       equ	3463	;# 
  1824   000D88                     RXF14SIDH       equ	3464	;# 
  1825   000D89                     RXF14SIDL       equ	3465	;# 
  1826   000D8A                     RXF14EIDH       equ	3466	;# 
  1827   000D8B                     RXF14EIDL       equ	3467	;# 
  1828   000D90                     RXF15SIDH       equ	3472	;# 
  1829   000D91                     RXF15SIDL       equ	3473	;# 
  1830   000D92                     RXF15EIDH       equ	3474	;# 
  1831   000D93                     RXF15EIDL       equ	3475	;# 
  1832   000DD4                     RXFCON0         equ	3540	;# 
  1833   000DD5                     RXFCON1         equ	3541	;# 
  1834   000DD8                     SDFLC           equ	3544	;# 
  1835   000DE0                     RXFBCON0        equ	3552	;# 
  1836   000DE1                     RXFBCON1        equ	3553	;# 
  1837   000DE2                     RXFBCON2        equ	3554	;# 
  1838   000DE3                     RXFBCON3        equ	3555	;# 
  1839   000DE4                     RXFBCON4        equ	3556	;# 
  1840   000DE5                     RXFBCON5        equ	3557	;# 
  1841   000DE6                     RXFBCON6        equ	3558	;# 
  1842   000DE7                     RXFBCON7        equ	3559	;# 
  1843   000DF0                     MSEL0           equ	3568	;# 
  1844   000DF1                     MSEL1           equ	3569	;# 
  1845   000DF2                     MSEL2           equ	3570	;# 
  1846   000DF3                     MSEL3           equ	3571	;# 
  1847   000DF8                     BSEL0           equ	3576	;# 
  1848   000DFA                     BIE0            equ	3578	;# 
  1849   000DFC                     TXBIE           equ	3580	;# 
  1850   000E20                     B0CON           equ	3616	;# 
  1851   000E21                     B0SIDH          equ	3617	;# 
  1852   000E22                     B0SIDL          equ	3618	;# 
  1853   000E23                     B0EIDH          equ	3619	;# 
  1854   000E24                     B0EIDL          equ	3620	;# 
  1855   000E25                     B0DLC           equ	3621	;# 
  1856   000E26                     B0D0            equ	3622	;# 
  1857   000E27                     B0D1            equ	3623	;# 
  1858   000E28                     B0D2            equ	3624	;# 
  1859   000E29                     B0D3            equ	3625	;# 
  1860   000E2A                     B0D4            equ	3626	;# 
  1861   000E2B                     B0D5            equ	3627	;# 
  1862   000E2C                     B0D6            equ	3628	;# 
  1863   000E2D                     B0D7            equ	3629	;# 
  1864   000E2E                     CANSTAT_RO9     equ	3630	;# 
  1865   000E2F                     CANCON_RO9      equ	3631	;# 
  1866   000E30                     B1CON           equ	3632	;# 
  1867   000E31                     B1SIDH          equ	3633	;# 
  1868   000E32                     B1SIDL          equ	3634	;# 
  1869   000E33                     B1EIDH          equ	3635	;# 
  1870   000E34                     B1EIDL          equ	3636	;# 
  1871   000E35                     B1DLC           equ	3637	;# 
  1872   000E36                     B1D0            equ	3638	;# 
  1873   000E37                     B1D1            equ	3639	;# 
  1874   000E38                     B1D2            equ	3640	;# 
  1875   000E39                     B1D3            equ	3641	;# 
  1876   000E3A                     B1D4            equ	3642	;# 
  1877   000E3B                     B1D5            equ	3643	;# 
  1878   000E3C                     B1D6            equ	3644	;# 
  1879   000E3D                     B1D7            equ	3645	;# 
  1880   000E3E                     CANSTAT_RO8     equ	3646	;# 
  1881   000E3F                     CANCON_RO8      equ	3647	;# 
  1882   000E40                     B2CON           equ	3648	;# 
  1883   000E41                     B2SIDH          equ	3649	;# 
  1884   000E42                     B2SIDL          equ	3650	;# 
  1885   000E43                     B2EIDH          equ	3651	;# 
  1886   000E44                     B2EIDL          equ	3652	;# 
  1887   000E45                     B2DLC           equ	3653	;# 
  1888   000E46                     B2D0            equ	3654	;# 
  1889   000E47                     B2D1            equ	3655	;# 
  1890   000E48                     B2D2            equ	3656	;# 
  1891   000E49                     B2D3            equ	3657	;# 
  1892   000E4A                     B2D4            equ	3658	;# 
  1893   000E4B                     B2D5            equ	3659	;# 
  1894   000E4C                     B2D6            equ	3660	;# 
  1895   000E4D                     B2D7            equ	3661	;# 
  1896   000E4E                     CANSTAT_RO7     equ	3662	;# 
  1897   000E4F                     CANCON_RO7      equ	3663	;# 
  1898   000E50                     B3CON           equ	3664	;# 
  1899   000E51                     B3SIDH          equ	3665	;# 
  1900   000E52                     B3SIDL          equ	3666	;# 
  1901   000E53                     B3EIDH          equ	3667	;# 
  1902   000E54                     B3EIDL          equ	3668	;# 
  1903   000E55                     B3DLC           equ	3669	;# 
  1904   000E56                     B3D0            equ	3670	;# 
  1905   000E57                     B3D1            equ	3671	;# 
  1906   000E58                     B3D2            equ	3672	;# 
  1907   000E59                     B3D3            equ	3673	;# 
  1908   000E5A                     B3D4            equ	3674	;# 
  1909   000E5B                     B3D5            equ	3675	;# 
  1910   000E5C                     B3D6            equ	3676	;# 
  1911   000E5D                     B3D7            equ	3677	;# 
  1912   000E5E                     CANSTAT_RO6     equ	3678	;# 
  1913   000E5F                     CANCON_RO6      equ	3679	;# 
  1914   000E60                     B4CON           equ	3680	;# 
  1915   000E61                     B4SIDH          equ	3681	;# 
  1916   000E62                     B4SIDL          equ	3682	;# 
  1917   000E63                     B4EIDH          equ	3683	;# 
  1918   000E64                     B4EIDL          equ	3684	;# 
  1919   000E65                     B4DLC           equ	3685	;# 
  1920   000E66                     B4D0            equ	3686	;# 
  1921   000E67                     B4D1            equ	3687	;# 
  1922   000E68                     B4D2            equ	3688	;# 
  1923   000E69                     B4D3            equ	3689	;# 
  1924   000E6A                     B4D4            equ	3690	;# 
  1925   000E6B                     B4D5            equ	3691	;# 
  1926   000E6C                     B4D6            equ	3692	;# 
  1927   000E6D                     B4D7            equ	3693	;# 
  1928   000E6E                     CANSTAT_RO5     equ	3694	;# 
  1929   000E6F                     CANCON_RO5      equ	3695	;# 
  1930   000E70                     B5CON           equ	3696	;# 
  1931   000E71                     B5SIDH          equ	3697	;# 
  1932   000E72                     B5SIDL          equ	3698	;# 
  1933   000E73                     B5EIDH          equ	3699	;# 
  1934   000E74                     B5EIDL          equ	3700	;# 
  1935   000E75                     B5DLC           equ	3701	;# 
  1936   000E76                     B5D0            equ	3702	;# 
  1937   000E77                     B5D1            equ	3703	;# 
  1938   000E78                     B5D2            equ	3704	;# 
  1939   000E79                     B5D3            equ	3705	;# 
  1940   000E7A                     B5D4            equ	3706	;# 
  1941   000E7B                     B5D5            equ	3707	;# 
  1942   000E7C                     B5D6            equ	3708	;# 
  1943   000E7D                     B5D7            equ	3709	;# 
  1944   000E7E                     CANSTAT_RO4     equ	3710	;# 
  1945   000E7F                     CANCON_RO4      equ	3711	;# 
  1946   000F00                     RXF0SIDH        equ	3840	;# 
  1947   000F01                     RXF0SIDL        equ	3841	;# 
  1948   000F02                     RXF0EIDH        equ	3842	;# 
  1949   000F03                     RXF0EIDL        equ	3843	;# 
  1950   000F04                     RXF1SIDH        equ	3844	;# 
  1951   000F05                     RXF1SIDL        equ	3845	;# 
  1952   000F06                     RXF1EIDH        equ	3846	;# 
  1953   000F07                     RXF1EIDL        equ	3847	;# 
  1954   000F08                     RXF2SIDH        equ	3848	;# 
  1955   000F09                     RXF2SIDL        equ	3849	;# 
  1956   000F0A                     RXF2EIDH        equ	3850	;# 
  1957   000F0B                     RXF2EIDL        equ	3851	;# 
  1958   000F0C                     RXF3SIDH        equ	3852	;# 
  1959   000F0D                     RXF3SIDL        equ	3853	;# 
  1960   000F0E                     RXF3EIDH        equ	3854	;# 
  1961   000F0F                     RXF3EIDL        equ	3855	;# 
  1962   000F10                     RXF4SIDH        equ	3856	;# 
  1963   000F11                     RXF4SIDL        equ	3857	;# 
  1964   000F12                     RXF4EIDH        equ	3858	;# 
  1965   000F13                     RXF4EIDL        equ	3859	;# 
  1966   000F14                     RXF5SIDH        equ	3860	;# 
  1967   000F15                     RXF5SIDL        equ	3861	;# 
  1968   000F16                     RXF5EIDH        equ	3862	;# 
  1969   000F17                     RXF5EIDL        equ	3863	;# 
  1970   000F18                     RXM0SIDH        equ	3864	;# 
  1971   000F19                     RXM0SIDL        equ	3865	;# 
  1972   000F1A                     RXM0EIDH        equ	3866	;# 
  1973   000F1B                     RXM0EIDL        equ	3867	;# 
  1974   000F1C                     RXM1SIDH        equ	3868	;# 
  1975   000F1D                     RXM1SIDL        equ	3869	;# 
  1976   000F1E                     RXM1EIDH        equ	3870	;# 
  1977   000F1F                     RXM1EIDL        equ	3871	;# 
  1978   000F20                     TXB2CON         equ	3872	;# 
  1979   000F21                     TXB2SIDH        equ	3873	;# 
  1980   000F22                     TXB2SIDL        equ	3874	;# 
  1981   000F23                     TXB2EIDH        equ	3875	;# 
  1982   000F24                     TXB2EIDL        equ	3876	;# 
  1983   000F25                     TXB2DLC         equ	3877	;# 
  1984   000F26                     TXB2D0          equ	3878	;# 
  1985   000F27                     TXB2D1          equ	3879	;# 
  1986   000F28                     TXB2D2          equ	3880	;# 
  1987   000F29                     TXB2D3          equ	3881	;# 
  1988   000F2A                     TXB2D4          equ	3882	;# 
  1989   000F2B                     TXB2D5          equ	3883	;# 
  1990   000F2C                     TXB2D6          equ	3884	;# 
  1991   000F2D                     TXB2D7          equ	3885	;# 
  1992   000F2E                     CANSTAT_RO3     equ	3886	;# 
  1993   000F2F                     CANCON_RO3      equ	3887	;# 
  1994   000F30                     TXB1CON         equ	3888	;# 
  1995   000F31                     TXB1SIDH        equ	3889	;# 
  1996   000F32                     TXB1SIDL        equ	3890	;# 
  1997   000F33                     TXB1EIDH        equ	3891	;# 
  1998   000F34                     TXB1EIDL        equ	3892	;# 
  1999   000F35                     TXB1DLC         equ	3893	;# 
  2000   000F36                     TXB1D0          equ	3894	;# 
  2001   000F37                     TXB1D1          equ	3895	;# 
  2002   000F38                     TXB1D2          equ	3896	;# 
  2003   000F39                     TXB1D3          equ	3897	;# 
  2004   000F3A                     TXB1D4          equ	3898	;# 
  2005   000F3B                     TXB1D5          equ	3899	;# 
  2006   000F3C                     TXB1D6          equ	3900	;# 
  2007   000F3D                     TXB1D7          equ	3901	;# 
  2008   000F3E                     CANSTAT_RO2     equ	3902	;# 
  2009   000F3F                     CANCON_RO2      equ	3903	;# 
  2010   000F40                     TXB0CON         equ	3904	;# 
  2011   000F41                     TXB0SIDH        equ	3905	;# 
  2012   000F42                     TXB0SIDL        equ	3906	;# 
  2013   000F43                     TXB0EIDH        equ	3907	;# 
  2014   000F44                     TXB0EIDL        equ	3908	;# 
  2015   000F45                     TXB0DLC         equ	3909	;# 
  2016   000F46                     TXB0D0          equ	3910	;# 
  2017   000F47                     TXB0D1          equ	3911	;# 
  2018   000F48                     TXB0D2          equ	3912	;# 
  2019   000F49                     TXB0D3          equ	3913	;# 
  2020   000F4A                     TXB0D4          equ	3914	;# 
  2021   000F4B                     TXB0D5          equ	3915	;# 
  2022   000F4C                     TXB0D6          equ	3916	;# 
  2023   000F4D                     TXB0D7          equ	3917	;# 
  2024   000F4E                     CANSTAT_RO1     equ	3918	;# 
  2025   000F4F                     CANCON_RO1      equ	3919	;# 
  2026   000F50                     RXB1CON         equ	3920	;# 
  2027   000F51                     RXB1SIDH        equ	3921	;# 
  2028   000F52                     RXB1SIDL        equ	3922	;# 
  2029   000F53                     RXB1EIDH        equ	3923	;# 
  2030   000F54                     RXB1EIDL        equ	3924	;# 
  2031   000F55                     RXB1DLC         equ	3925	;# 
  2032   000F56                     RXB1D0          equ	3926	;# 
  2033   000F57                     RXB1D1          equ	3927	;# 
  2034   000F58                     RXB1D2          equ	3928	;# 
  2035   000F59                     RXB1D3          equ	3929	;# 
  2036   000F5A                     RXB1D4          equ	3930	;# 
  2037   000F5B                     RXB1D5          equ	3931	;# 
  2038   000F5C                     RXB1D6          equ	3932	;# 
  2039   000F5D                     RXB1D7          equ	3933	;# 
  2040   000F5E                     CANSTAT_RO0     equ	3934	;# 
  2041   000F5F                     CANCON_RO0      equ	3935	;# 
  2042   000F60                     RXB0CON         equ	3936	;# 
  2043   000F61                     RXB0SIDH        equ	3937	;# 
  2044   000F62                     RXB0SIDL        equ	3938	;# 
  2045   000F63                     RXB0EIDH        equ	3939	;# 
  2046   000F64                     RXB0EIDL        equ	3940	;# 
  2047   000F65                     RXB0DLC         equ	3941	;# 
  2048   000F66                     RXB0D0          equ	3942	;# 
  2049   000F67                     RXB0D1          equ	3943	;# 
  2050   000F68                     RXB0D2          equ	3944	;# 
  2051   000F69                     RXB0D3          equ	3945	;# 
  2052   000F6A                     RXB0D4          equ	3946	;# 
  2053   000F6B                     RXB0D5          equ	3947	;# 
  2054   000F6C                     RXB0D6          equ	3948	;# 
  2055   000F6D                     RXB0D7          equ	3949	;# 
  2056   000F6E                     CANSTAT         equ	3950	;# 
  2057   000F6F                     CANCON          equ	3951	;# 
  2058   000F70                     BRGCON1         equ	3952	;# 
  2059   000F71                     BRGCON2         equ	3953	;# 
  2060   000F72                     BRGCON3         equ	3954	;# 
  2061   000F73                     CIOCON          equ	3955	;# 
  2062   000F74                     COMSTAT         equ	3956	;# 
  2063   000F75                     RXERRCNT        equ	3957	;# 
  2064   000F76                     TXERRCNT        equ	3958	;# 
  2065   000F77                     ECANCON         equ	3959	;# 
  2066   000F80                     PORTA           equ	3968	;# 
  2067   000F81                     PORTB           equ	3969	;# 
  2068   000F82                     PORTC           equ	3970	;# 
  2069   000F83                     PORTD           equ	3971	;# 
  2070   000F84                     PORTE           equ	3972	;# 
  2071   000F89                     LATA            equ	3977	;# 
  2072   000F8A                     LATB            equ	3978	;# 
  2073   000F8B                     LATC            equ	3979	;# 
  2074   000F8C                     LATD            equ	3980	;# 
  2075   000F8D                     LATE            equ	3981	;# 
  2076   000F92                     TRISA           equ	3986	;# 
  2077   000F92                     DDRA            equ	3986	;# 
  2078   000F93                     TRISB           equ	3987	;# 
  2079   000F93                     DDRB            equ	3987	;# 
  2080   000F94                     TRISC           equ	3988	;# 
  2081   000F94                     DDRC            equ	3988	;# 
  2082   000F95                     TRISD           equ	3989	;# 
  2083   000F95                     DDRD            equ	3989	;# 
  2084   000F96                     TRISE           equ	3990	;# 
  2085   000F96                     DDRE            equ	3990	;# 
  2086   000F9B                     OSCTUNE         equ	3995	;# 
  2087   000F9D                     PIE1            equ	3997	;# 
  2088   000F9E                     PIR1            equ	3998	;# 
  2089   000F9F                     IPR1            equ	3999	;# 
  2090   000FA0                     PIE2            equ	4000	;# 
  2091   000FA1                     PIR2            equ	4001	;# 
  2092   000FA2                     IPR2            equ	4002	;# 
  2093   000FA3                     PIE3            equ	4003	;# 
  2094   000FA4                     PIR3            equ	4004	;# 
  2095   000FA5                     IPR3            equ	4005	;# 
  2096   000FA6                     EECON1          equ	4006	;# 
  2097   000FA7                     EECON2          equ	4007	;# 
  2098   000FA8                     EEDATA          equ	4008	;# 
  2099   000FA9                     EEADR           equ	4009	;# 
  2100   000FAB                     RCSTA           equ	4011	;# 
  2101   000FAB                     RCSTA1          equ	4011	;# 
  2102   000FAC                     TXSTA           equ	4012	;# 
  2103   000FAC                     TXSTA1          equ	4012	;# 
  2104   000FAD                     TXREG           equ	4013	;# 
  2105   000FAD                     TXREG1          equ	4013	;# 
  2106   000FAE                     RCREG           equ	4014	;# 
  2107   000FAE                     RCREG1          equ	4014	;# 
  2108   000FAF                     SPBRG           equ	4015	;# 
  2109   000FAF                     SPBRG1          equ	4015	;# 
  2110   000FB0                     SPBRGH          equ	4016	;# 
  2111   000FB1                     T3CON           equ	4017	;# 
  2112   000FB2                     TMR3            equ	4018	;# 
  2113   000FB2                     TMR3L           equ	4018	;# 
  2114   000FB3                     TMR3H           equ	4019	;# 
  2115   000FB4                     CMCON           equ	4020	;# 
  2116   000FB5                     CVRCON          equ	4021	;# 
  2117   000FB6                     ECCP1AS         equ	4022	;# 
  2118   000FB7                     ECCP1DEL        equ	4023	;# 
  2119   000FB8                     BAUDCON         equ	4024	;# 
  2120   000FB8                     BAUDCTL         equ	4024	;# 
  2121   000FBA                     ECCP1CON        equ	4026	;# 
  2122   000FBB                     ECCPR1          equ	4027	;# 
  2123   000FBB                     ECCPR1L         equ	4027	;# 
  2124   000FBC                     ECCPR1H         equ	4028	;# 
  2125   000FBD                     CCP1CON         equ	4029	;# 
  2126   000FBE                     CCPR1           equ	4030	;# 
  2127   000FBE                     CCPR1L          equ	4030	;# 
  2128   000FBF                     CCPR1H          equ	4031	;# 
  2129   000FC0                     ADCON2          equ	4032	;# 
  2130   000FC1                     ADCON1          equ	4033	;# 
  2131   000FC2                     ADCON0          equ	4034	;# 
  2132   000FC3                     ADRES           equ	4035	;# 
  2133   000FC3                     ADRESL          equ	4035	;# 
  2134   000FC4                     ADRESH          equ	4036	;# 
  2135   000FC5                     SSPCON2         equ	4037	;# 
  2136   000FC6                     SSPCON1         equ	4038	;# 
  2137   000FC7                     SSPSTAT         equ	4039	;# 
  2138   000FC8                     SSPADD          equ	4040	;# 
  2139   000FC9                     SSPBUF          equ	4041	;# 
  2140   000FCA                     T2CON           equ	4042	;# 
  2141   000FCB                     PR2             equ	4043	;# 
  2142   000FCB                     MEMCON          equ	4043	;# 
  2143   000FCC                     TMR2            equ	4044	;# 
  2144   000FCD                     T1CON           equ	4045	;# 
  2145   000FCE                     TMR1            equ	4046	;# 
  2146   000FCE                     TMR1L           equ	4046	;# 
  2147   000FCF                     TMR1H           equ	4047	;# 
  2148   000FD0                     RCON            equ	4048	;# 
  2149   000FD1                     WDTCON          equ	4049	;# 
  2150   000FD2                     HLVDCON         equ	4050	;# 
  2151   000FD2                     LVDCON          equ	4050	;# 
  2152   000FD3                     OSCCON          equ	4051	;# 
  2153   000FD5                     T0CON           equ	4053	;# 
  2154   000FD6                     TMR0            equ	4054	;# 
  2155   000FD6                     TMR0L           equ	4054	;# 
  2156   000FD7                     TMR0H           equ	4055	;# 
  2157   000FD8                     STATUS          equ	4056	;# 
  2158   000FD9                     FSR2            equ	4057	;# 
  2159   000FD9                     FSR2L           equ	4057	;# 
  2160   000FDA                     FSR2H           equ	4058	;# 
  2161   000FDB                     PLUSW2          equ	4059	;# 
  2162   000FDC                     PREINC2         equ	4060	;# 
  2163   000FDD                     POSTDEC2        equ	4061	;# 
  2164   000FDE                     POSTINC2        equ	4062	;# 
  2165   000FDF                     INDF2           equ	4063	;# 
  2166   000FE0                     BSR             equ	4064	;# 
  2167   000FE1                     FSR1            equ	4065	;# 
  2168   000FE1                     FSR1L           equ	4065	;# 
  2169   000FE2                     FSR1H           equ	4066	;# 
  2170   000FE3                     PLUSW1          equ	4067	;# 
  2171   000FE4                     PREINC1         equ	4068	;# 
  2172   000FE5                     POSTDEC1        equ	4069	;# 
  2173   000FE6                     POSTINC1        equ	4070	;# 
  2174   000FE7                     INDF1           equ	4071	;# 
  2175   000FE8                     WREG            equ	4072	;# 
  2176   000FE9                     FSR0            equ	4073	;# 
  2177   000FE9                     FSR0L           equ	4073	;# 
  2178   000FEA                     FSR0H           equ	4074	;# 
  2179   000FEB                     PLUSW0          equ	4075	;# 
  2180   000FEC                     PREINC0         equ	4076	;# 
  2181   000FED                     POSTDEC0        equ	4077	;# 
  2182   000FEE                     POSTINC0        equ	4078	;# 
  2183   000FEF                     INDF0           equ	4079	;# 
  2184   000FF0                     INTCON3         equ	4080	;# 
  2185   000FF1                     INTCON2         equ	4081	;# 
  2186   000FF2                     INTCON          equ	4082	;# 
  2187   000FF3                     PROD            equ	4083	;# 
  2188   000FF3                     PRODL           equ	4083	;# 
  2189   000FF4                     PRODH           equ	4084	;# 
  2190   000FF5                     TABLAT          equ	4085	;# 
  2191   000FF6                     TBLPTR          equ	4086	;# 
  2192   000FF6                     TBLPTRL         equ	4086	;# 
  2193   000FF7                     TBLPTRH         equ	4087	;# 
  2194   000FF8                     TBLPTRU         equ	4088	;# 
  2195   000FF9                     PCLAT           equ	4089	;# 
  2196   000FF9                     PC              equ	4089	;# 
  2197   000FF9                     PCL             equ	4089	;# 
  2198   000FFA                     PCLATH          equ	4090	;# 
  2199   000FFB                     PCLATU          equ	4091	;# 
  2200   000FFC                     STKPTR          equ	4092	;# 
  2201   000FFD                     TOS             equ	4093	;# 
  2202   000FFD                     TOSL            equ	4093	;# 
  2203   000FFE                     TOSH            equ	4094	;# 
  2204   000FFF                     TOSU            equ	4095	;# 
  2205   000D60                     RXF6SIDH        equ	3424	;# 
  2206   000D61                     RXF6SIDL        equ	3425	;# 
  2207   000D62                     RXF6EIDH        equ	3426	;# 
  2208   000D63                     RXF6EIDL        equ	3427	;# 
  2209   000D64                     RXF7SIDH        equ	3428	;# 
  2210   000D65                     RXF7SIDL        equ	3429	;# 
  2211   000D66                     RXF7EIDH        equ	3430	;# 
  2212   000D67                     RXF7EIDL        equ	3431	;# 
  2213   000D68                     RXF8SIDH        equ	3432	;# 
  2214   000D69                     RXF8SIDL        equ	3433	;# 
  2215   000D6A                     RXF8EIDH        equ	3434	;# 
  2216   000D6B                     RXF8EIDL        equ	3435	;# 
  2217   000D70                     RXF9SIDH        equ	3440	;# 
  2218   000D71                     RXF9SIDL        equ	3441	;# 
  2219   000D72                     RXF9EIDH        equ	3442	;# 
  2220   000D73                     RXF9EIDL        equ	3443	;# 
  2221   000D74                     RXF10SIDH       equ	3444	;# 
  2222   000D75                     RXF10SIDL       equ	3445	;# 
  2223   000D76                     RXF10EIDH       equ	3446	;# 
  2224   000D77                     RXF10EIDL       equ	3447	;# 
  2225   000D78                     RXF11SIDH       equ	3448	;# 
  2226   000D79                     RXF11SIDL       equ	3449	;# 
  2227   000D7A                     RXF11EIDH       equ	3450	;# 
  2228   000D7B                     RXF11EIDL       equ	3451	;# 
  2229   000D80                     RXF12SIDH       equ	3456	;# 
  2230   000D81                     RXF12SIDL       equ	3457	;# 
  2231   000D82                     RXF12EIDH       equ	3458	;# 
  2232   000D83                     RXF12EIDL       equ	3459	;# 
  2233   000D84                     RXF13SIDH       equ	3460	;# 
  2234   000D85                     RXF13SIDL       equ	3461	;# 
  2235   000D86                     RXF13EIDH       equ	3462	;# 
  2236   000D87                     RXF13EIDL       equ	3463	;# 
  2237   000D88                     RXF14SIDH       equ	3464	;# 
  2238   000D89                     RXF14SIDL       equ	3465	;# 
  2239   000D8A                     RXF14EIDH       equ	3466	;# 
  2240   000D8B                     RXF14EIDL       equ	3467	;# 
  2241   000D90                     RXF15SIDH       equ	3472	;# 
  2242   000D91                     RXF15SIDL       equ	3473	;# 
  2243   000D92                     RXF15EIDH       equ	3474	;# 
  2244   000D93                     RXF15EIDL       equ	3475	;# 
  2245   000DD4                     RXFCON0         equ	3540	;# 
  2246   000DD5                     RXFCON1         equ	3541	;# 
  2247   000DD8                     SDFLC           equ	3544	;# 
  2248   000DE0                     RXFBCON0        equ	3552	;# 
  2249   000DE1                     RXFBCON1        equ	3553	;# 
  2250   000DE2                     RXFBCON2        equ	3554	;# 
  2251   000DE3                     RXFBCON3        equ	3555	;# 
  2252   000DE4                     RXFBCON4        equ	3556	;# 
  2253   000DE5                     RXFBCON5        equ	3557	;# 
  2254   000DE6                     RXFBCON6        equ	3558	;# 
  2255   000DE7                     RXFBCON7        equ	3559	;# 
  2256   000DF0                     MSEL0           equ	3568	;# 
  2257   000DF1                     MSEL1           equ	3569	;# 
  2258   000DF2                     MSEL2           equ	3570	;# 
  2259   000DF3                     MSEL3           equ	3571	;# 
  2260   000DF8                     BSEL0           equ	3576	;# 
  2261   000DFA                     BIE0            equ	3578	;# 
  2262   000DFC                     TXBIE           equ	3580	;# 
  2263   000E20                     B0CON           equ	3616	;# 
  2264   000E21                     B0SIDH          equ	3617	;# 
  2265   000E22                     B0SIDL          equ	3618	;# 
  2266   000E23                     B0EIDH          equ	3619	;# 
  2267   000E24                     B0EIDL          equ	3620	;# 
  2268   000E25                     B0DLC           equ	3621	;# 
  2269   000E26                     B0D0            equ	3622	;# 
  2270   000E27                     B0D1            equ	3623	;# 
  2271   000E28                     B0D2            equ	3624	;# 
  2272   000E29                     B0D3            equ	3625	;# 
  2273   000E2A                     B0D4            equ	3626	;# 
  2274   000E2B                     B0D5            equ	3627	;# 
  2275   000E2C                     B0D6            equ	3628	;# 
  2276   000E2D                     B0D7            equ	3629	;# 
  2277   000E2E                     CANSTAT_RO9     equ	3630	;# 
  2278   000E2F                     CANCON_RO9      equ	3631	;# 
  2279   000E30                     B1CON           equ	3632	;# 
  2280   000E31                     B1SIDH          equ	3633	;# 
  2281   000E32                     B1SIDL          equ	3634	;# 
  2282   000E33                     B1EIDH          equ	3635	;# 
  2283   000E34                     B1EIDL          equ	3636	;# 
  2284   000E35                     B1DLC           equ	3637	;# 
  2285   000E36                     B1D0            equ	3638	;# 
  2286   000E37                     B1D1            equ	3639	;# 
  2287   000E38                     B1D2            equ	3640	;# 
  2288   000E39                     B1D3            equ	3641	;# 
  2289   000E3A                     B1D4            equ	3642	;# 
  2290   000E3B                     B1D5            equ	3643	;# 
  2291   000E3C                     B1D6            equ	3644	;# 
  2292   000E3D                     B1D7            equ	3645	;# 
  2293   000E3E                     CANSTAT_RO8     equ	3646	;# 
  2294   000E3F                     CANCON_RO8      equ	3647	;# 
  2295   000E40                     B2CON           equ	3648	;# 
  2296   000E41                     B2SIDH          equ	3649	;# 
  2297   000E42                     B2SIDL          equ	3650	;# 
  2298   000E43                     B2EIDH          equ	3651	;# 
  2299   000E44                     B2EIDL          equ	3652	;# 
  2300   000E45                     B2DLC           equ	3653	;# 
  2301   000E46                     B2D0            equ	3654	;# 
  2302   000E47                     B2D1            equ	3655	;# 
  2303   000E48                     B2D2            equ	3656	;# 
  2304   000E49                     B2D3            equ	3657	;# 
  2305   000E4A                     B2D4            equ	3658	;# 
  2306   000E4B                     B2D5            equ	3659	;# 
  2307   000E4C                     B2D6            equ	3660	;# 
  2308   000E4D                     B2D7            equ	3661	;# 
  2309   000E4E                     CANSTAT_RO7     equ	3662	;# 
  2310   000E4F                     CANCON_RO7      equ	3663	;# 
  2311   000E50                     B3CON           equ	3664	;# 
  2312   000E51                     B3SIDH          equ	3665	;# 
  2313   000E52                     B3SIDL          equ	3666	;# 
  2314   000E53                     B3EIDH          equ	3667	;# 
  2315   000E54                     B3EIDL          equ	3668	;# 
  2316   000E55                     B3DLC           equ	3669	;# 
  2317   000E56                     B3D0            equ	3670	;# 
  2318   000E57                     B3D1            equ	3671	;# 
  2319   000E58                     B3D2            equ	3672	;# 
  2320   000E59                     B3D3            equ	3673	;# 
  2321   000E5A                     B3D4            equ	3674	;# 
  2322   000E5B                     B3D5            equ	3675	;# 
  2323   000E5C                     B3D6            equ	3676	;# 
  2324   000E5D                     B3D7            equ	3677	;# 
  2325   000E5E                     CANSTAT_RO6     equ	3678	;# 
  2326   000E5F                     CANCON_RO6      equ	3679	;# 
  2327   000E60                     B4CON           equ	3680	;# 
  2328   000E61                     B4SIDH          equ	3681	;# 
  2329   000E62                     B4SIDL          equ	3682	;# 
  2330   000E63                     B4EIDH          equ	3683	;# 
  2331   000E64                     B4EIDL          equ	3684	;# 
  2332   000E65                     B4DLC           equ	3685	;# 
  2333   000E66                     B4D0            equ	3686	;# 
  2334   000E67                     B4D1            equ	3687	;# 
  2335   000E68                     B4D2            equ	3688	;# 
  2336   000E69                     B4D3            equ	3689	;# 
  2337   000E6A                     B4D4            equ	3690	;# 
  2338   000E6B                     B4D5            equ	3691	;# 
  2339   000E6C                     B4D6            equ	3692	;# 
  2340   000E6D                     B4D7            equ	3693	;# 
  2341   000E6E                     CANSTAT_RO5     equ	3694	;# 
  2342   000E6F                     CANCON_RO5      equ	3695	;# 
  2343   000E70                     B5CON           equ	3696	;# 
  2344   000E71                     B5SIDH          equ	3697	;# 
  2345   000E72                     B5SIDL          equ	3698	;# 
  2346   000E73                     B5EIDH          equ	3699	;# 
  2347   000E74                     B5EIDL          equ	3700	;# 
  2348   000E75                     B5DLC           equ	3701	;# 
  2349   000E76                     B5D0            equ	3702	;# 
  2350   000E77                     B5D1            equ	3703	;# 
  2351   000E78                     B5D2            equ	3704	;# 
  2352   000E79                     B5D3            equ	3705	;# 
  2353   000E7A                     B5D4            equ	3706	;# 
  2354   000E7B                     B5D5            equ	3707	;# 
  2355   000E7C                     B5D6            equ	3708	;# 
  2356   000E7D                     B5D7            equ	3709	;# 
  2357   000E7E                     CANSTAT_RO4     equ	3710	;# 
  2358   000E7F                     CANCON_RO4      equ	3711	;# 
  2359   000F00                     RXF0SIDH        equ	3840	;# 
  2360   000F01                     RXF0SIDL        equ	3841	;# 
  2361   000F02                     RXF0EIDH        equ	3842	;# 
  2362   000F03                     RXF0EIDL        equ	3843	;# 
  2363   000F04                     RXF1SIDH        equ	3844	;# 
  2364   000F05                     RXF1SIDL        equ	3845	;# 
  2365   000F06                     RXF1EIDH        equ	3846	;# 
  2366   000F07                     RXF1EIDL        equ	3847	;# 
  2367   000F08                     RXF2SIDH        equ	3848	;# 
  2368   000F09                     RXF2SIDL        equ	3849	;# 
  2369   000F0A                     RXF2EIDH        equ	3850	;# 
  2370   000F0B                     RXF2EIDL        equ	3851	;# 
  2371   000F0C                     RXF3SIDH        equ	3852	;# 
  2372   000F0D                     RXF3SIDL        equ	3853	;# 
  2373   000F0E                     RXF3EIDH        equ	3854	;# 
  2374   000F0F                     RXF3EIDL        equ	3855	;# 
  2375   000F10                     RXF4SIDH        equ	3856	;# 
  2376   000F11                     RXF4SIDL        equ	3857	;# 
  2377   000F12                     RXF4EIDH        equ	3858	;# 
  2378   000F13                     RXF4EIDL        equ	3859	;# 
  2379   000F14                     RXF5SIDH        equ	3860	;# 
  2380   000F15                     RXF5SIDL        equ	3861	;# 
  2381   000F16                     RXF5EIDH        equ	3862	;# 
  2382   000F17                     RXF5EIDL        equ	3863	;# 
  2383   000F18                     RXM0SIDH        equ	3864	;# 
  2384   000F19                     RXM0SIDL        equ	3865	;# 
  2385   000F1A                     RXM0EIDH        equ	3866	;# 
  2386   000F1B                     RXM0EIDL        equ	3867	;# 
  2387   000F1C                     RXM1SIDH        equ	3868	;# 
  2388   000F1D                     RXM1SIDL        equ	3869	;# 
  2389   000F1E                     RXM1EIDH        equ	3870	;# 
  2390   000F1F                     RXM1EIDL        equ	3871	;# 
  2391   000F20                     TXB2CON         equ	3872	;# 
  2392   000F21                     TXB2SIDH        equ	3873	;# 
  2393   000F22                     TXB2SIDL        equ	3874	;# 
  2394   000F23                     TXB2EIDH        equ	3875	;# 
  2395   000F24                     TXB2EIDL        equ	3876	;# 
  2396   000F25                     TXB2DLC         equ	3877	;# 
  2397   000F26                     TXB2D0          equ	3878	;# 
  2398   000F27                     TXB2D1          equ	3879	;# 
  2399   000F28                     TXB2D2          equ	3880	;# 
  2400   000F29                     TXB2D3          equ	3881	;# 
  2401   000F2A                     TXB2D4          equ	3882	;# 
  2402   000F2B                     TXB2D5          equ	3883	;# 
  2403   000F2C                     TXB2D6          equ	3884	;# 
  2404   000F2D                     TXB2D7          equ	3885	;# 
  2405   000F2E                     CANSTAT_RO3     equ	3886	;# 
  2406   000F2F                     CANCON_RO3      equ	3887	;# 
  2407   000F30                     TXB1CON         equ	3888	;# 
  2408   000F31                     TXB1SIDH        equ	3889	;# 
  2409   000F32                     TXB1SIDL        equ	3890	;# 
  2410   000F33                     TXB1EIDH        equ	3891	;# 
  2411   000F34                     TXB1EIDL        equ	3892	;# 
  2412   000F35                     TXB1DLC         equ	3893	;# 
  2413   000F36                     TXB1D0          equ	3894	;# 
  2414   000F37                     TXB1D1          equ	3895	;# 
  2415   000F38                     TXB1D2          equ	3896	;# 
  2416   000F39                     TXB1D3          equ	3897	;# 
  2417   000F3A                     TXB1D4          equ	3898	;# 
  2418   000F3B                     TXB1D5          equ	3899	;# 
  2419   000F3C                     TXB1D6          equ	3900	;# 
  2420   000F3D                     TXB1D7          equ	3901	;# 
  2421   000F3E                     CANSTAT_RO2     equ	3902	;# 
  2422   000F3F                     CANCON_RO2      equ	3903	;# 
  2423   000F40                     TXB0CON         equ	3904	;# 
  2424   000F41                     TXB0SIDH        equ	3905	;# 
  2425   000F42                     TXB0SIDL        equ	3906	;# 
  2426   000F43                     TXB0EIDH        equ	3907	;# 
  2427   000F44                     TXB0EIDL        equ	3908	;# 
  2428   000F45                     TXB0DLC         equ	3909	;# 
  2429   000F46                     TXB0D0          equ	3910	;# 
  2430   000F47                     TXB0D1          equ	3911	;# 
  2431   000F48                     TXB0D2          equ	3912	;# 
  2432   000F49                     TXB0D3          equ	3913	;# 
  2433   000F4A                     TXB0D4          equ	3914	;# 
  2434   000F4B                     TXB0D5          equ	3915	;# 
  2435   000F4C                     TXB0D6          equ	3916	;# 
  2436   000F4D                     TXB0D7          equ	3917	;# 
  2437   000F4E                     CANSTAT_RO1     equ	3918	;# 
  2438   000F4F                     CANCON_RO1      equ	3919	;# 
  2439   000F50                     RXB1CON         equ	3920	;# 
  2440   000F51                     RXB1SIDH        equ	3921	;# 
  2441   000F52                     RXB1SIDL        equ	3922	;# 
  2442   000F53                     RXB1EIDH        equ	3923	;# 
  2443   000F54                     RXB1EIDL        equ	3924	;# 
  2444   000F55                     RXB1DLC         equ	3925	;# 
  2445   000F56                     RXB1D0          equ	3926	;# 
  2446   000F57                     RXB1D1          equ	3927	;# 
  2447   000F58                     RXB1D2          equ	3928	;# 
  2448   000F59                     RXB1D3          equ	3929	;# 
  2449   000F5A                     RXB1D4          equ	3930	;# 
  2450   000F5B                     RXB1D5          equ	3931	;# 
  2451   000F5C                     RXB1D6          equ	3932	;# 
  2452   000F5D                     RXB1D7          equ	3933	;# 
  2453   000F5E                     CANSTAT_RO0     equ	3934	;# 
  2454   000F5F                     CANCON_RO0      equ	3935	;# 
  2455   000F60                     RXB0CON         equ	3936	;# 
  2456   000F61                     RXB0SIDH        equ	3937	;# 
  2457   000F62                     RXB0SIDL        equ	3938	;# 
  2458   000F63                     RXB0EIDH        equ	3939	;# 
  2459   000F64                     RXB0EIDL        equ	3940	;# 
  2460   000F65                     RXB0DLC         equ	3941	;# 
  2461   000F66                     RXB0D0          equ	3942	;# 
  2462   000F67                     RXB0D1          equ	3943	;# 
  2463   000F68                     RXB0D2          equ	3944	;# 
  2464   000F69                     RXB0D3          equ	3945	;# 
  2465   000F6A                     RXB0D4          equ	3946	;# 
  2466   000F6B                     RXB0D5          equ	3947	;# 
  2467   000F6C                     RXB0D6          equ	3948	;# 
  2468   000F6D                     RXB0D7          equ	3949	;# 
  2469   000F6E                     CANSTAT         equ	3950	;# 
  2470   000F6F                     CANCON          equ	3951	;# 
  2471   000F70                     BRGCON1         equ	3952	;# 
  2472   000F71                     BRGCON2         equ	3953	;# 
  2473   000F72                     BRGCON3         equ	3954	;# 
  2474   000F73                     CIOCON          equ	3955	;# 
  2475   000F74                     COMSTAT         equ	3956	;# 
  2476   000F75                     RXERRCNT        equ	3957	;# 
  2477   000F76                     TXERRCNT        equ	3958	;# 
  2478   000F77                     ECANCON         equ	3959	;# 
  2479   000F80                     PORTA           equ	3968	;# 
  2480   000F81                     PORTB           equ	3969	;# 
  2481   000F82                     PORTC           equ	3970	;# 
  2482   000F83                     PORTD           equ	3971	;# 
  2483   000F84                     PORTE           equ	3972	;# 
  2484   000F89                     LATA            equ	3977	;# 
  2485   000F8A                     LATB            equ	3978	;# 
  2486   000F8B                     LATC            equ	3979	;# 
  2487   000F8C                     LATD            equ	3980	;# 
  2488   000F8D                     LATE            equ	3981	;# 
  2489   000F92                     TRISA           equ	3986	;# 
  2490   000F92                     DDRA            equ	3986	;# 
  2491   000F93                     TRISB           equ	3987	;# 
  2492   000F93                     DDRB            equ	3987	;# 
  2493   000F94                     TRISC           equ	3988	;# 
  2494   000F94                     DDRC            equ	3988	;# 
  2495   000F95                     TRISD           equ	3989	;# 
  2496   000F95                     DDRD            equ	3989	;# 
  2497   000F96                     TRISE           equ	3990	;# 
  2498   000F96                     DDRE            equ	3990	;# 
  2499   000F9B                     OSCTUNE         equ	3995	;# 
  2500   000F9D                     PIE1            equ	3997	;# 
  2501   000F9E                     PIR1            equ	3998	;# 
  2502   000F9F                     IPR1            equ	3999	;# 
  2503   000FA0                     PIE2            equ	4000	;# 
  2504   000FA1                     PIR2            equ	4001	;# 
  2505   000FA2                     IPR2            equ	4002	;# 
  2506   000FA3                     PIE3            equ	4003	;# 
  2507   000FA4                     PIR3            equ	4004	;# 
  2508   000FA5                     IPR3            equ	4005	;# 
  2509   000FA6                     EECON1          equ	4006	;# 
  2510   000FA7                     EECON2          equ	4007	;# 
  2511   000FA8                     EEDATA          equ	4008	;# 
  2512   000FA9                     EEADR           equ	4009	;# 
  2513   000FAB                     RCSTA           equ	4011	;# 
  2514   000FAB                     RCSTA1          equ	4011	;# 
  2515   000FAC                     TXSTA           equ	4012	;# 
  2516   000FAC                     TXSTA1          equ	4012	;# 
  2517   000FAD                     TXREG           equ	4013	;# 
  2518   000FAD                     TXREG1          equ	4013	;# 
  2519   000FAE                     RCREG           equ	4014	;# 
  2520   000FAE                     RCREG1          equ	4014	;# 
  2521   000FAF                     SPBRG           equ	4015	;# 
  2522   000FAF                     SPBRG1          equ	4015	;# 
  2523   000FB0                     SPBRGH          equ	4016	;# 
  2524   000FB1                     T3CON           equ	4017	;# 
  2525   000FB2                     TMR3            equ	4018	;# 
  2526   000FB2                     TMR3L           equ	4018	;# 
  2527   000FB3                     TMR3H           equ	4019	;# 
  2528   000FB4                     CMCON           equ	4020	;# 
  2529   000FB5                     CVRCON          equ	4021	;# 
  2530   000FB6                     ECCP1AS         equ	4022	;# 
  2531   000FB7                     ECCP1DEL        equ	4023	;# 
  2532   000FB8                     BAUDCON         equ	4024	;# 
  2533   000FB8                     BAUDCTL         equ	4024	;# 
  2534   000FBA                     ECCP1CON        equ	4026	;# 
  2535   000FBB                     ECCPR1          equ	4027	;# 
  2536   000FBB                     ECCPR1L         equ	4027	;# 
  2537   000FBC                     ECCPR1H         equ	4028	;# 
  2538   000FBD                     CCP1CON         equ	4029	;# 
  2539   000FBE                     CCPR1           equ	4030	;# 
  2540   000FBE                     CCPR1L          equ	4030	;# 
  2541   000FBF                     CCPR1H          equ	4031	;# 
  2542   000FC0                     ADCON2          equ	4032	;# 
  2543   000FC1                     ADCON1          equ	4033	;# 
  2544   000FC2                     ADCON0          equ	4034	;# 
  2545   000FC3                     ADRES           equ	4035	;# 
  2546   000FC3                     ADRESL          equ	4035	;# 
  2547   000FC4                     ADRESH          equ	4036	;# 
  2548   000FC5                     SSPCON2         equ	4037	;# 
  2549   000FC6                     SSPCON1         equ	4038	;# 
  2550   000FC7                     SSPSTAT         equ	4039	;# 
  2551   000FC8                     SSPADD          equ	4040	;# 
  2552   000FC9                     SSPBUF          equ	4041	;# 
  2553   000FCA                     T2CON           equ	4042	;# 
  2554   000FCB                     PR2             equ	4043	;# 
  2555   000FCB                     MEMCON          equ	4043	;# 
  2556   000FCC                     TMR2            equ	4044	;# 
  2557   000FCD                     T1CON           equ	4045	;# 
  2558   000FCE                     TMR1            equ	4046	;# 
  2559   000FCE                     TMR1L           equ	4046	;# 
  2560   000FCF                     TMR1H           equ	4047	;# 
  2561   000FD0                     RCON            equ	4048	;# 
  2562   000FD1                     WDTCON          equ	4049	;# 
  2563   000FD2                     HLVDCON         equ	4050	;# 
  2564   000FD2                     LVDCON          equ	4050	;# 
  2565   000FD3                     OSCCON          equ	4051	;# 
  2566   000FD5                     T0CON           equ	4053	;# 
  2567   000FD6                     TMR0            equ	4054	;# 
  2568   000FD6                     TMR0L           equ	4054	;# 
  2569   000FD7                     TMR0H           equ	4055	;# 
  2570   000FD8                     STATUS          equ	4056	;# 
  2571   000FD9                     FSR2            equ	4057	;# 
  2572   000FD9                     FSR2L           equ	4057	;# 
  2573   000FDA                     FSR2H           equ	4058	;# 
  2574   000FDB                     PLUSW2          equ	4059	;# 
  2575   000FDC                     PREINC2         equ	4060	;# 
  2576   000FDD                     POSTDEC2        equ	4061	;# 
  2577   000FDE                     POSTINC2        equ	4062	;# 
  2578   000FDF                     INDF2           equ	4063	;# 
  2579   000FE0                     BSR             equ	4064	;# 
  2580   000FE1                     FSR1            equ	4065	;# 
  2581   000FE1                     FSR1L           equ	4065	;# 
  2582   000FE2                     FSR1H           equ	4066	;# 
  2583   000FE3                     PLUSW1          equ	4067	;# 
  2584   000FE4                     PREINC1         equ	4068	;# 
  2585   000FE5                     POSTDEC1        equ	4069	;# 
  2586   000FE6                     POSTINC1        equ	4070	;# 
  2587   000FE7                     INDF1           equ	4071	;# 
  2588   000FE8                     WREG            equ	4072	;# 
  2589   000FE9                     FSR0            equ	4073	;# 
  2590   000FE9                     FSR0L           equ	4073	;# 
  2591   000FEA                     FSR0H           equ	4074	;# 
  2592   000FEB                     PLUSW0          equ	4075	;# 
  2593   000FEC                     PREINC0         equ	4076	;# 
  2594   000FED                     POSTDEC0        equ	4077	;# 
  2595   000FEE                     POSTINC0        equ	4078	;# 
  2596   000FEF                     INDF0           equ	4079	;# 
  2597   000FF0                     INTCON3         equ	4080	;# 
  2598   000FF1                     INTCON2         equ	4081	;# 
  2599   000FF2                     INTCON          equ	4082	;# 
  2600   000FF3                     PROD            equ	4083	;# 
  2601   000FF3                     PRODL           equ	4083	;# 
  2602   000FF4                     PRODH           equ	4084	;# 
  2603   000FF5                     TABLAT          equ	4085	;# 
  2604   000FF6                     TBLPTR          equ	4086	;# 
  2605   000FF6                     TBLPTRL         equ	4086	;# 
  2606   000FF7                     TBLPTRH         equ	4087	;# 
  2607   000FF8                     TBLPTRU         equ	4088	;# 
  2608   000FF9                     PCLAT           equ	4089	;# 
  2609   000FF9                     PC              equ	4089	;# 
  2610   000FF9                     PCL             equ	4089	;# 
  2611   000FFA                     PCLATH          equ	4090	;# 
  2612   000FFB                     PCLATU          equ	4091	;# 
  2613   000FFC                     STKPTR          equ	4092	;# 
  2614   000FFD                     TOS             equ	4093	;# 
  2615   000FFD                     TOSL            equ	4093	;# 
  2616   000FFE                     TOSH            equ	4094	;# 
  2617   000FFF                     TOSU            equ	4095	;# 
  2618   000D60                     RXF6SIDH        equ	3424	;# 
  2619   000D61                     RXF6SIDL        equ	3425	;# 
  2620   000D62                     RXF6EIDH        equ	3426	;# 
  2621   000D63                     RXF6EIDL        equ	3427	;# 
  2622   000D64                     RXF7SIDH        equ	3428	;# 
  2623   000D65                     RXF7SIDL        equ	3429	;# 
  2624   000D66                     RXF7EIDH        equ	3430	;# 
  2625   000D67                     RXF7EIDL        equ	3431	;# 
  2626   000D68                     RXF8SIDH        equ	3432	;# 
  2627   000D69                     RXF8SIDL        equ	3433	;# 
  2628   000D6A                     RXF8EIDH        equ	3434	;# 
  2629   000D6B                     RXF8EIDL        equ	3435	;# 
  2630   000D70                     RXF9SIDH        equ	3440	;# 
  2631   000D71                     RXF9SIDL        equ	3441	;# 
  2632   000D72                     RXF9EIDH        equ	3442	;# 
  2633   000D73                     RXF9EIDL        equ	3443	;# 
  2634   000D74                     RXF10SIDH       equ	3444	;# 
  2635   000D75                     RXF10SIDL       equ	3445	;# 
  2636   000D76                     RXF10EIDH       equ	3446	;# 
  2637   000D77                     RXF10EIDL       equ	3447	;# 
  2638   000D78                     RXF11SIDH       equ	3448	;# 
  2639   000D79                     RXF11SIDL       equ	3449	;# 
  2640   000D7A                     RXF11EIDH       equ	3450	;# 
  2641   000D7B                     RXF11EIDL       equ	3451	;# 
  2642   000D80                     RXF12SIDH       equ	3456	;# 
  2643   000D81                     RXF12SIDL       equ	3457	;# 
  2644   000D82                     RXF12EIDH       equ	3458	;# 
  2645   000D83                     RXF12EIDL       equ	3459	;# 
  2646   000D84                     RXF13SIDH       equ	3460	;# 
  2647   000D85                     RXF13SIDL       equ	3461	;# 
  2648   000D86                     RXF13EIDH       equ	3462	;# 
  2649   000D87                     RXF13EIDL       equ	3463	;# 
  2650   000D88                     RXF14SIDH       equ	3464	;# 
  2651   000D89                     RXF14SIDL       equ	3465	;# 
  2652   000D8A                     RXF14EIDH       equ	3466	;# 
  2653   000D8B                     RXF14EIDL       equ	3467	;# 
  2654   000D90                     RXF15SIDH       equ	3472	;# 
  2655   000D91                     RXF15SIDL       equ	3473	;# 
  2656   000D92                     RXF15EIDH       equ	3474	;# 
  2657   000D93                     RXF15EIDL       equ	3475	;# 
  2658   000DD4                     RXFCON0         equ	3540	;# 
  2659   000DD5                     RXFCON1         equ	3541	;# 
  2660   000DD8                     SDFLC           equ	3544	;# 
  2661   000DE0                     RXFBCON0        equ	3552	;# 
  2662   000DE1                     RXFBCON1        equ	3553	;# 
  2663   000DE2                     RXFBCON2        equ	3554	;# 
  2664   000DE3                     RXFBCON3        equ	3555	;# 
  2665   000DE4                     RXFBCON4        equ	3556	;# 
  2666   000DE5                     RXFBCON5        equ	3557	;# 
  2667   000DE6                     RXFBCON6        equ	3558	;# 
  2668   000DE7                     RXFBCON7        equ	3559	;# 
  2669   000DF0                     MSEL0           equ	3568	;# 
  2670   000DF1                     MSEL1           equ	3569	;# 
  2671   000DF2                     MSEL2           equ	3570	;# 
  2672   000DF3                     MSEL3           equ	3571	;# 
  2673   000DF8                     BSEL0           equ	3576	;# 
  2674   000DFA                     BIE0            equ	3578	;# 
  2675   000DFC                     TXBIE           equ	3580	;# 
  2676   000E20                     B0CON           equ	3616	;# 
  2677   000E21                     B0SIDH          equ	3617	;# 
  2678   000E22                     B0SIDL          equ	3618	;# 
  2679   000E23                     B0EIDH          equ	3619	;# 
  2680   000E24                     B0EIDL          equ	3620	;# 
  2681   000E25                     B0DLC           equ	3621	;# 
  2682   000E26                     B0D0            equ	3622	;# 
  2683   000E27                     B0D1            equ	3623	;# 
  2684   000E28                     B0D2            equ	3624	;# 
  2685   000E29                     B0D3            equ	3625	;# 
  2686   000E2A                     B0D4            equ	3626	;# 
  2687   000E2B                     B0D5            equ	3627	;# 
  2688   000E2C                     B0D6            equ	3628	;# 
  2689   000E2D                     B0D7            equ	3629	;# 
  2690   000E2E                     CANSTAT_RO9     equ	3630	;# 
  2691   000E2F                     CANCON_RO9      equ	3631	;# 
  2692   000E30                     B1CON           equ	3632	;# 
  2693   000E31                     B1SIDH          equ	3633	;# 
  2694   000E32                     B1SIDL          equ	3634	;# 
  2695   000E33                     B1EIDH          equ	3635	;# 
  2696   000E34                     B1EIDL          equ	3636	;# 
  2697   000E35                     B1DLC           equ	3637	;# 
  2698   000E36                     B1D0            equ	3638	;# 
  2699   000E37                     B1D1            equ	3639	;# 
  2700   000E38                     B1D2            equ	3640	;# 
  2701   000E39                     B1D3            equ	3641	;# 
  2702   000E3A                     B1D4            equ	3642	;# 
  2703   000E3B                     B1D5            equ	3643	;# 
  2704   000E3C                     B1D6            equ	3644	;# 
  2705   000E3D                     B1D7            equ	3645	;# 
  2706   000E3E                     CANSTAT_RO8     equ	3646	;# 
  2707   000E3F                     CANCON_RO8      equ	3647	;# 
  2708   000E40                     B2CON           equ	3648	;# 
  2709   000E41                     B2SIDH          equ	3649	;# 
  2710   000E42                     B2SIDL          equ	3650	;# 
  2711   000E43                     B2EIDH          equ	3651	;# 
  2712   000E44                     B2EIDL          equ	3652	;# 
  2713   000E45                     B2DLC           equ	3653	;# 
  2714   000E46                     B2D0            equ	3654	;# 
  2715   000E47                     B2D1            equ	3655	;# 
  2716   000E48                     B2D2            equ	3656	;# 
  2717   000E49                     B2D3            equ	3657	;# 
  2718   000E4A                     B2D4            equ	3658	;# 
  2719   000E4B                     B2D5            equ	3659	;# 
  2720   000E4C                     B2D6            equ	3660	;# 
  2721   000E4D                     B2D7            equ	3661	;# 
  2722   000E4E                     CANSTAT_RO7     equ	3662	;# 
  2723   000E4F                     CANCON_RO7      equ	3663	;# 
  2724   000E50                     B3CON           equ	3664	;# 
  2725   000E51                     B3SIDH          equ	3665	;# 
  2726   000E52                     B3SIDL          equ	3666	;# 
  2727   000E53                     B3EIDH          equ	3667	;# 
  2728   000E54                     B3EIDL          equ	3668	;# 
  2729   000E55                     B3DLC           equ	3669	;# 
  2730   000E56                     B3D0            equ	3670	;# 
  2731   000E57                     B3D1            equ	3671	;# 
  2732   000E58                     B3D2            equ	3672	;# 
  2733   000E59                     B3D3            equ	3673	;# 
  2734   000E5A                     B3D4            equ	3674	;# 
  2735   000E5B                     B3D5            equ	3675	;# 
  2736   000E5C                     B3D6            equ	3676	;# 
  2737   000E5D                     B3D7            equ	3677	;# 
  2738   000E5E                     CANSTAT_RO6     equ	3678	;# 
  2739   000E5F                     CANCON_RO6      equ	3679	;# 
  2740   000E60                     B4CON           equ	3680	;# 
  2741   000E61                     B4SIDH          equ	3681	;# 
  2742   000E62                     B4SIDL          equ	3682	;# 
  2743   000E63                     B4EIDH          equ	3683	;# 
  2744   000E64                     B4EIDL          equ	3684	;# 
  2745   000E65                     B4DLC           equ	3685	;# 
  2746   000E66                     B4D0            equ	3686	;# 
  2747   000E67                     B4D1            equ	3687	;# 
  2748   000E68                     B4D2            equ	3688	;# 
  2749   000E69                     B4D3            equ	3689	;# 
  2750   000E6A                     B4D4            equ	3690	;# 
  2751   000E6B                     B4D5            equ	3691	;# 
  2752   000E6C                     B4D6            equ	3692	;# 
  2753   000E6D                     B4D7            equ	3693	;# 
  2754   000E6E                     CANSTAT_RO5     equ	3694	;# 
  2755   000E6F                     CANCON_RO5      equ	3695	;# 
  2756   000E70                     B5CON           equ	3696	;# 
  2757   000E71                     B5SIDH          equ	3697	;# 
  2758   000E72                     B5SIDL          equ	3698	;# 
  2759   000E73                     B5EIDH          equ	3699	;# 
  2760   000E74                     B5EIDL          equ	3700	;# 
  2761   000E75                     B5DLC           equ	3701	;# 
  2762   000E76                     B5D0            equ	3702	;# 
  2763   000E77                     B5D1            equ	3703	;# 
  2764   000E78                     B5D2            equ	3704	;# 
  2765   000E79                     B5D3            equ	3705	;# 
  2766   000E7A                     B5D4            equ	3706	;# 
  2767   000E7B                     B5D5            equ	3707	;# 
  2768   000E7C                     B5D6            equ	3708	;# 
  2769   000E7D                     B5D7            equ	3709	;# 
  2770   000E7E                     CANSTAT_RO4     equ	3710	;# 
  2771   000E7F                     CANCON_RO4      equ	3711	;# 
  2772   000F00                     RXF0SIDH        equ	3840	;# 
  2773   000F01                     RXF0SIDL        equ	3841	;# 
  2774   000F02                     RXF0EIDH        equ	3842	;# 
  2775   000F03                     RXF0EIDL        equ	3843	;# 
  2776   000F04                     RXF1SIDH        equ	3844	;# 
  2777   000F05                     RXF1SIDL        equ	3845	;# 
  2778   000F06                     RXF1EIDH        equ	3846	;# 
  2779   000F07                     RXF1EIDL        equ	3847	;# 
  2780   000F08                     RXF2SIDH        equ	3848	;# 
  2781   000F09                     RXF2SIDL        equ	3849	;# 
  2782   000F0A                     RXF2EIDH        equ	3850	;# 
  2783   000F0B                     RXF2EIDL        equ	3851	;# 
  2784   000F0C                     RXF3SIDH        equ	3852	;# 
  2785   000F0D                     RXF3SIDL        equ	3853	;# 
  2786   000F0E                     RXF3EIDH        equ	3854	;# 
  2787   000F0F                     RXF3EIDL        equ	3855	;# 
  2788   000F10                     RXF4SIDH        equ	3856	;# 
  2789   000F11                     RXF4SIDL        equ	3857	;# 
  2790   000F12                     RXF4EIDH        equ	3858	;# 
  2791   000F13                     RXF4EIDL        equ	3859	;# 
  2792   000F14                     RXF5SIDH        equ	3860	;# 
  2793   000F15                     RXF5SIDL        equ	3861	;# 
  2794   000F16                     RXF5EIDH        equ	3862	;# 
  2795   000F17                     RXF5EIDL        equ	3863	;# 
  2796   000F18                     RXM0SIDH        equ	3864	;# 
  2797   000F19                     RXM0SIDL        equ	3865	;# 
  2798   000F1A                     RXM0EIDH        equ	3866	;# 
  2799   000F1B                     RXM0EIDL        equ	3867	;# 
  2800   000F1C                     RXM1SIDH        equ	3868	;# 
  2801   000F1D                     RXM1SIDL        equ	3869	;# 
  2802   000F1E                     RXM1EIDH        equ	3870	;# 
  2803   000F1F                     RXM1EIDL        equ	3871	;# 
  2804   000F20                     TXB2CON         equ	3872	;# 
  2805   000F21                     TXB2SIDH        equ	3873	;# 
  2806   000F22                     TXB2SIDL        equ	3874	;# 
  2807   000F23                     TXB2EIDH        equ	3875	;# 
  2808   000F24                     TXB2EIDL        equ	3876	;# 
  2809   000F25                     TXB2DLC         equ	3877	;# 
  2810   000F26                     TXB2D0          equ	3878	;# 
  2811   000F27                     TXB2D1          equ	3879	;# 
  2812   000F28                     TXB2D2          equ	3880	;# 
  2813   000F29                     TXB2D3          equ	3881	;# 
  2814   000F2A                     TXB2D4          equ	3882	;# 
  2815   000F2B                     TXB2D5          equ	3883	;# 
  2816   000F2C                     TXB2D6          equ	3884	;# 
  2817   000F2D                     TXB2D7          equ	3885	;# 
  2818   000F2E                     CANSTAT_RO3     equ	3886	;# 
  2819   000F2F                     CANCON_RO3      equ	3887	;# 
  2820   000F30                     TXB1CON         equ	3888	;# 
  2821   000F31                     TXB1SIDH        equ	3889	;# 
  2822   000F32                     TXB1SIDL        equ	3890	;# 
  2823   000F33                     TXB1EIDH        equ	3891	;# 
  2824   000F34                     TXB1EIDL        equ	3892	;# 
  2825   000F35                     TXB1DLC         equ	3893	;# 
  2826   000F36                     TXB1D0          equ	3894	;# 
  2827   000F37                     TXB1D1          equ	3895	;# 
  2828   000F38                     TXB1D2          equ	3896	;# 
  2829   000F39                     TXB1D3          equ	3897	;# 
  2830   000F3A                     TXB1D4          equ	3898	;# 
  2831   000F3B                     TXB1D5          equ	3899	;# 
  2832   000F3C                     TXB1D6          equ	3900	;# 
  2833   000F3D                     TXB1D7          equ	3901	;# 
  2834   000F3E                     CANSTAT_RO2     equ	3902	;# 
  2835   000F3F                     CANCON_RO2      equ	3903	;# 
  2836   000F40                     TXB0CON         equ	3904	;# 
  2837   000F41                     TXB0SIDH        equ	3905	;# 
  2838   000F42                     TXB0SIDL        equ	3906	;# 
  2839   000F43                     TXB0EIDH        equ	3907	;# 
  2840   000F44                     TXB0EIDL        equ	3908	;# 
  2841   000F45                     TXB0DLC         equ	3909	;# 
  2842   000F46                     TXB0D0          equ	3910	;# 
  2843   000F47                     TXB0D1          equ	3911	;# 
  2844   000F48                     TXB0D2          equ	3912	;# 
  2845   000F49                     TXB0D3          equ	3913	;# 
  2846   000F4A                     TXB0D4          equ	3914	;# 
  2847   000F4B                     TXB0D5          equ	3915	;# 
  2848   000F4C                     TXB0D6          equ	3916	;# 
  2849   000F4D                     TXB0D7          equ	3917	;# 
  2850   000F4E                     CANSTAT_RO1     equ	3918	;# 
  2851   000F4F                     CANCON_RO1      equ	3919	;# 
  2852   000F50                     RXB1CON         equ	3920	;# 
  2853   000F51                     RXB1SIDH        equ	3921	;# 
  2854   000F52                     RXB1SIDL        equ	3922	;# 
  2855   000F53                     RXB1EIDH        equ	3923	;# 
  2856   000F54                     RXB1EIDL        equ	3924	;# 
  2857   000F55                     RXB1DLC         equ	3925	;# 
  2858   000F56                     RXB1D0          equ	3926	;# 
  2859   000F57                     RXB1D1          equ	3927	;# 
  2860   000F58                     RXB1D2          equ	3928	;# 
  2861   000F59                     RXB1D3          equ	3929	;# 
  2862   000F5A                     RXB1D4          equ	3930	;# 
  2863   000F5B                     RXB1D5          equ	3931	;# 
  2864   000F5C                     RXB1D6          equ	3932	;# 
  2865   000F5D                     RXB1D7          equ	3933	;# 
  2866   000F5E                     CANSTAT_RO0     equ	3934	;# 
  2867   000F5F                     CANCON_RO0      equ	3935	;# 
  2868   000F60                     RXB0CON         equ	3936	;# 
  2869   000F61                     RXB0SIDH        equ	3937	;# 
  2870   000F62                     RXB0SIDL        equ	3938	;# 
  2871   000F63                     RXB0EIDH        equ	3939	;# 
  2872   000F64                     RXB0EIDL        equ	3940	;# 
  2873   000F65                     RXB0DLC         equ	3941	;# 
  2874   000F66                     RXB0D0          equ	3942	;# 
  2875   000F67                     RXB0D1          equ	3943	;# 
  2876   000F68                     RXB0D2          equ	3944	;# 
  2877   000F69                     RXB0D3          equ	3945	;# 
  2878   000F6A                     RXB0D4          equ	3946	;# 
  2879   000F6B                     RXB0D5          equ	3947	;# 
  2880   000F6C                     RXB0D6          equ	3948	;# 
  2881   000F6D                     RXB0D7          equ	3949	;# 
  2882   000F6E                     CANSTAT         equ	3950	;# 
  2883   000F6F                     CANCON          equ	3951	;# 
  2884   000F70                     BRGCON1         equ	3952	;# 
  2885   000F71                     BRGCON2         equ	3953	;# 
  2886   000F72                     BRGCON3         equ	3954	;# 
  2887   000F73                     CIOCON          equ	3955	;# 
  2888   000F74                     COMSTAT         equ	3956	;# 
  2889   000F75                     RXERRCNT        equ	3957	;# 
  2890   000F76                     TXERRCNT        equ	3958	;# 
  2891   000F77                     ECANCON         equ	3959	;# 
  2892   000F80                     PORTA           equ	3968	;# 
  2893   000F81                     PORTB           equ	3969	;# 
  2894   000F82                     PORTC           equ	3970	;# 
  2895   000F83                     PORTD           equ	3971	;# 
  2896   000F84                     PORTE           equ	3972	;# 
  2897   000F89                     LATA            equ	3977	;# 
  2898   000F8A                     LATB            equ	3978	;# 
  2899   000F8B                     LATC            equ	3979	;# 
  2900   000F8C                     LATD            equ	3980	;# 
  2901   000F8D                     LATE            equ	3981	;# 
  2902   000F92                     TRISA           equ	3986	;# 
  2903   000F92                     DDRA            equ	3986	;# 
  2904   000F93                     TRISB           equ	3987	;# 
  2905   000F93                     DDRB            equ	3987	;# 
  2906   000F94                     TRISC           equ	3988	;# 
  2907   000F94                     DDRC            equ	3988	;# 
  2908   000F95                     TRISD           equ	3989	;# 
  2909   000F95                     DDRD            equ	3989	;# 
  2910   000F96                     TRISE           equ	3990	;# 
  2911   000F96                     DDRE            equ	3990	;# 
  2912   000F9B                     OSCTUNE         equ	3995	;# 
  2913   000F9D                     PIE1            equ	3997	;# 
  2914   000F9E                     PIR1            equ	3998	;# 
  2915   000F9F                     IPR1            equ	3999	;# 
  2916   000FA0                     PIE2            equ	4000	;# 
  2917   000FA1                     PIR2            equ	4001	;# 
  2918   000FA2                     IPR2            equ	4002	;# 
  2919   000FA3                     PIE3            equ	4003	;# 
  2920   000FA4                     PIR3            equ	4004	;# 
  2921   000FA5                     IPR3            equ	4005	;# 
  2922   000FA6                     EECON1          equ	4006	;# 
  2923   000FA7                     EECON2          equ	4007	;# 
  2924   000FA8                     EEDATA          equ	4008	;# 
  2925   000FA9                     EEADR           equ	4009	;# 
  2926   000FAB                     RCSTA           equ	4011	;# 
  2927   000FAB                     RCSTA1          equ	4011	;# 
  2928   000FAC                     TXSTA           equ	4012	;# 
  2929   000FAC                     TXSTA1          equ	4012	;# 
  2930   000FAD                     TXREG           equ	4013	;# 
  2931   000FAD                     TXREG1          equ	4013	;# 
  2932   000FAE                     RCREG           equ	4014	;# 
  2933   000FAE                     RCREG1          equ	4014	;# 
  2934   000FAF                     SPBRG           equ	4015	;# 
  2935   000FAF                     SPBRG1          equ	4015	;# 
  2936   000FB0                     SPBRGH          equ	4016	;# 
  2937   000FB1                     T3CON           equ	4017	;# 
  2938   000FB2                     TMR3            equ	4018	;# 
  2939   000FB2                     TMR3L           equ	4018	;# 
  2940   000FB3                     TMR3H           equ	4019	;# 
  2941   000FB4                     CMCON           equ	4020	;# 
  2942   000FB5                     CVRCON          equ	4021	;# 
  2943   000FB6                     ECCP1AS         equ	4022	;# 
  2944   000FB7                     ECCP1DEL        equ	4023	;# 
  2945   000FB8                     BAUDCON         equ	4024	;# 
  2946   000FB8                     BAUDCTL         equ	4024	;# 
  2947   000FBA                     ECCP1CON        equ	4026	;# 
  2948   000FBB                     ECCPR1          equ	4027	;# 
  2949   000FBB                     ECCPR1L         equ	4027	;# 
  2950   000FBC                     ECCPR1H         equ	4028	;# 
  2951   000FBD                     CCP1CON         equ	4029	;# 
  2952   000FBE                     CCPR1           equ	4030	;# 
  2953   000FBE                     CCPR1L          equ	4030	;# 
  2954   000FBF                     CCPR1H          equ	4031	;# 
  2955   000FC0                     ADCON2          equ	4032	;# 
  2956   000FC1                     ADCON1          equ	4033	;# 
  2957   000FC2                     ADCON0          equ	4034	;# 
  2958   000FC3                     ADRES           equ	4035	;# 
  2959   000FC3                     ADRESL          equ	4035	;# 
  2960   000FC4                     ADRESH          equ	4036	;# 
  2961   000FC5                     SSPCON2         equ	4037	;# 
  2962   000FC6                     SSPCON1         equ	4038	;# 
  2963   000FC7                     SSPSTAT         equ	4039	;# 
  2964   000FC8                     SSPADD          equ	4040	;# 
  2965   000FC9                     SSPBUF          equ	4041	;# 
  2966   000FCA                     T2CON           equ	4042	;# 
  2967   000FCB                     PR2             equ	4043	;# 
  2968   000FCB                     MEMCON          equ	4043	;# 
  2969   000FCC                     TMR2            equ	4044	;# 
  2970   000FCD                     T1CON           equ	4045	;# 
  2971   000FCE                     TMR1            equ	4046	;# 
  2972   000FCE                     TMR1L           equ	4046	;# 
  2973   000FCF                     TMR1H           equ	4047	;# 
  2974   000FD0                     RCON            equ	4048	;# 
  2975   000FD1                     WDTCON          equ	4049	;# 
  2976   000FD2                     HLVDCON         equ	4050	;# 
  2977   000FD2                     LVDCON          equ	4050	;# 
  2978   000FD3                     OSCCON          equ	4051	;# 
  2979   000FD5                     T0CON           equ	4053	;# 
  2980   000FD6                     TMR0            equ	4054	;# 
  2981   000FD6                     TMR0L           equ	4054	;# 
  2982   000FD7                     TMR0H           equ	4055	;# 
  2983   000FD8                     STATUS          equ	4056	;# 
  2984   000FD9                     FSR2            equ	4057	;# 
  2985   000FD9                     FSR2L           equ	4057	;# 
  2986   000FDA                     FSR2H           equ	4058	;# 
  2987   000FDB                     PLUSW2          equ	4059	;# 
  2988   000FDC                     PREINC2         equ	4060	;# 
  2989   000FDD                     POSTDEC2        equ	4061	;# 
  2990   000FDE                     POSTINC2        equ	4062	;# 
  2991   000FDF                     INDF2           equ	4063	;# 
  2992   000FE0                     BSR             equ	4064	;# 
  2993   000FE1                     FSR1            equ	4065	;# 
  2994   000FE1                     FSR1L           equ	4065	;# 
  2995   000FE2                     FSR1H           equ	4066	;# 
  2996   000FE3                     PLUSW1          equ	4067	;# 
  2997   000FE4                     PREINC1         equ	4068	;# 
  2998   000FE5                     POSTDEC1        equ	4069	;# 
  2999   000FE6                     POSTINC1        equ	4070	;# 
  3000   000FE7                     INDF1           equ	4071	;# 
  3001   000FE8                     WREG            equ	4072	;# 
  3002   000FE9                     FSR0            equ	4073	;# 
  3003   000FE9                     FSR0L           equ	4073	;# 
  3004   000FEA                     FSR0H           equ	4074	;# 
  3005   000FEB                     PLUSW0          equ	4075	;# 
  3006   000FEC                     PREINC0         equ	4076	;# 
  3007   000FED                     POSTDEC0        equ	4077	;# 
  3008   000FEE                     POSTINC0        equ	4078	;# 
  3009   000FEF                     INDF0           equ	4079	;# 
  3010   000FF0                     INTCON3         equ	4080	;# 
  3011   000FF1                     INTCON2         equ	4081	;# 
  3012   000FF2                     INTCON          equ	4082	;# 
  3013   000FF3                     PROD            equ	4083	;# 
  3014   000FF3                     PRODL           equ	4083	;# 
  3015   000FF4                     PRODH           equ	4084	;# 
  3016   000FF5                     TABLAT          equ	4085	;# 
  3017   000FF6                     TBLPTR          equ	4086	;# 
  3018   000FF6                     TBLPTRL         equ	4086	;# 
  3019   000FF7                     TBLPTRH         equ	4087	;# 
  3020   000FF8                     TBLPTRU         equ	4088	;# 
  3021   000FF9                     PCLAT           equ	4089	;# 
  3022   000FF9                     PC              equ	4089	;# 
  3023   000FF9                     PCL             equ	4089	;# 
  3024   000FFA                     PCLATH          equ	4090	;# 
  3025   000FFB                     PCLATU          equ	4091	;# 
  3026   000FFC                     STKPTR          equ	4092	;# 
  3027   000FFD                     TOS             equ	4093	;# 
  3028   000FFD                     TOSL            equ	4093	;# 
  3029   000FFE                     TOSH            equ	4094	;# 
  3030   000FFF                     TOSU            equ	4095	;# 
  3031   000D60                     RXF6SIDH        equ	3424	;# 
  3032   000D61                     RXF6SIDL        equ	3425	;# 
  3033   000D62                     RXF6EIDH        equ	3426	;# 
  3034   000D63                     RXF6EIDL        equ	3427	;# 
  3035   000D64                     RXF7SIDH        equ	3428	;# 
  3036   000D65                     RXF7SIDL        equ	3429	;# 
  3037   000D66                     RXF7EIDH        equ	3430	;# 
  3038   000D67                     RXF7EIDL        equ	3431	;# 
  3039   000D68                     RXF8SIDH        equ	3432	;# 
  3040   000D69                     RXF8SIDL        equ	3433	;# 
  3041   000D6A                     RXF8EIDH        equ	3434	;# 
  3042   000D6B                     RXF8EIDL        equ	3435	;# 
  3043   000D70                     RXF9SIDH        equ	3440	;# 
  3044   000D71                     RXF9SIDL        equ	3441	;# 
  3045   000D72                     RXF9EIDH        equ	3442	;# 
  3046   000D73                     RXF9EIDL        equ	3443	;# 
  3047   000D74                     RXF10SIDH       equ	3444	;# 
  3048   000D75                     RXF10SIDL       equ	3445	;# 
  3049   000D76                     RXF10EIDH       equ	3446	;# 
  3050   000D77                     RXF10EIDL       equ	3447	;# 
  3051   000D78                     RXF11SIDH       equ	3448	;# 
  3052   000D79                     RXF11SIDL       equ	3449	;# 
  3053   000D7A                     RXF11EIDH       equ	3450	;# 
  3054   000D7B                     RXF11EIDL       equ	3451	;# 
  3055   000D80                     RXF12SIDH       equ	3456	;# 
  3056   000D81                     RXF12SIDL       equ	3457	;# 
  3057   000D82                     RXF12EIDH       equ	3458	;# 
  3058   000D83                     RXF12EIDL       equ	3459	;# 
  3059   000D84                     RXF13SIDH       equ	3460	;# 
  3060   000D85                     RXF13SIDL       equ	3461	;# 
  3061   000D86                     RXF13EIDH       equ	3462	;# 
  3062   000D87                     RXF13EIDL       equ	3463	;# 
  3063   000D88                     RXF14SIDH       equ	3464	;# 
  3064   000D89                     RXF14SIDL       equ	3465	;# 
  3065   000D8A                     RXF14EIDH       equ	3466	;# 
  3066   000D8B                     RXF14EIDL       equ	3467	;# 
  3067   000D90                     RXF15SIDH       equ	3472	;# 
  3068   000D91                     RXF15SIDL       equ	3473	;# 
  3069   000D92                     RXF15EIDH       equ	3474	;# 
  3070   000D93                     RXF15EIDL       equ	3475	;# 
  3071   000DD4                     RXFCON0         equ	3540	;# 
  3072   000DD5                     RXFCON1         equ	3541	;# 
  3073   000DD8                     SDFLC           equ	3544	;# 
  3074   000DE0                     RXFBCON0        equ	3552	;# 
  3075   000DE1                     RXFBCON1        equ	3553	;# 
  3076   000DE2                     RXFBCON2        equ	3554	;# 
  3077   000DE3                     RXFBCON3        equ	3555	;# 
  3078   000DE4                     RXFBCON4        equ	3556	;# 
  3079   000DE5                     RXFBCON5        equ	3557	;# 
  3080   000DE6                     RXFBCON6        equ	3558	;# 
  3081   000DE7                     RXFBCON7        equ	3559	;# 
  3082   000DF0                     MSEL0           equ	3568	;# 
  3083   000DF1                     MSEL1           equ	3569	;# 
  3084   000DF2                     MSEL2           equ	3570	;# 
  3085   000DF3                     MSEL3           equ	3571	;# 
  3086   000DF8                     BSEL0           equ	3576	;# 
  3087   000DFA                     BIE0            equ	3578	;# 
  3088   000DFC                     TXBIE           equ	3580	;# 
  3089   000E20                     B0CON           equ	3616	;# 
  3090   000E21                     B0SIDH          equ	3617	;# 
  3091   000E22                     B0SIDL          equ	3618	;# 
  3092   000E23                     B0EIDH          equ	3619	;# 
  3093   000E24                     B0EIDL          equ	3620	;# 
  3094   000E25                     B0DLC           equ	3621	;# 
  3095   000E26                     B0D0            equ	3622	;# 
  3096   000E27                     B0D1            equ	3623	;# 
  3097   000E28                     B0D2            equ	3624	;# 
  3098   000E29                     B0D3            equ	3625	;# 
  3099   000E2A                     B0D4            equ	3626	;# 
  3100   000E2B                     B0D5            equ	3627	;# 
  3101   000E2C                     B0D6            equ	3628	;# 
  3102   000E2D                     B0D7            equ	3629	;# 
  3103   000E2E                     CANSTAT_RO9     equ	3630	;# 
  3104   000E2F                     CANCON_RO9      equ	3631	;# 
  3105   000E30                     B1CON           equ	3632	;# 
  3106   000E31                     B1SIDH          equ	3633	;# 
  3107   000E32                     B1SIDL          equ	3634	;# 
  3108   000E33                     B1EIDH          equ	3635	;# 
  3109   000E34                     B1EIDL          equ	3636	;# 
  3110   000E35                     B1DLC           equ	3637	;# 
  3111   000E36                     B1D0            equ	3638	;# 
  3112   000E37                     B1D1            equ	3639	;# 
  3113   000E38                     B1D2            equ	3640	;# 
  3114   000E39                     B1D3            equ	3641	;# 
  3115   000E3A                     B1D4            equ	3642	;# 
  3116   000E3B                     B1D5            equ	3643	;# 
  3117   000E3C                     B1D6            equ	3644	;# 
  3118   000E3D                     B1D7            equ	3645	;# 
  3119   000E3E                     CANSTAT_RO8     equ	3646	;# 
  3120   000E3F                     CANCON_RO8      equ	3647	;# 
  3121   000E40                     B2CON           equ	3648	;# 
  3122   000E41                     B2SIDH          equ	3649	;# 
  3123   000E42                     B2SIDL          equ	3650	;# 
  3124   000E43                     B2EIDH          equ	3651	;# 
  3125   000E44                     B2EIDL          equ	3652	;# 
  3126   000E45                     B2DLC           equ	3653	;# 
  3127   000E46                     B2D0            equ	3654	;# 
  3128   000E47                     B2D1            equ	3655	;# 
  3129   000E48                     B2D2            equ	3656	;# 
  3130   000E49                     B2D3            equ	3657	;# 
  3131   000E4A                     B2D4            equ	3658	;# 
  3132   000E4B                     B2D5            equ	3659	;# 
  3133   000E4C                     B2D6            equ	3660	;# 
  3134   000E4D                     B2D7            equ	3661	;# 
  3135   000E4E                     CANSTAT_RO7     equ	3662	;# 
  3136   000E4F                     CANCON_RO7      equ	3663	;# 
  3137   000E50                     B3CON           equ	3664	;# 
  3138   000E51                     B3SIDH          equ	3665	;# 
  3139   000E52                     B3SIDL          equ	3666	;# 
  3140   000E53                     B3EIDH          equ	3667	;# 
  3141   000E54                     B3EIDL          equ	3668	;# 
  3142   000E55                     B3DLC           equ	3669	;# 
  3143   000E56                     B3D0            equ	3670	;# 
  3144   000E57                     B3D1            equ	3671	;# 
  3145   000E58                     B3D2            equ	3672	;# 
  3146   000E59                     B3D3            equ	3673	;# 
  3147   000E5A                     B3D4            equ	3674	;# 
  3148   000E5B                     B3D5            equ	3675	;# 
  3149   000E5C                     B3D6            equ	3676	;# 
  3150   000E5D                     B3D7            equ	3677	;# 
  3151   000E5E                     CANSTAT_RO6     equ	3678	;# 
  3152   000E5F                     CANCON_RO6      equ	3679	;# 
  3153   000E60                     B4CON           equ	3680	;# 
  3154   000E61                     B4SIDH          equ	3681	;# 
  3155   000E62                     B4SIDL          equ	3682	;# 
  3156   000E63                     B4EIDH          equ	3683	;# 
  3157   000E64                     B4EIDL          equ	3684	;# 
  3158   000E65                     B4DLC           equ	3685	;# 
  3159   000E66                     B4D0            equ	3686	;# 
  3160   000E67                     B4D1            equ	3687	;# 
  3161   000E68                     B4D2            equ	3688	;# 
  3162   000E69                     B4D3            equ	3689	;# 
  3163   000E6A                     B4D4            equ	3690	;# 
  3164   000E6B                     B4D5            equ	3691	;# 
  3165   000E6C                     B4D6            equ	3692	;# 
  3166   000E6D                     B4D7            equ	3693	;# 
  3167   000E6E                     CANSTAT_RO5     equ	3694	;# 
  3168   000E6F                     CANCON_RO5      equ	3695	;# 
  3169   000E70                     B5CON           equ	3696	;# 
  3170   000E71                     B5SIDH          equ	3697	;# 
  3171   000E72                     B5SIDL          equ	3698	;# 
  3172   000E73                     B5EIDH          equ	3699	;# 
  3173   000E74                     B5EIDL          equ	3700	;# 
  3174   000E75                     B5DLC           equ	3701	;# 
  3175   000E76                     B5D0            equ	3702	;# 
  3176   000E77                     B5D1            equ	3703	;# 
  3177   000E78                     B5D2            equ	3704	;# 
  3178   000E79                     B5D3            equ	3705	;# 
  3179   000E7A                     B5D4            equ	3706	;# 
  3180   000E7B                     B5D5            equ	3707	;# 
  3181   000E7C                     B5D6            equ	3708	;# 
  3182   000E7D                     B5D7            equ	3709	;# 
  3183   000E7E                     CANSTAT_RO4     equ	3710	;# 
  3184   000E7F                     CANCON_RO4      equ	3711	;# 
  3185   000F00                     RXF0SIDH        equ	3840	;# 
  3186   000F01                     RXF0SIDL        equ	3841	;# 
  3187   000F02                     RXF0EIDH        equ	3842	;# 
  3188   000F03                     RXF0EIDL        equ	3843	;# 
  3189   000F04                     RXF1SIDH        equ	3844	;# 
  3190   000F05                     RXF1SIDL        equ	3845	;# 
  3191   000F06                     RXF1EIDH        equ	3846	;# 
  3192   000F07                     RXF1EIDL        equ	3847	;# 
  3193   000F08                     RXF2SIDH        equ	3848	;# 
  3194   000F09                     RXF2SIDL        equ	3849	;# 
  3195   000F0A                     RXF2EIDH        equ	3850	;# 
  3196   000F0B                     RXF2EIDL        equ	3851	;# 
  3197   000F0C                     RXF3SIDH        equ	3852	;# 
  3198   000F0D                     RXF3SIDL        equ	3853	;# 
  3199   000F0E                     RXF3EIDH        equ	3854	;# 
  3200   000F0F                     RXF3EIDL        equ	3855	;# 
  3201   000F10                     RXF4SIDH        equ	3856	;# 
  3202   000F11                     RXF4SIDL        equ	3857	;# 
  3203   000F12                     RXF4EIDH        equ	3858	;# 
  3204   000F13                     RXF4EIDL        equ	3859	;# 
  3205   000F14                     RXF5SIDH        equ	3860	;# 
  3206   000F15                     RXF5SIDL        equ	3861	;# 
  3207   000F16                     RXF5EIDH        equ	3862	;# 
  3208   000F17                     RXF5EIDL        equ	3863	;# 
  3209   000F18                     RXM0SIDH        equ	3864	;# 
  3210   000F19                     RXM0SIDL        equ	3865	;# 
  3211   000F1A                     RXM0EIDH        equ	3866	;# 
  3212   000F1B                     RXM0EIDL        equ	3867	;# 
  3213   000F1C                     RXM1SIDH        equ	3868	;# 
  3214   000F1D                     RXM1SIDL        equ	3869	;# 
  3215   000F1E                     RXM1EIDH        equ	3870	;# 
  3216   000F1F                     RXM1EIDL        equ	3871	;# 
  3217   000F20                     TXB2CON         equ	3872	;# 
  3218   000F21                     TXB2SIDH        equ	3873	;# 
  3219   000F22                     TXB2SIDL        equ	3874	;# 
  3220   000F23                     TXB2EIDH        equ	3875	;# 
  3221   000F24                     TXB2EIDL        equ	3876	;# 
  3222   000F25                     TXB2DLC         equ	3877	;# 
  3223   000F26                     TXB2D0          equ	3878	;# 
  3224   000F27                     TXB2D1          equ	3879	;# 
  3225   000F28                     TXB2D2          equ	3880	;# 
  3226   000F29                     TXB2D3          equ	3881	;# 
  3227   000F2A                     TXB2D4          equ	3882	;# 
  3228   000F2B                     TXB2D5          equ	3883	;# 
  3229   000F2C                     TXB2D6          equ	3884	;# 
  3230   000F2D                     TXB2D7          equ	3885	;# 
  3231   000F2E                     CANSTAT_RO3     equ	3886	;# 
  3232   000F2F                     CANCON_RO3      equ	3887	;# 
  3233   000F30                     TXB1CON         equ	3888	;# 
  3234   000F31                     TXB1SIDH        equ	3889	;# 
  3235   000F32                     TXB1SIDL        equ	3890	;# 
  3236   000F33                     TXB1EIDH        equ	3891	;# 
  3237   000F34                     TXB1EIDL        equ	3892	;# 
  3238   000F35                     TXB1DLC         equ	3893	;# 
  3239   000F36                     TXB1D0          equ	3894	;# 
  3240   000F37                     TXB1D1          equ	3895	;# 
  3241   000F38                     TXB1D2          equ	3896	;# 
  3242   000F39                     TXB1D3          equ	3897	;# 
  3243   000F3A                     TXB1D4          equ	3898	;# 
  3244   000F3B                     TXB1D5          equ	3899	;# 
  3245   000F3C                     TXB1D6          equ	3900	;# 
  3246   000F3D                     TXB1D7          equ	3901	;# 
  3247   000F3E                     CANSTAT_RO2     equ	3902	;# 
  3248   000F3F                     CANCON_RO2      equ	3903	;# 
  3249   000F40                     TXB0CON         equ	3904	;# 
  3250   000F41                     TXB0SIDH        equ	3905	;# 
  3251   000F42                     TXB0SIDL        equ	3906	;# 
  3252   000F43                     TXB0EIDH        equ	3907	;# 
  3253   000F44                     TXB0EIDL        equ	3908	;# 
  3254   000F45                     TXB0DLC         equ	3909	;# 
  3255   000F46                     TXB0D0          equ	3910	;# 
  3256   000F47                     TXB0D1          equ	3911	;# 
  3257   000F48                     TXB0D2          equ	3912	;# 
  3258   000F49                     TXB0D3          equ	3913	;# 
  3259   000F4A                     TXB0D4          equ	3914	;# 
  3260   000F4B                     TXB0D5          equ	3915	;# 
  3261   000F4C                     TXB0D6          equ	3916	;# 
  3262   000F4D                     TXB0D7          equ	3917	;# 
  3263   000F4E                     CANSTAT_RO1     equ	3918	;# 
  3264   000F4F                     CANCON_RO1      equ	3919	;# 
  3265   000F50                     RXB1CON         equ	3920	;# 
  3266   000F51                     RXB1SIDH        equ	3921	;# 
  3267   000F52                     RXB1SIDL        equ	3922	;# 
  3268   000F53                     RXB1EIDH        equ	3923	;# 
  3269   000F54                     RXB1EIDL        equ	3924	;# 
  3270   000F55                     RXB1DLC         equ	3925	;# 
  3271   000F56                     RXB1D0          equ	3926	;# 
  3272   000F57                     RXB1D1          equ	3927	;# 
  3273   000F58                     RXB1D2          equ	3928	;# 
  3274   000F59                     RXB1D3          equ	3929	;# 
  3275   000F5A                     RXB1D4          equ	3930	;# 
  3276   000F5B                     RXB1D5          equ	3931	;# 
  3277   000F5C                     RXB1D6          equ	3932	;# 
  3278   000F5D                     RXB1D7          equ	3933	;# 
  3279   000F5E                     CANSTAT_RO0     equ	3934	;# 
  3280   000F5F                     CANCON_RO0      equ	3935	;# 
  3281   000F60                     RXB0CON         equ	3936	;# 
  3282   000F61                     RXB0SIDH        equ	3937	;# 
  3283   000F62                     RXB0SIDL        equ	3938	;# 
  3284   000F63                     RXB0EIDH        equ	3939	;# 
  3285   000F64                     RXB0EIDL        equ	3940	;# 
  3286   000F65                     RXB0DLC         equ	3941	;# 
  3287   000F66                     RXB0D0          equ	3942	;# 
  3288   000F67                     RXB0D1          equ	3943	;# 
  3289   000F68                     RXB0D2          equ	3944	;# 
  3290   000F69                     RXB0D3          equ	3945	;# 
  3291   000F6A                     RXB0D4          equ	3946	;# 
  3292   000F6B                     RXB0D5          equ	3947	;# 
  3293   000F6C                     RXB0D6          equ	3948	;# 
  3294   000F6D                     RXB0D7          equ	3949	;# 
  3295   000F6E                     CANSTAT         equ	3950	;# 
  3296   000F6F                     CANCON          equ	3951	;# 
  3297   000F70                     BRGCON1         equ	3952	;# 
  3298   000F71                     BRGCON2         equ	3953	;# 
  3299   000F72                     BRGCON3         equ	3954	;# 
  3300   000F73                     CIOCON          equ	3955	;# 
  3301   000F74                     COMSTAT         equ	3956	;# 
  3302   000F75                     RXERRCNT        equ	3957	;# 
  3303   000F76                     TXERRCNT        equ	3958	;# 
  3304   000F77                     ECANCON         equ	3959	;# 
  3305   000F80                     PORTA           equ	3968	;# 
  3306   000F81                     PORTB           equ	3969	;# 
  3307   000F82                     PORTC           equ	3970	;# 
  3308   000F83                     PORTD           equ	3971	;# 
  3309   000F84                     PORTE           equ	3972	;# 
  3310   000F89                     LATA            equ	3977	;# 
  3311   000F8A                     LATB            equ	3978	;# 
  3312   000F8B                     LATC            equ	3979	;# 
  3313   000F8C                     LATD            equ	3980	;# 
  3314   000F8D                     LATE            equ	3981	;# 
  3315   000F92                     TRISA           equ	3986	;# 
  3316   000F92                     DDRA            equ	3986	;# 
  3317   000F93                     TRISB           equ	3987	;# 
  3318   000F93                     DDRB            equ	3987	;# 
  3319   000F94                     TRISC           equ	3988	;# 
  3320   000F94                     DDRC            equ	3988	;# 
  3321   000F95                     TRISD           equ	3989	;# 
  3322   000F95                     DDRD            equ	3989	;# 
  3323   000F96                     TRISE           equ	3990	;# 
  3324   000F96                     DDRE            equ	3990	;# 
  3325   000F9B                     OSCTUNE         equ	3995	;# 
  3326   000F9D                     PIE1            equ	3997	;# 
  3327   000F9E                     PIR1            equ	3998	;# 
  3328   000F9F                     IPR1            equ	3999	;# 
  3329   000FA0                     PIE2            equ	4000	;# 
  3330   000FA1                     PIR2            equ	4001	;# 
  3331   000FA2                     IPR2            equ	4002	;# 
  3332   000FA3                     PIE3            equ	4003	;# 
  3333   000FA4                     PIR3            equ	4004	;# 
  3334   000FA5                     IPR3            equ	4005	;# 
  3335   000FA6                     EECON1          equ	4006	;# 
  3336   000FA7                     EECON2          equ	4007	;# 
  3337   000FA8                     EEDATA          equ	4008	;# 
  3338   000FA9                     EEADR           equ	4009	;# 
  3339   000FAB                     RCSTA           equ	4011	;# 
  3340   000FAB                     RCSTA1          equ	4011	;# 
  3341   000FAC                     TXSTA           equ	4012	;# 
  3342   000FAC                     TXSTA1          equ	4012	;# 
  3343   000FAD                     TXREG           equ	4013	;# 
  3344   000FAD                     TXREG1          equ	4013	;# 
  3345   000FAE                     RCREG           equ	4014	;# 
  3346   000FAE                     RCREG1          equ	4014	;# 
  3347   000FAF                     SPBRG           equ	4015	;# 
  3348   000FAF                     SPBRG1          equ	4015	;# 
  3349   000FB0                     SPBRGH          equ	4016	;# 
  3350   000FB1                     T3CON           equ	4017	;# 
  3351   000FB2                     TMR3            equ	4018	;# 
  3352   000FB2                     TMR3L           equ	4018	;# 
  3353   000FB3                     TMR3H           equ	4019	;# 
  3354   000FB4                     CMCON           equ	4020	;# 
  3355   000FB5                     CVRCON          equ	4021	;# 
  3356   000FB6                     ECCP1AS         equ	4022	;# 
  3357   000FB7                     ECCP1DEL        equ	4023	;# 
  3358   000FB8                     BAUDCON         equ	4024	;# 
  3359   000FB8                     BAUDCTL         equ	4024	;# 
  3360   000FBA                     ECCP1CON        equ	4026	;# 
  3361   000FBB                     ECCPR1          equ	4027	;# 
  3362   000FBB                     ECCPR1L         equ	4027	;# 
  3363   000FBC                     ECCPR1H         equ	4028	;# 
  3364   000FBD                     CCP1CON         equ	4029	;# 
  3365   000FBE                     CCPR1           equ	4030	;# 
  3366   000FBE                     CCPR1L          equ	4030	;# 
  3367   000FBF                     CCPR1H          equ	4031	;# 
  3368   000FC0                     ADCON2          equ	4032	;# 
  3369   000FC1                     ADCON1          equ	4033	;# 
  3370   000FC2                     ADCON0          equ	4034	;# 
  3371   000FC3                     ADRES           equ	4035	;# 
  3372   000FC3                     ADRESL          equ	4035	;# 
  3373   000FC4                     ADRESH          equ	4036	;# 
  3374   000FC5                     SSPCON2         equ	4037	;# 
  3375   000FC6                     SSPCON1         equ	4038	;# 
  3376   000FC7                     SSPSTAT         equ	4039	;# 
  3377   000FC8                     SSPADD          equ	4040	;# 
  3378   000FC9                     SSPBUF          equ	4041	;# 
  3379   000FCA                     T2CON           equ	4042	;# 
  3380   000FCB                     PR2             equ	4043	;# 
  3381   000FCB                     MEMCON          equ	4043	;# 
  3382   000FCC                     TMR2            equ	4044	;# 
  3383   000FCD                     T1CON           equ	4045	;# 
  3384   000FCE                     TMR1            equ	4046	;# 
  3385   000FCE                     TMR1L           equ	4046	;# 
  3386   000FCF                     TMR1H           equ	4047	;# 
  3387   000FD0                     RCON            equ	4048	;# 
  3388   000FD1                     WDTCON          equ	4049	;# 
  3389   000FD2                     HLVDCON         equ	4050	;# 
  3390   000FD2                     LVDCON          equ	4050	;# 
  3391   000FD3                     OSCCON          equ	4051	;# 
  3392   000FD5                     T0CON           equ	4053	;# 
  3393   000FD6                     TMR0            equ	4054	;# 
  3394   000FD6                     TMR0L           equ	4054	;# 
  3395   000FD7                     TMR0H           equ	4055	;# 
  3396   000FD8                     STATUS          equ	4056	;# 
  3397   000FD9                     FSR2            equ	4057	;# 
  3398   000FD9                     FSR2L           equ	4057	;# 
  3399   000FDA                     FSR2H           equ	4058	;# 
  3400   000FDB                     PLUSW2          equ	4059	;# 
  3401   000FDC                     PREINC2         equ	4060	;# 
  3402   000FDD                     POSTDEC2        equ	4061	;# 
  3403   000FDE                     POSTINC2        equ	4062	;# 
  3404   000FDF                     INDF2           equ	4063	;# 
  3405   000FE0                     BSR             equ	4064	;# 
  3406   000FE1                     FSR1            equ	4065	;# 
  3407   000FE1                     FSR1L           equ	4065	;# 
  3408   000FE2                     FSR1H           equ	4066	;# 
  3409   000FE3                     PLUSW1          equ	4067	;# 
  3410   000FE4                     PREINC1         equ	4068	;# 
  3411   000FE5                     POSTDEC1        equ	4069	;# 
  3412   000FE6                     POSTINC1        equ	4070	;# 
  3413   000FE7                     INDF1           equ	4071	;# 
  3414   000FE8                     WREG            equ	4072	;# 
  3415   000FE9                     FSR0            equ	4073	;# 
  3416   000FE9                     FSR0L           equ	4073	;# 
  3417   000FEA                     FSR0H           equ	4074	;# 
  3418   000FEB                     PLUSW0          equ	4075	;# 
  3419   000FEC                     PREINC0         equ	4076	;# 
  3420   000FED                     POSTDEC0        equ	4077	;# 
  3421   000FEE                     POSTINC0        equ	4078	;# 
  3422   000FEF                     INDF0           equ	4079	;# 
  3423   000FF0                     INTCON3         equ	4080	;# 
  3424   000FF1                     INTCON2         equ	4081	;# 
  3425   000FF2                     INTCON          equ	4082	;# 
  3426   000FF3                     PROD            equ	4083	;# 
  3427   000FF3                     PRODL           equ	4083	;# 
  3428   000FF4                     PRODH           equ	4084	;# 
  3429   000FF5                     TABLAT          equ	4085	;# 
  3430   000FF6                     TBLPTR          equ	4086	;# 
  3431   000FF6                     TBLPTRL         equ	4086	;# 
  3432   000FF7                     TBLPTRH         equ	4087	;# 
  3433   000FF8                     TBLPTRU         equ	4088	;# 
  3434   000FF9                     PCLAT           equ	4089	;# 
  3435   000FF9                     PC              equ	4089	;# 
  3436   000FF9                     PCL             equ	4089	;# 
  3437   000FFA                     PCLATH          equ	4090	;# 
  3438   000FFB                     PCLATU          equ	4091	;# 
  3439   000FFC                     STKPTR          equ	4092	;# 
  3440   000FFD                     TOS             equ	4093	;# 
  3441   000FFD                     TOSL            equ	4093	;# 
  3442   000FFE                     TOSH            equ	4094	;# 
  3443   000FFF                     TOSU            equ	4095	;# 
  3444                           
  3445                           	psect	idataCOMRAM
  3446   00109F                     __pidataCOMRAM:
  3447                           	callstack 0
  3448                           
  3449                           ;initializer for view_log@once
  3450   00109F  0001               	dw	1
  3451                           
  3452                           ;initializer for read_matrix_keypad@once
  3453   0010A1  01                 	db	1
  3454                           
  3455                           	psect	idataBANK0
  3456   0013B1                     __pidataBANK0:
  3457                           	callstack 0
  3458                           
  3459                           ;initializer for _menu
  3460   0013B1  20                 	db	32
  3461   0013B2  20                 	db	32
  3462   0013B3  20                 	db	32
  3463   0013B4  56                 	db	86
  3464   0013B5  49                 	db	73
  3465   0013B6  45                 	db	69
  3466   0013B7  57                 	db	87
  3467   0013B8  20                 	db	32
  3468   0013B9  4C                 	db	76
  3469   0013BA  4F                 	db	79
  3470   0013BB  47                 	db	71
  3471   0013BC  20                 	db	32
  3472   0013BD  20                 	db	32
  3473   0013BE  20                 	db	32
  3474   0013BF  20                 	db	32
  3475   0013C0  20                 	db	32
  3476   0013C1  20                 	db	32
  3477   0013C2  00                 	db	0
  3478   0013C3  00                 	db	0
  3479   0013C4  00                 	db	0
  3480   0013C5  20                 	db	32
  3481   0013C6  20                 	db	32
  3482   0013C7  20                 	db	32
  3483   0013C8  43                 	db	67
  3484   0013C9  4C                 	db	76
  3485   0013CA  45                 	db	69
  3486   0013CB  41                 	db	65
  3487   0013CC  52                 	db	82
  3488   0013CD  20                 	db	32
  3489   0013CE  4C                 	db	76
  3490   0013CF  4F                 	db	79
  3491   0013D0  47                 	db	71
  3492   0013D1  20                 	db	32
  3493   0013D2  20                 	db	32
  3494   0013D3  20                 	db	32
  3495   0013D4  20                 	db	32
  3496   0013D5  00                 	db	0
  3497   0013D6  00                 	db	0
  3498   0013D7  00                 	db	0
  3499   0013D8  00                 	db	0
  3500   0013D9  20                 	db	32
  3501   0013DA  20                 	db	32
  3502   0013DB  20                 	db	32
  3503   0013DC  53                 	db	83
  3504   0013DD  45                 	db	69
  3505   0013DE  54                 	db	84
  3506   0013DF  20                 	db	32
  3507   0013E0  4C                 	db	76
  3508   0013E1  4F                 	db	79
  3509   0013E2  47                 	db	71
  3510   0013E3  20                 	db	32
  3511   0013E4  20                 	db	32
  3512   0013E5  20                 	db	32
  3513   0013E6  20                 	db	32
  3514   0013E7  20                 	db	32
  3515   0013E8  20                 	db	32
  3516   0013E9  00                 	db	0
  3517   0013EA  00                 	db	0
  3518   0013EB  00                 	db	0
  3519   0013EC  00                 	db	0
  3520   0013ED  20                 	db	32
  3521   0013EE  20                 	db	32
  3522   0013EF  20                 	db	32
  3523   0013F0  44                 	db	68
  3524   0013F1  4F                 	db	79
  3525   0013F2  57                 	db	87
  3526   0013F3  4E                 	db	78
  3527   0013F4  4C                 	db	76
  3528   0013F5  4F                 	db	79
  3529   0013F6  41                 	db	65
  3530   0013F7  44                 	db	68
  3531   0013F8  20                 	db	32
  3532   0013F9  4C                 	db	76
  3533   0013FA  4F                 	db	79
  3534   0013FB  47                 	db	71
  3535   0013FC  20                 	db	32
  3536   0013FD  00                 	db	0
  3537   0013FE  00                 	db	0
  3538   0013FF  00                 	db	0
  3539   001400  00                 	db	0
  3540                           
  3541                           ;initializer for _gear
  3542   001401  4F                 	db	79
  3543   001402  4E                 	db	78
  3544   001403  00                 	db	0
  3545   001404  47                 	db	71
  3546   001405  4E                 	db	78
  3547   001406  00                 	db	0
  3548   001407  47                 	db	71
  3549   001408  31                 	db	49
  3550   001409  00                 	db	0
  3551   00140A  47                 	db	71
  3552   00140B  32                 	db	50
  3553   00140C  00                 	db	0
  3554   00140D  47                 	db	71
  3555   00140E  33                 	db	51
  3556   00140F  00                 	db	0
  3557   001410  47                 	db	71
  3558   001411  34                 	db	52
  3559   001412  00                 	db	0
  3560   001413  47                 	db	71
  3561   001414  35                 	db	53
  3562   001415  00                 	db	0
  3563   001416  47                 	db	71
  3564   001417  52                 	db	82
  3565   001418  00                 	db	0
  3566   001419  43                 	db	67
  3567   00141A  20                 	db	32
  3568   00141B  00                 	db	0
  3569   000FC9                     _SSPBUF         set	4041
  3570   000FC8                     _SSPADD         set	4040
  3571   000FC6                     _SSPCON1        set	4038
  3572   000FAD                     _TXREG          set	4013
  3573   000FAF                     _SPBRG          set	4015
  3574   000F93                     _TRISB          set	3987
  3575   000FC4                     _ADRESH         set	4036
  3576   000FC3                     _ADRESL         set	4035
  3577   000F94                     _TRISC          set	3988
  3578   000F95                     _TRISD          set	3989
  3579   000F83                     _PORTD          set	3971
  3580   007E2C                     _ACKEN          set	32300
  3581   007E2D                     _ACKDT          set	32301
  3582   007E2B                     _RCEN           set	32299
  3583   007E29                     _RSEN           set	32297
  3584   007E2A                     _PEN            set	32298
  3585   007E28                     _SEN            set	32296
  3586   007E2E                     _ACKSTAT        set	32302
  3587   007D0B                     _BCLIF          set	32011
  3588   007CF3                     _SSPIF          set	31987
  3589   007E3F                     _SMP            set	32319
  3590   007E3E                     _CKE            set	32318
  3591   007CA4                     _TRISC4         set	31908
  3592   007CA3                     _TRISC3         set	31907
  3593   007CF5                     _RCIF           set	31989
  3594   007CF4                     _TXIF           set	31988
  3595   007CED                     _RCIE           set	31981
  3596   007CEC                     _TXIE           set	31980
  3597   007DC3                     _BRG16          set	32195
  3598   007D5C                     _CREN           set	32092
  3599   007D5E                     _RX9            set	32094
  3600   007D5F                     _SPEN           set	32095
  3601   007D62                     _BRGH           set	32098
  3602   007D64                     _SYNC           set	32100
  3603   007D65                     _TXEN           set	32101
  3604   007D66                     _TX9            set	32102
  3605   007CA6                     _TRISC6         set	31910
  3606   007CA7                     _TRISC7         set	31911
  3607   007C0C                     _RB4            set	31756
  3608   007C0B                     _RB3            set	31755
  3609   007C0A                     _RB2            set	31754
  3610   007C09                     _RB1            set	31753
  3611   007C0F                     _RB7            set	31759
  3612   007C0E                     _RB6            set	31758
  3613   007C0D                     _RB5            set	31757
  3614   007F8F                     _RBPU           set	32655
  3615   007E03                     _ACQT0          set	32259
  3616   007E04                     _ACQT1          set	32260
  3617   007E05                     _ACQT2          set	32261
  3618   007E00                     _ADCS0          set	32256
  3619   007E01                     _ADCS1          set	32257
  3620   007E02                     _ADCS2          set	32258
  3621   007E07                     _ADFM           set	32263
  3622   007E08                     _PCFG0          set	32264
  3623   007E09                     _PCFG1          set	32265
  3624   007E0A                     _PCFG2          set	32266
  3625   007E0B                     _PCFG3          set	32267
  3626   007E0C                     _VCFG0          set	32268
  3627   007E0D                     _VCFG1          set	32269
  3628   007E10                     _ADON           set	32272
  3629   007E11                     _GO             set	32273
  3630   007E12                     _CHS0           set	32274
  3631   007E13                     _CHS1           set	32275
  3632   007E14                     _CHS2           set	32276
  3633   007E15                     _CHS3           set	32277
  3634   007C1F                     _RD7            set	31775
  3635   007C10                     _RC0            set	31760
  3636   007CAF                     _TRISD7         set	31919
  3637   007C12                     _RC2            set	31762
  3638   007C11                     _RC1            set	31761
  3639                           
  3640                           	psect	mediumconst
  3641   002F6C                     __pmediumconst:
  3642                           	callstack 0
  3643   002F6C  00                 	db	0
  3644   002F6D                     STR_5:
  3645   002F6D  23                 	db	35
  3646   002F6E  20                 	db	32
  3647   002F6F  54                 	db	84	;'T'
  3648   002F70  49                 	db	73	;'I'
  3649   002F71  4D                 	db	77	;'M'
  3650   002F72  45                 	db	69	;'E'
  3651   002F73  20                 	db	32
  3652   002F74  20                 	db	32
  3653   002F75  20                 	db	32
  3654   002F76  20                 	db	32
  3655   002F77  20                 	db	32
  3656   002F78  45                 	db	69	;'E'
  3657   002F79  56                 	db	86	;'V'
  3658   002F7A  20                 	db	32
  3659   002F7B  53                 	db	83	;'S'
  3660   002F7C  50                 	db	80	;'P'
  3661   002F7D  0A                 	db	10
  3662   002F7E  0D                 	db	13
  3663   002F7F  00                 	db	0
  3664   002F80                     STR_4:
  3665   002F80  20                 	db	32
  3666   002F81  20                 	db	32
  3667   002F82  20                 	db	32
  3668   002F83  20                 	db	32
  3669   002F84  20                 	db	32
  3670   002F85  20                 	db	32
  3671   002F86  20                 	db	32
  3672   002F87  20                 	db	32
  3673   002F88  20                 	db	32
  3674   002F89  20                 	db	32
  3675   002F8A  20                 	db	32
  3676   002F8B  20                 	db	32
  3677   002F8C  20                 	db	32
  3678   002F8D  20                 	db	32
  3679   002F8E  20                 	db	32
  3680   002F8F  20                 	db	32
  3681   002F90  00                 	db	0
  3682   002F91                     STR_11:
  3683   002F91  20                 	db	32
  3684   002F92  20                 	db	32
  3685   002F93  44                 	db	68	;'D'
  3686   002F94  4F                 	db	79	;'O'
  3687   002F95  57                 	db	87	;'W'
  3688   002F96  4E                 	db	78	;'N'
  3689   002F97  4C                 	db	76	;'L'
  3690   002F98  4F                 	db	79	;'O'
  3691   002F99  41                 	db	65	;'A'
  3692   002F9A  44                 	db	68	;'D'
  3693   002F9B  20                 	db	32
  3694   002F9C  4C                 	db	76	;'L'
  3695   002F9D  4F                 	db	79	;'O'
  3696   002F9E  47                 	db	71	;'G'
  3697   002F9F  20                 	db	32
  3698   002FA0  20                 	db	32
  3699   002FA1  00                 	db	0
  3700   002FA2                     STR_12:
  3701   002FA2  20                 	db	32
  3702   002FA3  20                 	db	32
  3703   002FA4  53                 	db	83	;'S'
  3704   002FA5  55                 	db	85	;'U'
  3705   002FA6  43                 	db	67	;'C'
  3706   002FA7  43                 	db	67	;'C'
  3707   002FA8  45                 	db	69	;'E'
  3708   002FA9  53                 	db	83	;'S'
  3709   002FAA  53                 	db	83	;'S'
  3710   002FAB  46                 	db	70	;'F'
  3711   002FAC  55                 	db	85	;'U'
  3712   002FAD  4C                 	db	76	;'L'
  3713   002FAE  4C                 	db	76	;'L'
  3714   002FAF  59                 	db	89	;'Y'
  3715   002FB0  20                 	db	32
  3716   002FB1  20                 	db	32
  3717   002FB2  00                 	db	0
  3718   002FB3                     STR_1:
  3719   002FB3  54                 	db	84	;'T'
  3720   002FB4  49                 	db	73	;'I'
  3721   002FB5  4D                 	db	77	;'M'
  3722   002FB6  45                 	db	69	;'E'
  3723   002FB7  20                 	db	32
  3724   002FB8  20                 	db	32
  3725   002FB9  20                 	db	32
  3726   002FBA  20                 	db	32
  3727   002FBB  20                 	db	32
  3728   002FBC  20                 	db	32
  3729   002FBD  45                 	db	69	;'E'
  3730   002FBE  56                 	db	86	;'V'
  3731   002FBF  20                 	db	32
  3732   002FC0  20                 	db	32
  3733   002FC1  53                 	db	83	;'S'
  3734   002FC2  50                 	db	80	;'P'
  3735   002FC3  00                 	db	0
  3736   002FC4                     STR_2:
  3737   002FC4  23                 	db	35
  3738   002FC5  20                 	db	32
  3739   002FC6  54                 	db	84	;'T'
  3740   002FC7  49                 	db	73	;'I'
  3741   002FC8  4D                 	db	77	;'M'
  3742   002FC9  45                 	db	69	;'E'
  3743   002FCA  20                 	db	32
  3744   002FCB  20                 	db	32
  3745   002FCC  20                 	db	32
  3746   002FCD  20                 	db	32
  3747   002FCE  20                 	db	32
  3748   002FCF  45                 	db	69	;'E'
  3749   002FD0  56                 	db	86	;'V'
  3750   002FD1  20                 	db	32
  3751   002FD2  53                 	db	83	;'S'
  3752   002FD3  50                 	db	80	;'P'
  3753   002FD4  00                 	db	0
  3754   002FD5                     STR_3:
  3755   002FD5  4E                 	db	78	;'N'
  3756   002FD6  4F                 	db	79	;'O'
  3757   002FD7  20                 	db	32
  3758   002FD8  4C                 	db	76	;'L'
  3759   002FD9  4F                 	db	79	;'O'
  3760   002FDA  47                 	db	71	;'G'
  3761   002FDB  20                 	db	32
  3762   002FDC  52                 	db	82	;'R'
  3763   002FDD  20                 	db	32
  3764   002FDE  50                 	db	80	;'P'
  3765   002FDF  52                 	db	82	;'R'
  3766   002FE0  45                 	db	69	;'E'
  3767   002FE1  53                 	db	83	;'S'
  3768   002FE2  45                 	db	69	;'E'
  3769   002FE3  4E                 	db	78	;'N'
  3770   002FE4  54                 	db	84	;'T'
  3771   002FE5  00                 	db	0
  3772   002FE6                     STR_13:
  3773   002FE6  20                 	db	32
  3774   002FE7  20                 	db	32
  3775   002FE8  20                 	db	32
  3776   002FE9  43                 	db	67	;'C'
  3777   002FEA  4C                 	db	76	;'L'
  3778   002FEB  45                 	db	69	;'E'
  3779   002FEC  41                 	db	65	;'A'
  3780   002FED  52                 	db	82	;'R'
  3781   002FEE  20                 	db	32
  3782   002FEF  4C                 	db	76	;'L'
  3783   002FF0  4F                 	db	79	;'O'
  3784   002FF1  47                 	db	71	;'G'
  3785   002FF2  20                 	db	32
  3786   002FF3  20                 	db	32
  3787   002FF4  20                 	db	32
  3788   002FF5  00                 	db	0
  3789   002FF6                     STR_15:
  3790   002FF6  48                 	db	72	;'H'
  3791   002FF7  48                 	db	72	;'H'
  3792   002FF8  3A                 	db	58	;':'
  3793   002FF9  4D                 	db	77	;'M'
  3794   002FFA  4D                 	db	77	;'M'
  3795   002FFB  3A                 	db	58	;':'
  3796   002FFC  53                 	db	83	;'S'
  3797   002FFD  53                 	db	83	;'S'
  3798   002FFE  00                 	db	0
  3799   002FD5                     STR_6           equ	STR_3
  3800   002FD5                     STR_8           equ	STR_3
  3801   002FA2                     STR_14          equ	STR_12
  3802   002F80                     STR_7           equ	STR_4
  3803   002F88                     STR_16          equ	STR_4+8
  3804   002F88                     STR_17          equ	STR_4+8
  3805   002F7D                     STR_9           equ	STR_5+16
  3806   002F7D                     STR_10          equ	STR_5+16
  3807   002FFF  00                 	db	0	; dummy byte at the end
  3808   000002                     __activetblptr  equ	2
  3809                           
  3810                           ; #config settings
  3811                           
  3812                           	psect	cinit
  3813   00156C                     __pcinit:
  3814                           	callstack 0
  3815   00156C                     start_initialization:
  3816                           	callstack 0
  3817   00156C                     __initialization:
  3818                           	callstack 0
  3819                           
  3820                           ; Initialize objects allocated to BANK0 (107 bytes)
  3821                           ; load TBLPTR registers with __pidataBANK0
  3822   00156C  0EB1               	movlw	low __pidataBANK0
  3823   00156E  6EF6               	movwf	tblptrl,c
  3824   001570  0E13               	movlw	high __pidataBANK0
  3825   001572  6EF7               	movwf	tblptrh,c
  3826   001574  0E00               	movlw	low (__pidataBANK0 shr (0+16))
  3827   001576  6EF8               	movwf	tblptru,c
  3828   001578  EE00  F060         	lfsr	0,__pdataBANK0
  3829   00157C  EE10 F06B          	lfsr	1,107
  3830   001580                     copy_data0:
  3831   001580  0009               	tblrd		*+
  3832   001582  CFF5 FFEE          	movff	tablat,postinc0
  3833   001586  50E5               	movf	postdec1,w,c
  3834   001588  50E1               	movf	fsr1l,w,c
  3835   00158A  E1FA               	bnz	copy_data0
  3836                           
  3837                           ; Initialize objects allocated to COMRAM (3 bytes)
  3838                           ; load TBLPTR registers with __pidataCOMRAM
  3839   00158C  0E9F               	movlw	low __pidataCOMRAM
  3840   00158E  6EF6               	movwf	tblptrl,c
  3841   001590  0E10               	movlw	high __pidataCOMRAM
  3842   001592  6EF7               	movwf	tblptrh,c
  3843   001594  0E00               	movlw	low (__pidataCOMRAM shr (0+16))
  3844   001596  6EF8               	movwf	tblptru,c
  3845   001598  0009               	tblrd		*+	;fetch initializer
  3846   00159A  CFF5 F057          	movff	tablat,__pdataCOMRAM
  3847   00159E  0009               	tblrd		*+	;fetch initializer
  3848   0015A0  CFF5 F058          	movff	tablat,__pdataCOMRAM+1
  3849   0015A4  0009               	tblrd		*+	;fetch initializer
  3850   0015A6  CFF5 F059          	movff	tablat,__pdataCOMRAM+2
  3851                           
  3852                           ; Clear objects allocated to BANK2 (170 bytes)
  3853   0015AA  EE02  F000         	lfsr	0,__pbssBANK2
  3854   0015AE  0EAA               	movlw	170
  3855   0015B0                     clear_0:
  3856   0015B0  6AEE               	clrf	postinc0,c
  3857   0015B2  06E8               	decf	wreg,f,c
  3858   0015B4  E1FD               	bnz	clear_0
  3859                           
  3860                           ; Clear objects allocated to BANK1 (3 bytes)
  3861   0015B6  0101               	movlb	1
  3862   0015B8  6BC0               	clrf	(__pbssBANK1+2)& (0+255),b
  3863   0015BA  6BBF               	clrf	(__pbssBANK1+1)& (0+255),b
  3864   0015BC  6BBE               	clrf	__pbssBANK1& (0+255),b
  3865                           
  3866                           ; Clear objects allocated to BANK0 (9 bytes)
  3867   0015BE  EE00  F0CB         	lfsr	0,__pbssBANK0
  3868   0015C2  0E09               	movlw	9
  3869   0015C4                     clear_1:
  3870   0015C4  6AEE               	clrf	postinc0,c
  3871   0015C6  06E8               	decf	wreg,f,c
  3872   0015C8  E1FD               	bnz	clear_1
  3873                           
  3874                           ; Clear objects allocated to COMRAM (27 bytes)
  3875   0015CA  EE00  F03C         	lfsr	0,__pbssCOMRAM
  3876   0015CE  0E1B               	movlw	27
  3877   0015D0                     clear_2:
  3878   0015D0  6AEE               	clrf	postinc0,c
  3879   0015D2  06E8               	decf	wreg,f,c
  3880   0015D4  E1FD               	bnz	clear_2
  3881   0015D6                     end_of_initialization:
  3882                           	callstack 0
  3883   0015D6                     __end_of__initialization:
  3884                           	callstack 0
  3885   0015D6  0E00               	movlw	low (__Lmediumconst shr (0+16))
  3886   0015D8  6EF8               	movwf	tblptru,c
  3887   0015DA  0100               	movlb	0
  3888   0015DC  EFD1  F00B         	goto	_main	;jump to C main() function
  3889                           
  3890                           	psect	bssCOMRAM
  3891   00003C                     __pbssCOMRAM:
  3892                           	callstack 0
  3893   00003C                     _clock_reg:
  3894                           	callstack 0
  3895   00003C                     	ds	3
  3896   00003F                     set_time@delay:
  3897                           	callstack 0
  3898   00003F                     	ds	2
  3899   000041                     set_time@flag:
  3900                           	callstack 0
  3901   000041                     	ds	2
  3902   000043                     set_time@time_flag:
  3903                           	callstack 0
  3904   000043                     	ds	2
  3905   000045                     view_log@ind:
  3906                           	callstack 0
  3907   000045                     	ds	2
  3908   000047                     view_log@address:
  3909                           	callstack 0
  3910   000047                     	ds	2
  3911   000049                     _sec:
  3912                           	callstack 0
  3913   000049                     	ds	2
  3914   00004B                     _hour:
  3915                           	callstack 0
  3916   00004B                     	ds	2
  3917   00004D                     _min:
  3918                           	callstack 0
  3919   00004D                     	ds	2
  3920   00004F                     _ind:
  3921                           	callstack 0
  3922   00004F                     	ds	2
  3923   000051                     display_main_menu@menu_pos:
  3924                           	callstack 0
  3925   000051                     	ds	1
  3926   000052                     display_main_menu@ind_menu:
  3927                           	callstack 0
  3928   000052                     	ds	1
  3929   000053                     display_main_menu@star_flag:
  3930                           	callstack 0
  3931   000053                     	ds	1
  3932   000054                     _count:
  3933                           	callstack 0
  3934   000054                     	ds	1
  3935   000055                     _speed:
  3936                           	callstack 0
  3937   000055                     	ds	1
  3938   000056                     _key:
  3939                           	callstack 0
  3940   000056                     	ds	1
  3941                           
  3942                           	psect	dataCOMRAM
  3943   000057                     __pdataCOMRAM:
  3944                           	callstack 0
  3945   000057                     view_log@once:
  3946                           	callstack 0
  3947   000057                     	ds	2
  3948   000059                     read_matrix_keypad@once:
  3949                           	callstack 0
  3950   000059                     	ds	1
  3951                           
  3952                           	psect	bssBANK0
  3953   0000CB                     __pbssBANK0:
  3954                           	callstack 0
  3955   0000CB                     _time:
  3956                           	callstack 0
  3957   0000CB                     	ds	9
  3958                           
  3959                           	psect	dataBANK0
  3960   000060                     __pdataBANK0:
  3961                           	callstack 0
  3962   000060                     _menu:
  3963                           	callstack 0
  3964   000060                     	ds	80
  3965   0000B0                     _gear:
  3966                           	callstack 0
  3967   0000B0                     	ds	27
  3968                           
  3969                           	psect	bssBANK1
  3970   0001BE                     __pbssBANK1:
  3971                           	callstack 0
  3972   0001BE                     download_log@address:
  3973                           	callstack 0
  3974   0001BE                     	ds	2
  3975   0001C0                     _state:
  3976                           	callstack 0
  3977   0001C0                     	ds	1
  3978                           
  3979                           	psect	bssBANK2
  3980   000200                     __pbssBANK2:
  3981                           	callstack 0
  3982   000200                     view_log@view:
  3983                           	callstack 0
  3984   000200                     	ds	170
  3985                           
  3986                           	psect	cstackBANK1
  3987   000100                     __pcstackBANK1:
  3988                           	callstack 0
  3989   000100                     download_log@download_view:
  3990                           	callstack 0
  3991                           
  3992                           ; 170 bytes @ 0x0
  3993   000100                     	ds	170
  3994   0001AA                     download_log@delay:
  3995                           	callstack 0
  3996                           
  3997                           ; 4 bytes @ 0xAA
  3998   0001AA                     	ds	4
  3999   0001AE                     download_log@delay1:
  4000                           	callstack 0
  4001                           
  4002                           ; 4 bytes @ 0xAE
  4003   0001AE                     	ds	4
  4004   0001B2                     download_log@delay_212:
  4005                           	callstack 0
  4006                           
  4007                           ; 4 bytes @ 0xB2
  4008   0001B2                     	ds	4
  4009   0001B6                     download_log@delay1_213:
  4010                           	callstack 0
  4011                           
  4012                           ; 4 bytes @ 0xB6
  4013   0001B6                     	ds	4
  4014   0001BA                     download_log@i_208:
  4015                           	callstack 0
  4016                           
  4017                           ; 2 bytes @ 0xBA
  4018   0001BA                     	ds	2
  4019   0001BC                     download_log@i:
  4020                           	callstack 0
  4021                           
  4022                           ; 1 bytes @ 0xBC
  4023   0001BC                     	ds	1
  4024   0001BD                     download_log@j:
  4025                           	callstack 0
  4026                           
  4027                           ; 1 bytes @ 0xBD
  4028   0001BD                     	ds	1
  4029                           
  4030                           	psect	cstackCOMRAM
  4031   000001                     __pcstackCOMRAM:
  4032                           	callstack 0
  4033   000001                     ?_read_adc:
  4034                           	callstack 0
  4035   000001                     ?___awdiv:
  4036                           	callstack 0
  4037   000001                     ?___awmod:
  4038                           	callstack 0
  4039   000001                     ?___lwdiv:
  4040                           	callstack 0
  4041   000001                     ?___lwmod:
  4042                           	callstack 0
  4043   000001                     clcd_write@control_bit:
  4044                           	callstack 0
  4045   000001                     read_matrix_keypad@detection:
  4046                           	callstack 0
  4047   000001                     putch@byte:
  4048                           	callstack 0
  4049   000001                     i2c_write@data:
  4050                           	callstack 0
  4051   000001                     ___awdiv@dividend:
  4052                           	callstack 0
  4053   000001                     ___awmod@dividend:
  4054                           	callstack 0
  4055   000001                     ___lwdiv@dividend:
  4056                           	callstack 0
  4057   000001                     ___lwmod@dividend:
  4058                           	callstack 0
  4059   000001                     
  4060                           ; 1 bytes @ 0x0
  4061   000001                     	ds	1
  4062   000002                     clcd_write@byte:
  4063                           	callstack 0
  4064   000002                     read_matrix_keypad@key:
  4065                           	callstack 0
  4066   000002                     read_external_eeprom@address:
  4067                           	callstack 0
  4068   000002                     read_ds1307@address:
  4069                           	callstack 0
  4070   000002                     puts@s:
  4071                           	callstack 0
  4072   000002                     
  4073                           ; 1 bytes @ 0x1
  4074   000002                     	ds	1
  4075   000003                     read_external_eeprom@data:
  4076                           	callstack 0
  4077   000003                     read_ds1307@data:
  4078                           	callstack 0
  4079   000003                     clcd_print@data:
  4080                           	callstack 0
  4081   000003                     ___awdiv@divisor:
  4082                           	callstack 0
  4083   000003                     ___awmod@divisor:
  4084                           	callstack 0
  4085   000003                     ___lwdiv@divisor:
  4086                           	callstack 0
  4087   000003                     ___lwmod@divisor:
  4088                           	callstack 0
  4089   000003                     ??_init_clcd:
  4090   000003                     ??_read_adc:
  4091                           
  4092                           ; 1 bytes @ 0x2
  4093   000003                     	ds	1
  4094   000004                     write_external_eeprom@data:
  4095                           	callstack 0
  4096   000004                     
  4097                           ; 1 bytes @ 0x3
  4098   000004                     	ds	1
  4099   000005                     clcd_print@addr:
  4100                           	callstack 0
  4101   000005                     write_external_eeprom@address:
  4102                           	callstack 0
  4103   000005                     ___awdiv@counter:
  4104                           	callstack 0
  4105   000005                     ___awmod@counter:
  4106                           	callstack 0
  4107   000005                     ___lwmod@counter:
  4108                           	callstack 0
  4109   000005                     ___lwdiv@quotient:
  4110                           	callstack 0
  4111   000005                     
  4112                           ; 1 bytes @ 0x4
  4113   000005                     	ds	1
  4114   000006                     ___awdiv@sign:
  4115                           	callstack 0
  4116   000006                     ___awmod@sign:
  4117                           	callstack 0
  4118   000006                     write_external_eeprom@delay:
  4119                           	callstack 0
  4120   000006                     clear_log@delay:
  4121                           	callstack 0
  4122   000006                     ??_view_log:
  4123   000006                     ??_download_log:
  4124   000006                     
  4125                           ; 1 bytes @ 0x5
  4126   000006                     	ds	1
  4127   000007                     ?___xxtofl:
  4128                           	callstack 0
  4129   000007                     ___lwdiv@counter:
  4130                           	callstack 0
  4131   000007                     ___awdiv@quotient:
  4132                           	callstack 0
  4133   000007                     ___xxtofl@val:
  4134                           	callstack 0
  4135                           
  4136                           ; 4 bytes @ 0x6
  4137   000007                     	ds	1
  4138   000008                     write_ds1307@data:
  4139                           	callstack 0
  4140   000008                     view_log@delay:
  4141                           	callstack 0
  4142                           
  4143                           ; 4 bytes @ 0x7
  4144   000008                     	ds	1
  4145   000009                     clcd_putch@addr:
  4146                           	callstack 0
  4147   000009                     write_ds1307@address:
  4148                           	callstack 0
  4149   000009                     event_store@store:
  4150                           	callstack 0
  4151   000009                     
  4152                           ; 1 bytes @ 0x8
  4153   000009                     	ds	1
  4154   00000A                     clcd_putch@data:
  4155                           	callstack 0
  4156   00000A                     init_ds1307@dummy:
  4157                           	callstack 0
  4158   00000A                     clear_log@delay1:
  4159                           	callstack 0
  4160   00000A                     
  4161                           ; 1 bytes @ 0x9
  4162   00000A                     	ds	1
  4163   00000B                     ??_display_main_menu:
  4164   00000B                     ??_set_time:
  4165   00000B                     ??___xxtofl:
  4166                           
  4167                           ; 1 bytes @ 0xA
  4168   00000B                     	ds	1
  4169   00000C                     view_log@delay1:
  4170                           	callstack 0
  4171                           
  4172                           ; 4 bytes @ 0xB
  4173   00000C                     	ds	3
  4174   00000F                     ___xxtofl@sign:
  4175                           	callstack 0
  4176                           
  4177                           ; 1 bytes @ 0xE
  4178   00000F                     	ds	1
  4179   000010                     view_log@i:
  4180                           	callstack 0
  4181   000010                     ___xxtofl@exp:
  4182                           	callstack 0
  4183                           
  4184                           ; 1 bytes @ 0xF
  4185   000010                     	ds	1
  4186   000011                     view_log@j:
  4187                           	callstack 0
  4188   000011                     ___xxtofl@arg:
  4189                           	callstack 0
  4190                           
  4191                           ; 4 bytes @ 0x10
  4192   000011                     	ds	2
  4193   000013                     event_store@address:
  4194                           	callstack 0
  4195                           
  4196                           ; 2 bytes @ 0x12
  4197   000013                     	ds	2
  4198   000015                     ?___fldiv:
  4199                           	callstack 0
  4200   000015                     event_store@i:
  4201                           	callstack 0
  4202   000015                     ___fldiv@b:
  4203                           	callstack 0
  4204                           
  4205                           ; 4 bytes @ 0x14
  4206   000015                     	ds	4
  4207   000019                     ___fldiv@a:
  4208                           	callstack 0
  4209                           
  4210                           ; 4 bytes @ 0x18
  4211   000019                     	ds	4
  4212   00001D                     ??___fldiv:
  4213                           
  4214                           ; 1 bytes @ 0x1C
  4215   00001D                     	ds	4
  4216   000021                     ___fldiv@rem:
  4217                           	callstack 0
  4218                           
  4219                           ; 4 bytes @ 0x20
  4220   000021                     	ds	4
  4221   000025                     ___fldiv@sign:
  4222                           	callstack 0
  4223                           
  4224                           ; 1 bytes @ 0x24
  4225   000025                     	ds	1
  4226   000026                     ___fldiv@new_exp:
  4227                           	callstack 0
  4228                           
  4229                           ; 2 bytes @ 0x25
  4230   000026                     	ds	2
  4231   000028                     ___fldiv@grs:
  4232                           	callstack 0
  4233                           
  4234                           ; 4 bytes @ 0x27
  4235   000028                     	ds	4
  4236   00002C                     ___fldiv@bexp:
  4237                           	callstack 0
  4238                           
  4239                           ; 1 bytes @ 0x2B
  4240   00002C                     	ds	1
  4241   00002D                     ___fldiv@aexp:
  4242                           	callstack 0
  4243                           
  4244                           ; 1 bytes @ 0x2C
  4245   00002D                     	ds	1
  4246   00002E                     ?___fltol:
  4247                           	callstack 0
  4248   00002E                     ___fltol@f1:
  4249                           	callstack 0
  4250                           
  4251                           ; 4 bytes @ 0x2D
  4252   00002E                     	ds	4
  4253   000032                     ??___fltol:
  4254                           
  4255                           ; 1 bytes @ 0x31
  4256   000032                     	ds	4
  4257   000036                     ___fltol@sign1:
  4258                           	callstack 0
  4259                           
  4260                           ; 1 bytes @ 0x35
  4261   000036                     	ds	1
  4262   000037                     ___fltol@exp1:
  4263                           	callstack 0
  4264                           
  4265                           ; 1 bytes @ 0x36
  4266   000037                     	ds	1
  4267   000038                     ??_view_dashboard:
  4268                           
  4269                           ; 1 bytes @ 0x37
  4270   000038                     	ds	1
  4271   000039                     view_dashboard@key:
  4272                           	callstack 0
  4273                           
  4274                           ; 1 bytes @ 0x38
  4275   000039                     	ds	1
  4276   00003A                     ??_main:
  4277                           
  4278                           ; 1 bytes @ 0x39
  4279   00003A                     	ds	2
  4280                           
  4281 ;;
  4282 ;;Main: autosize = 0, tempsize = 2, incstack = 0, save=0
  4283 ;;
  4284 ;; *************** function _main *****************
  4285 ;; Defined at:
  4286 ;;		line 19 in file "main.c"
  4287 ;; Parameters:    Size  Location     Type
  4288 ;;		None
  4289 ;; Auto vars:     Size  Location     Type
  4290 ;;		None
  4291 ;; Return value:  Size  Location     Type
  4292 ;;                  1    wreg      void 
  4293 ;; Registers used:
  4294 ;;		wreg, fsr0l, fsr0h, fsr2l, fsr2h, status,2, status,0, tblptrl, tblptrh, tblptru, prodl, prodh, cstack
  4295 ;; Tracked objects:
  4296 ;;		On entry : 0/0
  4297 ;;		On exit  : 0/0
  4298 ;;		Unchanged: 0/0
  4299 ;; Data sizes:     COMRAM   BANK0   BANK1   BANK2   BANK3   BANK4   BANK5
  4300 ;;      Params:         0       0       0       0       0       0       0
  4301 ;;      Locals:         0       0       0       0       0       0       0
  4302 ;;      Temps:          2       0       0       0       0       0       0
  4303 ;;      Totals:         2       0       0       0       0       0       0
  4304 ;;Total ram usage:        2 bytes
  4305 ;; Hardware stack levels required when called: 6
  4306 ;; This function calls:
  4307 ;;		_clear_log
  4308 ;;		_display_main_menu
  4309 ;;		_download_log
  4310 ;;		_init_adc
  4311 ;;		_init_clcd
  4312 ;;		_init_config
  4313 ;;		_init_ds1307
  4314 ;;		_init_i2c
  4315 ;;		_init_matrix_keypad
  4316 ;;		_init_uart
  4317 ;;		_read_matrix_keypad
  4318 ;;		_set_time
  4319 ;;		_view_dashboard
  4320 ;;		_view_log
  4321 ;; This function is called by:
  4322 ;;		Startup code after reset
  4323 ;; This function uses a non-reentrant model
  4324 ;;
  4325                           
  4326                           	psect	text0
  4327   0017A2                     __ptext0:
  4328                           	callstack 0
  4329   0017A2                     _main:
  4330                           	callstack 25
  4331   0017A2                     
  4332                           ;main.c: 20:     init_config();
  4333   0017A2  EC54  F008         	call	_init_config	;wreg free
  4334   0017A6                     
  4335                           ;main.c: 21:     init_matrix_keypad();
  4336   0017A6  EC73  F008         	call	_init_matrix_keypad	;wreg free
  4337   0017AA                     
  4338                           ;main.c: 22:     init_clcd();
  4339   0017AA  EC7E  F00B         	call	_init_clcd	;wreg free
  4340   0017AE                     
  4341                           ;main.c: 23:     init_adc();
  4342   0017AE  ECC6  F008         	call	_init_adc	;wreg free
  4343   0017B2                     
  4344                           ;main.c: 24:     init_uart();
  4345   0017B2  ECB5  F008         	call	_init_uart	;wreg free
  4346   0017B6                     
  4347                           ;main.c: 25:     init_i2c();
  4348   0017B6  EC83  F008         	call	_init_i2c	;wreg free
  4349   0017BA                     
  4350                           ;main.c: 26:     init_ds1307();
  4351   0017BA  EC55  F009         	call	_init_ds1307	;wreg free
  4352   0017BE                     l3498:
  4353                           
  4354                           ;main.c: 30:         key = read_matrix_keypad(1);
  4355   0017BE  0E01               	movlw	1
  4356   0017C0  EC44  F00A         	call	_read_matrix_keypad
  4357   0017C4  6E56               	movwf	_key^0,c
  4358                           
  4359                           ;main.c: 32:         switch (state) {
  4360   0017C6  EFFD  F00B         	goto	l3514
  4361   0017CA                     l3500:
  4362                           
  4363                           ; BSR set to: 1
  4364                           ;main.c: 35:                 view_dashboard();
  4365   0017CA  EC04  F00F         	call	_view_dashboard	;wreg free
  4366                           
  4367                           ;main.c: 36:                 break;
  4368   0017CE  EFDF  F00B         	goto	l3498
  4369   0017D2                     l3502:
  4370                           
  4371                           ; BSR set to: 1
  4372                           ;main.c: 40:                 display_main_menu();
  4373   0017D2  EC60  F00E         	call	_display_main_menu	;wreg free
  4374                           
  4375                           ;main.c: 41:                 break;
  4376   0017D6  EFDF  F00B         	goto	l3498
  4377   0017DA                     l3504:
  4378                           
  4379                           ; BSR set to: 1
  4380                           ;main.c: 45:                 view_log();
  4381   0017DA  ECB0  F010         	call	_view_log	;wreg free
  4382                           
  4383                           ;main.c: 46:                 break;
  4384   0017DE  EFDF  F00B         	goto	l3498
  4385   0017E2                     l3506:
  4386                           
  4387                           ; BSR set to: 1
  4388                           ;main.c: 49:                 download_log();
  4389   0017E2  EC14  F012         	call	_download_log	;wreg free
  4390                           
  4391                           ;main.c: 50:                 break;
  4392   0017E6  EFDF  F00B         	goto	l3498
  4393   0017EA                     l3508:
  4394                           
  4395                           ; BSR set to: 1
  4396                           ;main.c: 53:                 clear_log();
  4397   0017EA  EC31  F00B         	call	_clear_log	;wreg free
  4398                           
  4399                           ;main.c: 54:                 break;
  4400   0017EE  EFDF  F00B         	goto	l3498
  4401   0017F2                     l3510:
  4402                           
  4403                           ; BSR set to: 1
  4404                           ;main.c: 57:                 set_time();
  4405   0017F2  EC64  F015         	call	_set_time	;wreg free
  4406                           
  4407                           ;main.c: 58:                 break;
  4408   0017F6  EFDF  F00B         	goto	l3498
  4409   0017FA                     l3514:
  4410   0017FA  0101               	movlb	1	; () banked
  4411   0017FC  51C0               	movf	_state& (0+255),w,b
  4412   0017FE  6E3A               	movwf	??_main^0,c
  4413   001800  6A3B               	clrf	(??_main+1)^0,c
  4414                           
  4415                           ; Switch on 2 bytes has been partitioned into a top level switch of size 1, and 1 sub-sw
      +                          itches
  4416                           ; Switch size 1, requested type "simple"
  4417                           ; Number of cases is 1, Range of values is 0 to 0
  4418                           ; switch strategies available:
  4419                           ; Name         Instructions Cycles
  4420                           ; simple_byte            4     3 (average)
  4421                           ;	Chosen strategy is simple_byte
  4422   001802  503B               	movf	(??_main+1)^0,w,c
  4423   001804  0A00               	xorlw	0	; case 0
  4424   001806  B4D8               	btfsc	status,2,c
  4425   001808  EF08  F00C         	goto	l3552
  4426   00180C  EFDF  F00B         	goto	l3498
  4427   001810                     l3552:
  4428                           
  4429                           ; BSR set to: 1
  4430                           ; Switch size 1, requested type "simple"
  4431                           ; Number of cases is 6, Range of values is 0 to 5
  4432                           ; switch strategies available:
  4433                           ; Name         Instructions Cycles
  4434                           ; simple_byte           19    10 (average)
  4435                           ;	Chosen strategy is simple_byte
  4436   001810  503A               	movf	??_main^0,w,c
  4437   001812  0A00               	xorlw	0	; case 0
  4438   001814  B4D8               	btfsc	status,2,c
  4439   001816  EFE5  F00B         	goto	l3500
  4440   00181A  0A01               	xorlw	1	; case 1
  4441   00181C  B4D8               	btfsc	status,2,c
  4442   00181E  EFE9  F00B         	goto	l3502
  4443   001822  0A03               	xorlw	3	; case 2
  4444   001824  B4D8               	btfsc	status,2,c
  4445   001826  EFED  F00B         	goto	l3504
  4446   00182A  0A01               	xorlw	1	; case 3
  4447   00182C  B4D8               	btfsc	status,2,c
  4448   00182E  EFF5  F00B         	goto	l3508
  4449   001832  0A07               	xorlw	7	; case 4
  4450   001834  B4D8               	btfsc	status,2,c
  4451   001836  EFF9  F00B         	goto	l3510
  4452   00183A  0A01               	xorlw	1	; case 5
  4453   00183C  B4D8               	btfsc	status,2,c
  4454   00183E  EFF1  F00B         	goto	l3506
  4455   001842  EFDF  F00B         	goto	l3498
  4456   001846  EF00  F000         	goto	start
  4457   00184A                     __end_of_main:
  4458                           	callstack 0
  4459                           
  4460 ;; *************** function _view_log *****************
  4461 ;; Defined at:
  4462 ;;		line 151 in file "black_box.c"
  4463 ;; Parameters:    Size  Location     Type
  4464 ;;		None
  4465 ;; Auto vars:     Size  Location     Type
  4466 ;;  delay1          4   11[COMRAM] unsigned long 
  4467 ;;  delay           4    7[COMRAM] unsigned long 
  4468 ;;  j               1   16[COMRAM] unsigned char 
  4469 ;;  i               1   15[COMRAM] unsigned char 
  4470 ;; Return value:  Size  Location     Type
  4471 ;;                  1    wreg      void 
  4472 ;; Registers used:
  4473 ;;		wreg, fsr0l, fsr0h, fsr2l, fsr2h, status,2, status,0, tblptrl, tblptrh, tblptru, prodl, prodh, cstack
  4474 ;; Tracked objects:
  4475 ;;		On entry : 0/0
  4476 ;;		On exit  : 0/0
  4477 ;;		Unchanged: 0/0
  4478 ;; Data sizes:     COMRAM   BANK0   BANK1   BANK2   BANK3   BANK4   BANK5
  4479 ;;      Params:         0       0       0       0       0       0       0
  4480 ;;      Locals:        10       0       0       0       0       0       0
  4481 ;;      Temps:          2       0       0       0       0       0       0
  4482 ;;      Totals:        12       0       0       0       0       0       0
  4483 ;;Total ram usage:       12 bytes
  4484 ;; Hardware stack levels used: 1
  4485 ;; Hardware stack levels required when called: 4
  4486 ;; This function calls:
  4487 ;;		_clcd_print
  4488 ;;		_clcd_write
  4489 ;;		_read_external_eeprom
  4490 ;; This function is called by:
  4491 ;;		_main
  4492 ;; This function uses a non-reentrant model
  4493 ;;
  4494                           
  4495                           	psect	text1
  4496   002160                     __ptext1:
  4497                           	callstack 0
  4498   002160                     _view_log:
  4499                           	callstack 26
  4500   002160  6A10               	clrf	view_log@i^0,c
  4501   002162                     
  4502                           ;black_box.c: 154:     static unsigned int address = 0X00, once = 1, ind = 0;;black_box.
      +                          c: 155:     static unsigned char view[10][17] = {};;black_box.c: 156:     clcd_print("# 
      +                          TIME     EV SP", (0x80 + (0)));
  4503   002162  0EC4               	movlw	low STR_2
  4504   002164  6E03               	movwf	clcd_print@data^0,c
  4505   002166  0E2F               	movlw	high STR_2
  4506   002168  6E04               	movwf	(clcd_print@data+1)^0,c
  4507   00216A  0E80               	movlw	128
  4508   00216C  6E05               	movwf	clcd_print@addr^0,c
  4509   00216E  EC0E  F00A         	call	_clcd_print	;wreg free
  4510   002172                     
  4511                           ;black_box.c: 157:     if (once)
  4512   002172  5057               	movf	view_log@once^0,w,c
  4513   002174  1058               	iorwf	(view_log@once+1)^0,w,c
  4514   002176  B4D8               	btfsc	status,2,c
  4515   002178  EFC0  F010         	goto	u2731
  4516   00217C  EFC2  F010         	goto	u2730
  4517   002180                     u2731:
  4518   002180  EF5C  F011         	goto	l3258
  4519   002184                     u2730:
  4520   002184                     
  4521                           ;black_box.c: 158:     {;black_box.c: 159:         for (i = 0; i < count; i++)
  4522   002184  6A10               	clrf	view_log@i^0,c
  4523   002186  EF4F  F011         	goto	l3254
  4524   00218A                     l156:
  4525   00218A                     
  4526                           ;black_box.c: 162:             view[i][j] = i + '0';
  4527   00218A  5010               	movf	view_log@i^0,w,c
  4528   00218C  0D11               	mullw	17
  4529   00218E  0E00               	movlw	low view_log@view
  4530   002190  24F3               	addwf	243,w,c
  4531   002192  6ED9               	movwf	fsr2l,c
  4532   002194  0E02               	movlw	high view_log@view
  4533   002196  20F4               	addwfc	prodh,w,c
  4534   002198  6EDA               	movwf	fsr2h,c
  4535   00219A  5010               	movf	view_log@i^0,w,c
  4536   00219C  0F30               	addlw	48
  4537   00219E  6EDF               	movwf	indf2,c
  4538   0021A0                     
  4539                           ;black_box.c: 163:             for (j = 1; j < 16; j++)
  4540   0021A0  0E01               	movlw	1
  4541   0021A2  6E11               	movwf	view_log@j^0,c
  4542   0021A4                     l3228:
  4543                           
  4544                           ;black_box.c: 164:             {;black_box.c: 165:                 if (j == 1 || j == 10
      +                           || j == 13)
  4545   0021A4  0411               	decf	view_log@j^0,w,c
  4546   0021A6  B4D8               	btfsc	status,2,c
  4547   0021A8  EFD8  F010         	goto	u2741
  4548   0021AC  EFDA  F010         	goto	u2740
  4549   0021B0                     u2741:
  4550   0021B0  EFEC  F010         	goto	l3234
  4551   0021B4                     u2740:
  4552   0021B4  0E0A               	movlw	10
  4553   0021B6  1811               	xorwf	view_log@j^0,w,c
  4554   0021B8  B4D8               	btfsc	status,2,c
  4555   0021BA  EFE1  F010         	goto	u2751
  4556   0021BE  EFE3  F010         	goto	u2750
  4557   0021C2                     u2751:
  4558   0021C2  EFEC  F010         	goto	l3234
  4559   0021C6                     u2750:
  4560   0021C6  0E0D               	movlw	13
  4561   0021C8  1811               	xorwf	view_log@j^0,w,c
  4562   0021CA  A4D8               	btfss	status,2,c
  4563   0021CC  EFEA  F010         	goto	u2761
  4564   0021D0  EFEC  F010         	goto	u2760
  4565   0021D4                     u2761:
  4566   0021D4  EFFE  F010         	goto	l3236
  4567   0021D8                     u2760:
  4568   0021D8                     l3234:
  4569                           
  4570                           ;black_box.c: 166:                 {;black_box.c: 167:                     view[i][j] = 
      +                          ' ';
  4571   0021D8  5010               	movf	view_log@i^0,w,c
  4572   0021DA  0D11               	mullw	17
  4573   0021DC  0E00               	movlw	low view_log@view
  4574   0021DE  24F3               	addwf	243,w,c
  4575   0021E0  6E06               	movwf	??_view_log^0,c
  4576   0021E2  0E02               	movlw	high view_log@view
  4577   0021E4  20F4               	addwfc	prodh,w,c
  4578   0021E6  6E07               	movwf	(??_view_log+1)^0,c
  4579   0021E8  5011               	movf	view_log@j^0,w,c
  4580   0021EA  2406               	addwf	??_view_log^0,w,c
  4581   0021EC  6ED9               	movwf	fsr2l,c
  4582   0021EE  0E00               	movlw	0
  4583   0021F0  2007               	addwfc	(??_view_log+1)^0,w,c
  4584   0021F2  6EDA               	movwf	fsr2h,c
  4585   0021F4  0E20               	movlw	32
  4586   0021F6  6EDF               	movwf	indf2,c
  4587                           
  4588                           ;black_box.c: 168:                 } else if (j == 4 || j == 7)
  4589   0021F8  EF36  F011         	goto	l3246
  4590   0021FC                     l3236:
  4591   0021FC  0E04               	movlw	4
  4592   0021FE  1811               	xorwf	view_log@j^0,w,c
  4593   002200  B4D8               	btfsc	status,2,c
  4594   002202  EF05  F011         	goto	u2771
  4595   002206  EF07  F011         	goto	u2770
  4596   00220A                     u2771:
  4597   00220A  EF10  F011         	goto	l3240
  4598   00220E                     u2770:
  4599   00220E  0E07               	movlw	7
  4600   002210  1811               	xorwf	view_log@j^0,w,c
  4601   002212  A4D8               	btfss	status,2,c
  4602   002214  EF0E  F011         	goto	u2781
  4603   002218  EF10  F011         	goto	u2780
  4604   00221C                     u2781:
  4605   00221C  EF22  F011         	goto	l3242
  4606   002220                     u2780:
  4607   002220                     l3240:
  4608                           
  4609                           ;black_box.c: 169:                 {;black_box.c: 170:                     view[i][j] = 
      +                          ':';
  4610   002220  5010               	movf	view_log@i^0,w,c
  4611   002222  0D11               	mullw	17
  4612   002224  0E00               	movlw	low view_log@view
  4613   002226  24F3               	addwf	243,w,c
  4614   002228  6E06               	movwf	??_view_log^0,c
  4615   00222A  0E02               	movlw	high view_log@view
  4616   00222C  20F4               	addwfc	prodh,w,c
  4617   00222E  6E07               	movwf	(??_view_log+1)^0,c
  4618   002230  5011               	movf	view_log@j^0,w,c
  4619   002232  2406               	addwf	??_view_log^0,w,c
  4620   002234  6ED9               	movwf	fsr2l,c
  4621   002236  0E00               	movlw	0
  4622   002238  2007               	addwfc	(??_view_log+1)^0,w,c
  4623   00223A  6EDA               	movwf	fsr2h,c
  4624   00223C  0E3A               	movlw	58
  4625   00223E  6EDF               	movwf	indf2,c
  4626                           
  4627                           ;black_box.c: 171:                 } else {
  4628   002240  EF36  F011         	goto	l3246
  4629   002244                     l3242:
  4630                           
  4631                           ;black_box.c: 172:                     view[i][j] = read_external_eeprom(address++);
  4632   002244  5010               	movf	view_log@i^0,w,c
  4633   002246  0D11               	mullw	17
  4634   002248  0E00               	movlw	low view_log@view
  4635   00224A  24F3               	addwf	243,w,c
  4636   00224C  6E06               	movwf	??_view_log^0,c
  4637   00224E  0E02               	movlw	high view_log@view
  4638   002250  20F4               	addwfc	prodh,w,c
  4639   002252  6E07               	movwf	(??_view_log+1)^0,c
  4640   002254  5011               	movf	view_log@j^0,w,c
  4641   002256  2406               	addwf	??_view_log^0,w,c
  4642   002258  6ED9               	movwf	fsr2l,c
  4643   00225A  0E00               	movlw	0
  4644   00225C  2007               	addwfc	(??_view_log+1)^0,w,c
  4645   00225E  6EDA               	movwf	fsr2h,c
  4646   002260  5047               	movf	view_log@address^0,w,c
  4647   002262  ECDA  F008         	call	_read_external_eeprom
  4648   002266  6EDF               	movwf	indf2,c
  4649   002268  4A47               	infsnz	view_log@address^0,f,c
  4650   00226A  2A48               	incf	(view_log@address+1)^0,f,c
  4651   00226C                     l3246:
  4652                           
  4653                           ;black_box.c: 174:             }
  4654   00226C  2A11               	incf	view_log@j^0,f,c
  4655   00226E  0E0F               	movlw	15
  4656   002270  6411               	cpfsgt	view_log@j^0,c
  4657   002272  EF3D  F011         	goto	u2791
  4658   002276  EF3F  F011         	goto	u2790
  4659   00227A                     u2791:
  4660   00227A  EFD2  F010         	goto	l3228
  4661   00227E                     u2790:
  4662   00227E                     
  4663                           ;black_box.c: 175:             view[i][j] = '\0';
  4664   00227E  5010               	movf	view_log@i^0,w,c
  4665   002280  0D11               	mullw	17
  4666   002282  0E00               	movlw	low view_log@view
  4667   002284  24F3               	addwf	243,w,c
  4668   002286  6E06               	movwf	??_view_log^0,c
  4669   002288  0E02               	movlw	high view_log@view
  4670   00228A  20F4               	addwfc	prodh,w,c
  4671   00228C  6E07               	movwf	(??_view_log+1)^0,c
  4672   00228E  5011               	movf	view_log@j^0,w,c
  4673   002290  2406               	addwf	??_view_log^0,w,c
  4674   002292  6ED9               	movwf	fsr2l,c
  4675   002294  0E00               	movlw	0
  4676   002296  2007               	addwfc	(??_view_log+1)^0,w,c
  4677   002298  6EDA               	movwf	fsr2h,c
  4678   00229A  6ADF               	clrf	indf2,c
  4679   00229C                     
  4680                           ;black_box.c: 176:         }
  4681   00229C  2A10               	incf	view_log@i^0,f,c
  4682   00229E                     l3254:
  4683   00229E  5054               	movf	_count^0,w,c
  4684   0022A0  5C10               	subwf	view_log@i^0,w,c
  4685   0022A2  A0D8               	btfss	status,0,c
  4686   0022A4  EF56  F011         	goto	u2801
  4687   0022A8  EF58  F011         	goto	u2800
  4688   0022AC                     u2801:
  4689   0022AC  EFC5  F010         	goto	l156
  4690   0022B0                     u2800:
  4691   0022B0                     
  4692                           ;black_box.c: 177:         once = 0;
  4693   0022B0  0E00               	movlw	0
  4694   0022B2  6E58               	movwf	(view_log@once+1)^0,c
  4695   0022B4  0E00               	movlw	0
  4696   0022B6  6E57               	movwf	view_log@once^0,c
  4697   0022B8                     l3258:
  4698                           
  4699                           ;black_box.c: 180:     if (key == 1 && ind < count - 1)
  4700   0022B8  0456               	decf	_key^0,w,c
  4701   0022BA  A4D8               	btfss	status,2,c
  4702   0022BC  EF62  F011         	goto	u2811
  4703   0022C0  EF64  F011         	goto	u2810
  4704   0022C4                     u2811:
  4705   0022C4  EF79  F011         	goto	l3264
  4706   0022C8                     u2810:
  4707   0022C8  0EFF               	movlw	255
  4708   0022CA  2454               	addwf	_count^0,w,c
  4709   0022CC  6E06               	movwf	??_view_log^0,c
  4710   0022CE  6A07               	clrf	(??_view_log+1)^0,c
  4711   0022D0  0EFF               	movlw	255
  4712   0022D2  2207               	addwfc	(??_view_log+1)^0,f,c
  4713   0022D4  5006               	movf	??_view_log^0,w,c
  4714   0022D6  5C45               	subwf	view_log@ind^0,w,c
  4715   0022D8  5007               	movf	(??_view_log+1)^0,w,c
  4716   0022DA  5846               	subwfb	(view_log@ind+1)^0,w,c
  4717   0022DC  B0D8               	btfsc	status,0,c
  4718   0022DE  EF73  F011         	goto	u2821
  4719   0022E2  EF75  F011         	goto	u2820
  4720   0022E6                     u2821:
  4721   0022E6  EF79  F011         	goto	l3264
  4722   0022EA                     u2820:
  4723   0022EA                     
  4724                           ;black_box.c: 181:     {;black_box.c: 182:         ind++;
  4725   0022EA  4A45               	infsnz	view_log@ind^0,f,c
  4726   0022EC  2A46               	incf	(view_log@ind+1)^0,f,c
  4727                           
  4728                           ;black_box.c: 183:     } else if (key == 2 && ind > 0)
  4729   0022EE  EF8E  F011         	goto	l3270
  4730   0022F2                     l3264:
  4731   0022F2  0E02               	movlw	2
  4732   0022F4  1856               	xorwf	_key^0,w,c
  4733   0022F6  A4D8               	btfss	status,2,c
  4734   0022F8  EF80  F011         	goto	u2831
  4735   0022FC  EF82  F011         	goto	u2830
  4736   002300                     u2831:
  4737   002300  EF8E  F011         	goto	l3270
  4738   002304                     u2830:
  4739   002304  5045               	movf	view_log@ind^0,w,c
  4740   002306  1046               	iorwf	(view_log@ind+1)^0,w,c
  4741   002308  B4D8               	btfsc	status,2,c
  4742   00230A  EF89  F011         	goto	u2841
  4743   00230E  EF8B  F011         	goto	u2840
  4744   002312                     u2841:
  4745   002312  EF8E  F011         	goto	l3270
  4746   002316                     u2840:
  4747   002316                     
  4748                           ;black_box.c: 184:     {;black_box.c: 185:         ind--;
  4749   002316  0645               	decf	view_log@ind^0,f,c
  4750   002318  A0D8               	btfss	status,0,c
  4751   00231A  0646               	decf	(view_log@ind+1)^0,f,c
  4752   00231C                     l3270:
  4753                           
  4754                           ;black_box.c: 187:     if (key == 12)
  4755   00231C  0E0C               	movlw	12
  4756   00231E  1856               	xorwf	_key^0,w,c
  4757   002320  A4D8               	btfss	status,2,c
  4758   002322  EF95  F011         	goto	u2851
  4759   002326  EF97  F011         	goto	u2850
  4760   00232A                     u2851:
  4761   00232A  EFA6  F011         	goto	l171
  4762   00232E                     u2850:
  4763   00232E                     
  4764                           ;black_box.c: 188:     {;black_box.c: 189:         state = e_main_menu;
  4765   00232E  0E01               	movlw	1
  4766   002330  0101               	movlb	1	; () banked
  4767   002332  6FC0               	movwf	_state& (0+255),b
  4768                           
  4769                           ;black_box.c: 190:         once = 1;
  4770   002334  0E00               	movlw	0
  4771   002336  6E58               	movwf	(view_log@once+1)^0,c
  4772   002338  0E01               	movlw	1
  4773   00233A  6E57               	movwf	view_log@once^0,c
  4774                           
  4775                           ;black_box.c: 191:         ind = 0;
  4776   00233C  0E00               	movlw	0
  4777   00233E  6E46               	movwf	(view_log@ind+1)^0,c
  4778   002340  0E00               	movlw	0
  4779   002342  6E45               	movwf	view_log@ind^0,c
  4780                           
  4781                           ;black_box.c: 192:         address = 0;
  4782   002344  0E00               	movlw	0
  4783   002346  6E48               	movwf	(view_log@address+1)^0,c
  4784   002348  0E00               	movlw	0
  4785   00234A  6E47               	movwf	view_log@address^0,c
  4786   00234C                     l171:
  4787                           
  4788                           ;black_box.c: 194:     if (count == 0)
  4789   00234C  5054               	movf	_count^0,w,c
  4790   00234E  A4D8               	btfss	status,2,c
  4791   002350  EFAC  F011         	goto	u2861
  4792   002354  EFAE  F011         	goto	u2860
  4793   002358                     u2861:
  4794   002358  EF00  F012         	goto	l3290
  4795   00235C                     u2860:
  4796   00235C                     
  4797                           ;black_box.c: 195:     {;black_box.c: 196:         clcd_write(0x01, 0);
  4798   00235C  0E00               	movlw	0
  4799   00235E  6E01               	movwf	clcd_write@control_bit^0,c
  4800   002360  0E01               	movlw	1
  4801   002362  EC19  F009         	call	_clcd_write
  4802   002366                     
  4803                           ;black_box.c: 197:         clcd_print("NO LOG R PRESENT", (0x80 + (0)));
  4804   002366  0ED5               	movlw	low STR_3
  4805   002368  6E03               	movwf	clcd_print@data^0,c
  4806   00236A  0E2F               	movlw	high STR_3
  4807   00236C  6E04               	movwf	(clcd_print@data+1)^0,c
  4808   00236E  0E80               	movlw	128
  4809   002370  6E05               	movwf	clcd_print@addr^0,c
  4810   002372  EC0E  F00A         	call	_clcd_print	;wreg free
  4811   002376                     
  4812                           ;black_box.c: 198:         clcd_print("                ", (0xC0 + (0)));
  4813   002376  0E80               	movlw	low STR_4
  4814   002378  6E03               	movwf	clcd_print@data^0,c
  4815   00237A  0E2F               	movlw	high STR_4
  4816   00237C  6E04               	movwf	(clcd_print@data+1)^0,c
  4817   00237E  0EC0               	movlw	192
  4818   002380  6E05               	movwf	clcd_print@addr^0,c
  4819   002382  EC0E  F00A         	call	_clcd_print	;wreg free
  4820   002386                     
  4821                           ;black_box.c: 199:         for (unsigned long int delay = 500; delay--;)
  4822   002386  0EF4               	movlw	244
  4823   002388  6E08               	movwf	view_log@delay^0,c
  4824   00238A  0E01               	movlw	1
  4825   00238C  6E09               	movwf	(view_log@delay+1)^0,c
  4826   00238E  0E00               	movlw	0
  4827   002390  6E0A               	movwf	(view_log@delay+2)^0,c
  4828   002392  0E00               	movlw	0
  4829   002394  6E0B               	movwf	(view_log@delay+3)^0,c
  4830   002396  EFE8  F011         	goto	l3286
  4831   00239A                     l3282:
  4832                           
  4833                           ;black_box.c: 200:             for (unsigned long int delay1 = 1000; delay1--;);
  4834   00239A  0EE8               	movlw	232
  4835   00239C  6E0C               	movwf	view_log@delay1^0,c
  4836   00239E  0E03               	movlw	3
  4837   0023A0  6E0D               	movwf	(view_log@delay1+1)^0,c
  4838   0023A2  0E00               	movlw	0
  4839   0023A4  6E0E               	movwf	(view_log@delay1+2)^0,c
  4840   0023A6  0E00               	movlw	0
  4841   0023A8  6E0F               	movwf	(view_log@delay1+3)^0,c
  4842   0023AA                     l3284:
  4843   0023AA  060C               	decf	view_log@delay1^0,f,c
  4844   0023AC  0E00               	movlw	0
  4845   0023AE  5A0D               	subwfb	(view_log@delay1+1)^0,f,c
  4846   0023B0  5A0E               	subwfb	(view_log@delay1+2)^0,f,c
  4847   0023B2  5A0F               	subwfb	(view_log@delay1+3)^0,f,c
  4848   0023B4  280C               	incf	view_log@delay1^0,w,c
  4849   0023B6  E10A               	bnz	u2871
  4850   0023B8  280D               	incf	(view_log@delay1+1)^0,w,c
  4851   0023BA  E108               	bnz	u2871
  4852   0023BC  280E               	incf	(view_log@delay1+2)^0,w,c
  4853   0023BE  E106               	bnz	u2871
  4854   0023C0  280F               	incf	(view_log@delay1+3)^0,w,c
  4855   0023C2  A4D8               	btfss	status,2,c
  4856   0023C4  EFE6  F011         	goto	u2871
  4857   0023C8  EFE8  F011         	goto	u2870
  4858   0023CC                     u2871:
  4859   0023CC  EFD5  F011         	goto	l3284
  4860   0023D0                     u2870:
  4861   0023D0                     l3286:
  4862   0023D0  0608               	decf	view_log@delay^0,f,c
  4863   0023D2  0E00               	movlw	0
  4864   0023D4  5A09               	subwfb	(view_log@delay+1)^0,f,c
  4865   0023D6  5A0A               	subwfb	(view_log@delay+2)^0,f,c
  4866   0023D8  5A0B               	subwfb	(view_log@delay+3)^0,f,c
  4867   0023DA  2808               	incf	view_log@delay^0,w,c
  4868   0023DC  E10A               	bnz	u2881
  4869   0023DE  2809               	incf	(view_log@delay+1)^0,w,c
  4870   0023E0  E108               	bnz	u2881
  4871   0023E2  280A               	incf	(view_log@delay+2)^0,w,c
  4872   0023E4  E106               	bnz	u2881
  4873   0023E6  280B               	incf	(view_log@delay+3)^0,w,c
  4874   0023E8  A4D8               	btfss	status,2,c
  4875   0023EA  EFF9  F011         	goto	u2881
  4876   0023EE  EFFB  F011         	goto	u2880
  4877   0023F2                     u2881:
  4878   0023F2  EFCD  F011         	goto	l3282
  4879   0023F6                     u2880:
  4880   0023F6                     
  4881                           ;black_box.c: 201:         state = e_main_menu;
  4882   0023F6  0E01               	movlw	1
  4883   0023F8  0101               	movlb	1	; () banked
  4884   0023FA  6FC0               	movwf	_state& (0+255),b
  4885                           
  4886                           ;black_box.c: 203:     } else {
  4887   0023FC  EF13  F012         	goto	l180
  4888   002400                     l3290:
  4889                           
  4890                           ;black_box.c: 204:         clcd_print(view[ind], (0xC0 + (0)));
  4891   002400  0E11               	movlw	17
  4892   002402  0245               	mulwf	view_log@ind^0,c
  4893   002404  CFF3 F006          	movff	prodl,??_view_log
  4894   002408  CFF4 F007          	movff	prodh,??_view_log+1
  4895   00240C  0246               	mulwf	(view_log@ind+1)^0,c
  4896   00240E  50F3               	movf	prodl,w,c
  4897   002410  2607               	addwf	(??_view_log+1)^0,f,c
  4898   002412  0E00               	movlw	low view_log@view
  4899   002414  2406               	addwf	??_view_log^0,w,c
  4900   002416  6E03               	movwf	clcd_print@data^0,c
  4901   002418  0E02               	movlw	high view_log@view
  4902   00241A  2007               	addwfc	(??_view_log+1)^0,w,c
  4903   00241C  6E04               	movwf	(clcd_print@data+1)^0,c
  4904   00241E  0EC0               	movlw	192
  4905   002420  6E05               	movwf	clcd_print@addr^0,c
  4906   002422  EC0E  F00A         	call	_clcd_print	;wreg free
  4907   002426                     l180:
  4908   002426  0012               	return		;funcret
  4909   002428                     __end_of_view_log:
  4910                           	callstack 0
  4911                           
  4912 ;; *************** function _view_dashboard *****************
  4913 ;; Defined at:
  4914 ;;		line 21 in file "black_box.c"
  4915 ;; Parameters:    Size  Location     Type
  4916 ;;		None
  4917 ;; Auto vars:     Size  Location     Type
  4918 ;;  key             1   56[COMRAM] unsigned char 
  4919 ;; Return value:  Size  Location     Type
  4920 ;;                  1    wreg      void 
  4921 ;; Registers used:
  4922 ;;		wreg, fsr0l, fsr0h, fsr2l, fsr2h, status,2, status,0, tblptrl, tblptrh, tblptru, prodl, prodh, cstack
  4923 ;; Tracked objects:
  4924 ;;		On entry : 0/0
  4925 ;;		On exit  : 0/0
  4926 ;;		Unchanged: 0/0
  4927 ;; Data sizes:     COMRAM   BANK0   BANK1   BANK2   BANK3   BANK4   BANK5
  4928 ;;      Params:         0       0       0       0       0       0       0
  4929 ;;      Locals:         1       0       0       0       0       0       0
  4930 ;;      Temps:          1       0       0       0       0       0       0
  4931 ;;      Totals:         2       0       0       0       0       0       0
  4932 ;;Total ram usage:        2 bytes
  4933 ;; Hardware stack levels used: 1
  4934 ;; Hardware stack levels required when called: 5
  4935 ;; This function calls:
  4936 ;;		___awdiv
  4937 ;;		___awmod
  4938 ;;		___fldiv
  4939 ;;		___fltol
  4940 ;;		___xxtofl
  4941 ;;		_clcd_print
  4942 ;;		_clcd_putch
  4943 ;;		_event_store
  4944 ;;		_get_time
  4945 ;;		_read_adc
  4946 ;;		_read_matrix_keypad
  4947 ;; This function is called by:
  4948 ;;		_main
  4949 ;; This function uses a non-reentrant model
  4950 ;;
  4951                           
  4952                           	psect	text2
  4953   001E08                     __ptext2:
  4954                           	callstack 0
  4955   001E08                     _view_dashboard:
  4956                           	callstack 25
  4957   001E08                     
  4958                           ;black_box.c: 23:     clcd_print("TIME      EV  SP", (0x80 + (0)));
  4959   001E08  0EB3               	movlw	low STR_1
  4960   001E0A  6E03               	movwf	clcd_print@data^0,c
  4961   001E0C  0E2F               	movlw	high STR_1
  4962   001E0E  6E04               	movwf	(clcd_print@data+1)^0,c
  4963   001E10  0E80               	movlw	128
  4964   001E12  6E05               	movwf	clcd_print@addr^0,c
  4965   001E14  EC0E  F00A         	call	_clcd_print	;wreg free
  4966                           
  4967                           ;black_box.c: 24:     clcd_print(time, (0xC0 + (0)));
  4968   001E18  0ECB               	movlw	low _time
  4969   001E1A  6E03               	movwf	clcd_print@data^0,c
  4970   001E1C  6A04               	clrf	(clcd_print@data+1)^0,c
  4971   001E1E  0EC0               	movlw	192
  4972   001E20  6E05               	movwf	clcd_print@addr^0,c
  4973   001E22  EC0E  F00A         	call	_clcd_print	;wreg free
  4974   001E26                     
  4975                           ;black_box.c: 25:     clcd_print(gear[ind], (0xC0 + (10)));
  4976   001E26  504F               	movf	_ind^0,w,c
  4977   001E28  0D03               	mullw	3
  4978   001E2A  50F3               	movf	243,w,c
  4979   001E2C  0FB0               	addlw	low _gear
  4980   001E2E  6E38               	movwf	??_view_dashboard^0,c
  4981   001E30  C038  F003         	movff	??_view_dashboard,clcd_print@data
  4982   001E34  6A04               	clrf	(clcd_print@data+1)^0,c
  4983   001E36  0ECA               	movlw	202
  4984   001E38  6E05               	movwf	clcd_print@addr^0,c
  4985   001E3A  EC0E  F00A         	call	_clcd_print	;wreg free
  4986   001E3E                     
  4987                           ;black_box.c: 26:     unsigned char key = read_matrix_keypad(1);
  4988   001E3E  0E01               	movlw	1
  4989   001E40  EC44  F00A         	call	_read_matrix_keypad
  4990   001E44  6E39               	movwf	view_dashboard@key^0,c
  4991   001E46                     
  4992                           ;black_box.c: 28:     get_time();
  4993   001E46  ECF0  F00A         	call	_get_time	;wreg free
  4994   001E4A                     
  4995                           ;black_box.c: 29:     if (key == 1)
  4996   001E4A  0439               	decf	view_dashboard@key^0,w,c
  4997   001E4C  A4D8               	btfss	status,2,c
  4998   001E4E  EF2B  F00F         	goto	u2541
  4999   001E52  EF2D  F00F         	goto	u2540
  5000   001E56                     u2541:
  5001   001E56  EF4E  F00F         	goto	l3136
  5002   001E5A                     u2540:
  5003   001E5A                     
  5004                           ;black_box.c: 30:     {;black_box.c: 31:         if (ind == 8)
  5005   001E5A  0E08               	movlw	8
  5006   001E5C  184F               	xorwf	_ind^0,w,c
  5007   001E5E  1050               	iorwf	(_ind+1)^0,w,c
  5008   001E60  A4D8               	btfss	status,2,c
  5009   001E62  EF35  F00F         	goto	u2551
  5010   001E66  EF37  F00F         	goto	u2550
  5011   001E6A                     u2551:
  5012   001E6A  EF3D  F00F         	goto	l3130
  5013   001E6E                     u2550:
  5014   001E6E                     l3128:
  5015                           
  5016                           ;black_box.c: 32:             ind = 1;
  5017   001E6E  0E00               	movlw	0
  5018   001E70  6E50               	movwf	(_ind+1)^0,c
  5019   001E72  0E01               	movlw	1
  5020   001E74  6E4F               	movwf	_ind^0,c
  5021   001E76  EF4A  F00F         	goto	l3134
  5022   001E7A                     l3130:
  5023   001E7A  5050               	movf	(_ind+1)^0,w,c
  5024   001E7C  E107               	bnz	u2561
  5025   001E7E  0E07               	movlw	7
  5026   001E80  5C4F               	subwf	_ind^0,w,c
  5027   001E82  B0D8               	btfsc	status,0,c
  5028   001E84  EF46  F00F         	goto	u2561
  5029   001E88  EF48  F00F         	goto	u2560
  5030   001E8C                     u2561:
  5031   001E8C  EF4A  F00F         	goto	l3134
  5032   001E90                     u2560:
  5033   001E90                     
  5034                           ;black_box.c: 34:             ind++;
  5035   001E90  4A4F               	infsnz	_ind^0,f,c
  5036   001E92  2A50               	incf	(_ind+1)^0,f,c
  5037   001E94                     l3134:
  5038                           
  5039                           ;black_box.c: 35:         event_store();
  5040   001E94  ECDD  F00C         	call	_event_store	;wreg free
  5041                           
  5042                           ;black_box.c: 36:     } else if (key == 2)
  5043   001E98  EF82  F00F         	goto	l3154
  5044   001E9C                     l3136:
  5045   001E9C  0E02               	movlw	2
  5046   001E9E  1839               	xorwf	view_dashboard@key^0,w,c
  5047   001EA0  A4D8               	btfss	status,2,c
  5048   001EA2  EF55  F00F         	goto	u2571
  5049   001EA6  EF57  F00F         	goto	u2570
  5050   001EAA                     u2571:
  5051   001EAA  EF73  F00F         	goto	l3148
  5052   001EAE                     u2570:
  5053   001EAE                     
  5054                           ;black_box.c: 37:     {;black_box.c: 38:         if (ind == 8)
  5055   001EAE  0E08               	movlw	8
  5056   001EB0  184F               	xorwf	_ind^0,w,c
  5057   001EB2  1050               	iorwf	(_ind+1)^0,w,c
  5058   001EB4  A4D8               	btfss	status,2,c
  5059   001EB6  EF5F  F00F         	goto	u2581
  5060   001EBA  EF61  F00F         	goto	u2580
  5061   001EBE                     u2581:
  5062   001EBE  EF63  F00F         	goto	l3142
  5063   001EC2                     u2580:
  5064   001EC2  EF37  F00F         	goto	l3128
  5065   001EC6                     l3142:
  5066   001EC6  5050               	movf	(_ind+1)^0,w,c
  5067   001EC8  E109               	bnz	u2590
  5068   001ECA  0E02               	movlw	2
  5069   001ECC  5C4F               	subwf	_ind^0,w,c
  5070   001ECE  A0D8               	btfss	status,0,c
  5071   001ED0  EF6C  F00F         	goto	u2591
  5072   001ED4  EF6E  F00F         	goto	u2590
  5073   001ED8                     u2591:
  5074   001ED8  EF4A  F00F         	goto	l3134
  5075   001EDC                     u2590:
  5076   001EDC                     
  5077                           ;black_box.c: 41:             ind--;
  5078   001EDC  064F               	decf	_ind^0,f,c
  5079   001EDE  A0D8               	btfss	status,0,c
  5080   001EE0  0650               	decf	(_ind+1)^0,f,c
  5081   001EE2  EF4A  F00F         	goto	l3134
  5082   001EE6                     l3148:
  5083   001EE6  0E03               	movlw	3
  5084   001EE8  1839               	xorwf	view_dashboard@key^0,w,c
  5085   001EEA  A4D8               	btfss	status,2,c
  5086   001EEC  EF7A  F00F         	goto	u2601
  5087   001EF0  EF7C  F00F         	goto	u2600
  5088   001EF4                     u2601:
  5089   001EF4  EF82  F00F         	goto	l3154
  5090   001EF8                     u2600:
  5091   001EF8                     
  5092                           ;black_box.c: 44:     {;black_box.c: 45:         ind = 8;
  5093   001EF8  0E00               	movlw	0
  5094   001EFA  6E50               	movwf	(_ind+1)^0,c
  5095   001EFC  0E08               	movlw	8
  5096   001EFE  6E4F               	movwf	_ind^0,c
  5097   001F00  EF4A  F00F         	goto	l3134
  5098   001F04                     l3154:
  5099                           
  5100                           ;black_box.c: 48:     speed = read_adc() / 10.33;
  5101   001F04  0EAE               	movlw	174
  5102   001F06  6E19               	movwf	___fldiv@a^0,c
  5103   001F08  0E47               	movlw	71
  5104   001F0A  6E1A               	movwf	(___fldiv@a+1)^0,c
  5105   001F0C  0E25               	movlw	37
  5106   001F0E  6E1B               	movwf	(___fldiv@a+2)^0,c
  5107   001F10  0E41               	movlw	65
  5108   001F12  6E1C               	movwf	(___fldiv@a+3)^0,c
  5109   001F14  EC04  F009         	call	_read_adc	;wreg free
  5110   001F18  C001  F007         	movff	?_read_adc,___xxtofl@val
  5111   001F1C  C002  F008         	movff	?_read_adc+1,___xxtofl@val+1
  5112   001F20  6A09               	clrf	(___xxtofl@val+2)^0,c
  5113   001F22  6A0A               	clrf	(___xxtofl@val+3)^0,c
  5114   001F24  0E00               	movlw	0
  5115   001F26  ECD6  F00F         	call	___xxtofl
  5116   001F2A  C007  F015         	movff	?___xxtofl,___fldiv@b
  5117   001F2E  C008  F016         	movff	?___xxtofl+1,___fldiv@b+1
  5118   001F32  C009  F017         	movff	?___xxtofl+2,___fldiv@b+2
  5119   001F36  C00A  F018         	movff	?___xxtofl+3,___fldiv@b+3
  5120   001F3A  EC9C  F013         	call	___fldiv	;wreg free
  5121   001F3E  C015  F02E         	movff	?___fldiv,___fltol@f1
  5122   001F42  C016  F02F         	movff	?___fldiv+1,___fltol@f1+1
  5123   001F46  C017  F030         	movff	?___fldiv+2,___fltol@f1+2
  5124   001F4A  C018  F031         	movff	?___fldiv+3,___fltol@f1+3
  5125   001F4E  EC5A  F00D         	call	___fltol	;wreg free
  5126   001F52  502E               	movf	?___fltol^0,w,c
  5127   001F54  6E55               	movwf	_speed^0,c
  5128   001F56                     
  5129                           ;black_box.c: 49:     clcd_putch((speed / 10) + '0', (0xC0 + (14)));
  5130   001F56  0ECE               	movlw	206
  5131   001F58  6E09               	movwf	clcd_putch@addr^0,c
  5132   001F5A  C055  F001         	movff	_speed,___awdiv@dividend
  5133   001F5E  6A02               	clrf	(___awdiv@dividend+1)^0,c
  5134   001F60  0E00               	movlw	0
  5135   001F62  6E04               	movwf	(___awdiv@divisor+1)^0,c
  5136   001F64  0E0A               	movlw	10
  5137   001F66  6E03               	movwf	___awdiv@divisor^0,c
  5138   001F68  EC7C  F00C         	call	___awdiv	;wreg free
  5139   001F6C  5001               	movf	?___awdiv^0,w,c
  5140   001F6E  0F30               	addlw	48
  5141   001F70  EC8E  F008         	call	_clcd_putch
  5142   001F74                     
  5143                           ;black_box.c: 50:     clcd_putch((speed % 10) + '0', (0xC0 + (15)));
  5144   001F74  0ECF               	movlw	207
  5145   001F76  6E09               	movwf	clcd_putch@addr^0,c
  5146   001F78  C055  F001         	movff	_speed,___awmod@dividend
  5147   001F7C  6A02               	clrf	(___awmod@dividend+1)^0,c
  5148   001F7E  0E00               	movlw	0
  5149   001F80  6E04               	movwf	(___awmod@divisor+1)^0,c
  5150   001F82  0E0A               	movlw	10
  5151   001F84  6E03               	movwf	___awmod@divisor^0,c
  5152   001F86  EC25  F00C         	call	___awmod	;wreg free
  5153   001F8A  5001               	movf	?___awmod^0,w,c
  5154   001F8C  0F30               	addlw	48
  5155   001F8E  EC8E  F008         	call	_clcd_putch
  5156   001F92                     
  5157                           ;black_box.c: 52:     if (key == 11)
  5158   001F92  0E0B               	movlw	11
  5159   001F94  1839               	xorwf	view_dashboard@key^0,w,c
  5160   001F96  A4D8               	btfss	status,2,c
  5161   001F98  EFD0  F00F         	goto	u2611
  5162   001F9C  EFD2  F00F         	goto	u2610
  5163   001FA0                     u2611:
  5164   001FA0  EFD5  F00F         	goto	l110
  5165   001FA4                     u2610:
  5166   001FA4                     
  5167                           ;black_box.c: 53:     {;black_box.c: 54:         state = e_main_menu;
  5168   001FA4  0E01               	movlw	1
  5169   001FA6  0101               	movlb	1	; () banked
  5170   001FA8  6FC0               	movwf	_state& (0+255),b
  5171   001FAA                     l110:
  5172   001FAA  0012               	return		;funcret
  5173   001FAC                     __end_of_view_dashboard:
  5174                           	callstack 0
  5175                           
  5176 ;; *************** function _read_matrix_keypad *****************
  5177 ;; Defined at:
  5178 ;;		line 86 in file "function.c"
  5179 ;; Parameters:    Size  Location     Type
  5180 ;;  detection       1    wreg     unsigned char 
  5181 ;; Auto vars:     Size  Location     Type
  5182 ;;  detection       1    0[COMRAM] unsigned char 
  5183 ;;  key             1    1[COMRAM] unsigned char 
  5184 ;; Return value:  Size  Location     Type
  5185 ;;                  1    wreg      unsigned char 
  5186 ;; Registers used:
  5187 ;;		wreg, status,2, status,0, cstack
  5188 ;; Tracked objects:
  5189 ;;		On entry : 0/0
  5190 ;;		On exit  : 0/0
  5191 ;;		Unchanged: 0/0
  5192 ;; Data sizes:     COMRAM   BANK0   BANK1   BANK2   BANK3   BANK4   BANK5
  5193 ;;      Params:         0       0       0       0       0       0       0
  5194 ;;      Locals:         2       0       0       0       0       0       0
  5195 ;;      Temps:          0       0       0       0       0       0       0
  5196 ;;      Totals:         2       0       0       0       0       0       0
  5197 ;;Total ram usage:        2 bytes
  5198 ;; Hardware stack levels used: 1
  5199 ;; Hardware stack levels required when called: 1
  5200 ;; This function calls:
  5201 ;;		_scan_key
  5202 ;; This function is called by:
  5203 ;;		_main
  5204 ;;		_view_dashboard
  5205 ;; This function uses a non-reentrant model
  5206 ;;
  5207                           
  5208                           	psect	text3
  5209   001488                     __ptext3:
  5210                           	callstack 0
  5211   001488                     _read_matrix_keypad:
  5212                           	callstack 28
  5213                           
  5214                           ;incstack = 0
  5215                           ;read_matrix_keypad@detection stored from wreg
  5216   001488  6E01               	movwf	read_matrix_keypad@detection^0,c
  5217   00148A                     
  5218                           ;function.c: 87:     static unsigned char once = 1;;function.c: 88:     unsigned char ke
      +                          y = scan_key();
  5219   00148A  ECDD  F00D         	call	_scan_key	;wreg free
  5220   00148E  6E02               	movwf	read_matrix_keypad@key^0,c
  5221   001490                     
  5222                           ;function.c: 89:     if (detection == 0)
  5223   001490  5001               	movf	read_matrix_keypad@detection^0,w,c
  5224   001492  A4D8               	btfss	status,2,c
  5225   001494  EF4E  F00A         	goto	u1921
  5226   001498  EF50  F00A         	goto	u1920
  5227   00149C                     u1921:
  5228   00149C  EF53  F00A         	goto	l2656
  5229   0014A0                     u1920:
  5230   0014A0                     l2650:
  5231                           
  5232                           ;function.c: 90:     {;function.c: 92:         return key;
  5233   0014A0  5002               	movf	read_matrix_keypad@key^0,w,c
  5234   0014A2  EF7B  F00A         	goto	l396
  5235   0014A6                     l2656:
  5236   0014A6  0401               	decf	read_matrix_keypad@detection^0,w,c
  5237   0014A8  A4D8               	btfss	status,2,c
  5238   0014AA  EF59  F00A         	goto	u1931
  5239   0014AE  EF5B  F00A         	goto	u1930
  5240   0014B2                     u1931:
  5241   0014B2  EF7A  F00A         	goto	l2674
  5242   0014B6                     u1930:
  5243   0014B6                     
  5244                           ;function.c: 94:     {;function.c: 95:         if (key != 0XFF && once) {
  5245   0014B6  2802               	incf	read_matrix_keypad@key^0,w,c
  5246   0014B8  B4D8               	btfsc	status,2,c
  5247   0014BA  EF61  F00A         	goto	u1941
  5248   0014BE  EF63  F00A         	goto	u1940
  5249   0014C2                     u1941:
  5250   0014C2  EF6E  F00A         	goto	l2670
  5251   0014C6                     u1940:
  5252   0014C6  5059               	movf	read_matrix_keypad@once^0,w,c
  5253   0014C8  B4D8               	btfsc	status,2,c
  5254   0014CA  EF69  F00A         	goto	u1951
  5255   0014CE  EF6B  F00A         	goto	u1950
  5256   0014D2                     u1951:
  5257   0014D2  EF6E  F00A         	goto	l2670
  5258   0014D6                     u1950:
  5259   0014D6                     
  5260                           ;function.c: 96:             once = 0;
  5261   0014D6  6A59               	clrf	read_matrix_keypad@once^0,c
  5262   0014D8  EF50  F00A         	goto	l2650
  5263   0014DC                     l2670:
  5264   0014DC  2802               	incf	read_matrix_keypad@key^0,w,c
  5265   0014DE  A4D8               	btfss	status,2,c
  5266   0014E0  EF74  F00A         	goto	u1961
  5267   0014E4  EF76  F00A         	goto	u1960
  5268   0014E8                     u1961:
  5269   0014E8  EF7A  F00A         	goto	l398
  5270   0014EC                     u1960:
  5271   0014EC                     
  5272                           ;function.c: 99:             once = 1;
  5273   0014EC  0E01               	movlw	1
  5274   0014EE  6E59               	movwf	read_matrix_keypad@once^0,c
  5275   0014F0  EF7A  F00A         	goto	l2674
  5276   0014F4                     l398:
  5277   0014F4                     l2674:
  5278                           
  5279                           ;function.c: 103:     return 0XFF;
  5280   0014F4  0EFF               	movlw	255
  5281   0014F6                     l396:
  5282   0014F6  0012               	return		;funcret
  5283   0014F8                     __end_of_read_matrix_keypad:
  5284                           	callstack 0
  5285                           
  5286 ;; *************** function _scan_key *****************
  5287 ;; Defined at:
  5288 ;;		line 51 in file "function.c"
  5289 ;; Parameters:    Size  Location     Type
  5290 ;;		None
  5291 ;; Auto vars:     Size  Location     Type
  5292 ;;		None
  5293 ;; Return value:  Size  Location     Type
  5294 ;;                  1    wreg      unsigned char 
  5295 ;; Registers used:
  5296 ;;		wreg
  5297 ;; Tracked objects:
  5298 ;;		On entry : 0/0
  5299 ;;		On exit  : 0/0
  5300 ;;		Unchanged: 0/0
  5301 ;; Data sizes:     COMRAM   BANK0   BANK1   BANK2   BANK3   BANK4   BANK5
  5302 ;;      Params:         0       0       0       0       0       0       0
  5303 ;;      Locals:         0       0       0       0       0       0       0
  5304 ;;      Temps:          0       0       0       0       0       0       0
  5305 ;;      Totals:         0       0       0       0       0       0       0
  5306 ;;Total ram usage:        0 bytes
  5307 ;; Hardware stack levels used: 1
  5308 ;; This function calls:
  5309 ;;		Nothing
  5310 ;; This function is called by:
  5311 ;;		_read_matrix_keypad
  5312 ;; This function uses a non-reentrant model
  5313 ;;
  5314                           
  5315                           	psect	text4
  5316   001BBA                     __ptext4:
  5317                           	callstack 0
  5318   001BBA                     _scan_key:
  5319                           	callstack 28
  5320   001BBA                     
  5321                           ;function.c: 52:     RB5 = 0;
  5322   001BBA  9A81               	bcf	3969,5,c	;volatile
  5323                           
  5324                           ;function.c: 53:     RB6 = RB7 = 1;
  5325   001BBC  8E81               	bsf	3969,7,c	;volatile
  5326   001BBE  8C81               	bsf	3969,6,c	;volatile
  5327                           
  5328                           ;function.c: 54:     if (RB1 == 0)
  5329   001BC0  B281               	btfsc	3969,1,c	;volatile
  5330   001BC2  EFE5  F00D         	goto	u1671
  5331   001BC6  EFE7  F00D         	goto	u1670
  5332   001BCA                     u1671:
  5333   001BCA  EFEA  F00D         	goto	l368
  5334   001BCE                     u1670:
  5335   001BCE                     
  5336                           ;function.c: 55:         return 1;
  5337   001BCE  0E01               	movlw	1
  5338   001BD0  EF5F  F00E         	goto	l369
  5339   001BD4                     l368:
  5340   001BD4  B481               	btfsc	3969,2,c	;volatile
  5341   001BD6  EFEF  F00D         	goto	u1681
  5342   001BDA  EFF1  F00D         	goto	u1680
  5343   001BDE                     u1681:
  5344   001BDE  EFF4  F00D         	goto	l371
  5345   001BE2                     u1680:
  5346   001BE2                     
  5347                           ;function.c: 57:         return 4;
  5348   001BE2  0E04               	movlw	4
  5349   001BE4  EF5F  F00E         	goto	l369
  5350   001BE8                     l371:
  5351   001BE8  B681               	btfsc	3969,3,c	;volatile
  5352   001BEA  EFF9  F00D         	goto	u1691
  5353   001BEE  EFFB  F00D         	goto	u1690
  5354   001BF2                     u1691:
  5355   001BF2  EFFE  F00D         	goto	l373
  5356   001BF6                     u1690:
  5357   001BF6                     
  5358                           ;function.c: 59:         return 7;
  5359   001BF6  0E07               	movlw	7
  5360   001BF8  EF5F  F00E         	goto	l369
  5361   001BFC                     l373:
  5362   001BFC  B881               	btfsc	3969,4,c	;volatile
  5363   001BFE  EF03  F00E         	goto	u1701
  5364   001C02  EF05  F00E         	goto	u1700
  5365   001C06                     u1701:
  5366   001C06  EF08  F00E         	goto	l370
  5367   001C0A                     u1700:
  5368   001C0A                     
  5369                           ;function.c: 61:         return 10;
  5370   001C0A  0E0A               	movlw	10
  5371   001C0C  EF5F  F00E         	goto	l369
  5372   001C10                     l370:
  5373                           
  5374                           ;function.c: 62:     RB6 = 0;
  5375   001C10  9C81               	bcf	3969,6,c	;volatile
  5376                           
  5377                           ;function.c: 63:     RB5 = RB7 = 1;
  5378   001C12  8E81               	bsf	3969,7,c	;volatile
  5379   001C14  8A81               	bsf	3969,5,c	;volatile
  5380                           
  5381                           ;function.c: 64:     if (RB1 == 0)
  5382   001C16  B281               	btfsc	3969,1,c	;volatile
  5383   001C18  EF10  F00E         	goto	u1711
  5384   001C1C  EF12  F00E         	goto	u1710
  5385   001C20                     u1711:
  5386   001C20  EF15  F00E         	goto	l376
  5387   001C24                     u1710:
  5388   001C24                     
  5389                           ;function.c: 65:         return 2;
  5390   001C24  0E02               	movlw	2
  5391   001C26  EF5F  F00E         	goto	l369
  5392   001C2A                     l376:
  5393   001C2A  B481               	btfsc	3969,2,c	;volatile
  5394   001C2C  EF1A  F00E         	goto	u1721
  5395   001C30  EF1C  F00E         	goto	u1720
  5396   001C34                     u1721:
  5397   001C34  EF1F  F00E         	goto	l378
  5398   001C38                     u1720:
  5399   001C38                     
  5400                           ;function.c: 67:         return 5;
  5401   001C38  0E05               	movlw	5
  5402   001C3A  EF5F  F00E         	goto	l369
  5403   001C3E                     l378:
  5404   001C3E  B681               	btfsc	3969,3,c	;volatile
  5405   001C40  EF24  F00E         	goto	u1731
  5406   001C44  EF26  F00E         	goto	u1730
  5407   001C48                     u1731:
  5408   001C48  EF29  F00E         	goto	l380
  5409   001C4C                     u1730:
  5410   001C4C                     
  5411                           ;function.c: 69:         return 8;
  5412   001C4C  0E08               	movlw	8
  5413   001C4E  EF5F  F00E         	goto	l369
  5414   001C52                     l380:
  5415   001C52  B881               	btfsc	3969,4,c	;volatile
  5416   001C54  EF2E  F00E         	goto	u1741
  5417   001C58  EF30  F00E         	goto	u1740
  5418   001C5C                     u1741:
  5419   001C5C  EF33  F00E         	goto	l377
  5420   001C60                     u1740:
  5421   001C60                     
  5422                           ;function.c: 71:         return 11;
  5423   001C60  0E0B               	movlw	11
  5424   001C62  EF5F  F00E         	goto	l369
  5425   001C66                     l377:
  5426                           
  5427                           ;function.c: 72:     RB7 = 0;
  5428   001C66  9E81               	bcf	3969,7,c	;volatile
  5429                           
  5430                           ;function.c: 73:     RB6 = RB5 = 1;
  5431   001C68  8A81               	bsf	3969,5,c	;volatile
  5432   001C6A  8C81               	bsf	3969,6,c	;volatile
  5433                           
  5434                           ;function.c: 74:     if (RB1 == 0)
  5435   001C6C  B281               	btfsc	3969,1,c	;volatile
  5436   001C6E  EF3B  F00E         	goto	u1751
  5437   001C72  EF3D  F00E         	goto	u1750
  5438   001C76                     u1751:
  5439   001C76  EF40  F00E         	goto	l383
  5440   001C7A                     u1750:
  5441   001C7A                     
  5442                           ;function.c: 75:         return 3;
  5443   001C7A  0E03               	movlw	3
  5444   001C7C  EF5F  F00E         	goto	l369
  5445   001C80                     l383:
  5446   001C80  B481               	btfsc	3969,2,c	;volatile
  5447   001C82  EF45  F00E         	goto	u1761
  5448   001C86  EF47  F00E         	goto	u1760
  5449   001C8A                     u1761:
  5450   001C8A  EF4A  F00E         	goto	l385
  5451   001C8E                     u1760:
  5452   001C8E                     
  5453                           ;function.c: 77:         return 6;
  5454   001C8E  0E06               	movlw	6
  5455   001C90  EF5F  F00E         	goto	l369
  5456   001C94                     l385:
  5457   001C94  B681               	btfsc	3969,3,c	;volatile
  5458   001C96  EF4F  F00E         	goto	u1771
  5459   001C9A  EF51  F00E         	goto	u1770
  5460   001C9E                     u1771:
  5461   001C9E  EF54  F00E         	goto	l387
  5462   001CA2                     u1770:
  5463   001CA2                     
  5464                           ;function.c: 79:         return 9;
  5465   001CA2  0E09               	movlw	9
  5466   001CA4  EF5F  F00E         	goto	l369
  5467   001CA8                     l387:
  5468   001CA8  B881               	btfsc	3969,4,c	;volatile
  5469   001CAA  EF59  F00E         	goto	u1781
  5470   001CAE  EF5B  F00E         	goto	u1780
  5471   001CB2                     u1781:
  5472   001CB2  EF5E  F00E         	goto	l2558
  5473   001CB6                     u1780:
  5474   001CB6                     
  5475                           ;function.c: 81:         return 12;
  5476   001CB6  0E0C               	movlw	12
  5477   001CB8  EF5F  F00E         	goto	l369
  5478   001CBC                     l2558:
  5479                           
  5480                           ;function.c: 83:         return 0XFF;
  5481   001CBC  0EFF               	movlw	255
  5482   001CBE                     l369:
  5483   001CBE  0012               	return		;funcret
  5484   001CC0                     __end_of_scan_key:
  5485                           	callstack 0
  5486                           
  5487 ;; *************** function _read_adc *****************
  5488 ;; Defined at:
  5489 ;;		line 39 in file "function.c"
  5490 ;; Parameters:    Size  Location     Type
  5491 ;;		None
  5492 ;; Auto vars:     Size  Location     Type
  5493 ;;		None
  5494 ;; Return value:  Size  Location     Type
  5495 ;;                  2    0[COMRAM] unsigned short 
  5496 ;; Registers used:
  5497 ;;		wreg, status,2, status,0
  5498 ;; Tracked objects:
  5499 ;;		On entry : 0/0
  5500 ;;		On exit  : 0/0
  5501 ;;		Unchanged: 0/0
  5502 ;; Data sizes:     COMRAM   BANK0   BANK1   BANK2   BANK3   BANK4   BANK5
  5503 ;;      Params:         2       0       0       0       0       0       0
  5504 ;;      Locals:         0       0       0       0       0       0       0
  5505 ;;      Temps:          4       0       0       0       0       0       0
  5506 ;;      Totals:         6       0       0       0       0       0       0
  5507 ;;Total ram usage:        6 bytes
  5508 ;; Hardware stack levels used: 1
  5509 ;; This function calls:
  5510 ;;		Nothing
  5511 ;; This function is called by:
  5512 ;;		_view_dashboard
  5513 ;; This function uses a non-reentrant model
  5514 ;;
  5515                           
  5516                           	psect	text5
  5517   001208                     __ptext5:
  5518                           	callstack 0
  5519   001208                     _read_adc:
  5520                           	callstack 29
  5521   001208                     
  5522                           ;function.c: 40:     GO = 1;
  5523   001208  82C2               	bsf	4034,1,c	;volatile
  5524   00120A                     l359:
  5525   00120A  B2C2               	btfsc	4034,1,c	;volatile
  5526   00120C  EF0A  F009         	goto	u2041
  5527   001210  EF0C  F009         	goto	u2040
  5528   001214                     u2041:
  5529   001214  EF05  F009         	goto	l359
  5530   001218                     u2040:
  5531   001218                     
  5532                           ;function.c: 42:     return ADRESL | (ADRESH << 8);
  5533   001218  50C4               	movf	196,w,c	;volatile
  5534   00121A  6E04               	movwf	(??_read_adc+1)^0,c
  5535   00121C  6A03               	clrf	??_read_adc^0,c
  5536   00121E  50C3               	movf	195,w,c	;volatile
  5537   001220  6E05               	movwf	(??_read_adc+2)^0,c
  5538   001222  6A06               	clrf	(??_read_adc+3)^0,c
  5539   001224  5003               	movf	??_read_adc^0,w,c
  5540   001226  1005               	iorwf	(??_read_adc+2)^0,w,c
  5541   001228  6E01               	movwf	?_read_adc^0,c
  5542   00122A  5004               	movf	(??_read_adc+1)^0,w,c
  5543   00122C  1006               	iorwf	(??_read_adc+3)^0,w,c
  5544   00122E  6E02               	movwf	(?_read_adc+1)^0,c
  5545   001230  0012               	return		;funcret
  5546   001232                     __end_of_read_adc:
  5547                           	callstack 0
  5548                           
  5549 ;; *************** function _get_time *****************
  5550 ;; Defined at:
  5551 ;;		line 108 in file "function.c"
  5552 ;; Parameters:    Size  Location     Type
  5553 ;;		None
  5554 ;; Auto vars:     Size  Location     Type
  5555 ;;		None
  5556 ;; Return value:  Size  Location     Type
  5557 ;;                  1    wreg      void 
  5558 ;; Registers used:
  5559 ;;		wreg, status,2, status,0, cstack
  5560 ;; Tracked objects:
  5561 ;;		On entry : 0/0
  5562 ;;		On exit  : 0/0
  5563 ;;		Unchanged: 0/0
  5564 ;; Data sizes:     COMRAM   BANK0   BANK1   BANK2   BANK3   BANK4   BANK5
  5565 ;;      Params:         0       0       0       0       0       0       0
  5566 ;;      Locals:         0       0       0       0       0       0       0
  5567 ;;      Temps:          0       0       0       0       0       0       0
  5568 ;;      Totals:         0       0       0       0       0       0       0
  5569 ;;Total ram usage:        0 bytes
  5570 ;; Hardware stack levels used: 1
  5571 ;; Hardware stack levels required when called: 4
  5572 ;; This function calls:
  5573 ;;		_read_ds1307
  5574 ;; This function is called by:
  5575 ;;		_view_dashboard
  5576 ;; This function uses a non-reentrant model
  5577 ;;
  5578                           
  5579                           	psect	text6
  5580   0015E0                     __ptext6:
  5581                           	callstack 0
  5582   0015E0                     _get_time:
  5583                           	callstack 25
  5584   0015E0                     
  5585                           ;function.c: 109:     clock_reg[0] = read_ds1307(0x02);
  5586   0015E0  0E02               	movlw	2
  5587   0015E2  ECEF  F008         	call	_read_ds1307
  5588   0015E6  6E3C               	movwf	_clock_reg^0,c
  5589                           
  5590                           ;function.c: 110:     clock_reg[1] = read_ds1307(0x01);
  5591   0015E8  0E01               	movlw	1
  5592   0015EA  ECEF  F008         	call	_read_ds1307
  5593   0015EE  6E3D               	movwf	(_clock_reg+1)^0,c
  5594                           
  5595                           ;function.c: 111:     clock_reg[2] = read_ds1307(0x00);
  5596   0015F0  0E00               	movlw	0
  5597   0015F2  ECEF  F008         	call	_read_ds1307
  5598   0015F6  6E3E               	movwf	(_clock_reg+2)^0,c
  5599   0015F8                     
  5600                           ;function.c: 113:     if (clock_reg[0] & 0x40) {
  5601   0015F8  AC3C               	btfss	_clock_reg^0,6,c
  5602   0015FA  EF01  F00B         	goto	u2001
  5603   0015FE  EF03  F00B         	goto	u2000
  5604   001602                     u2001:
  5605   001602  EF0F  F00B         	goto	l2692
  5606   001606                     u2000:
  5607   001606                     
  5608                           ;function.c: 114:         time[0] = '0' + ((clock_reg[0] >> 4) & 0x01);
  5609   001606  383C               	swapf	_clock_reg^0,w,c
  5610   001608  0B0F               	andlw	15
  5611   00160A  0B01               	andlw	1
  5612   00160C  0F30               	addlw	48
  5613   00160E  0100               	movlb	0	; () banked
  5614   001610  6FCB               	movwf	_time& (0+255),b
  5615                           
  5616                           ;function.c: 115:         time[1] = '0' + (clock_reg[0] & 0x0F);
  5617   001612  503C               	movf	_clock_reg^0,w,c
  5618   001614  0B0F               	andlw	15
  5619   001616  0F30               	addlw	48
  5620   001618  6FCC               	movwf	(_time+1)& (0+255),b
  5621                           
  5622                           ;function.c: 116:     } else {
  5623   00161A  EF19  F00B         	goto	l2694
  5624   00161E                     l2692:
  5625                           
  5626                           ;function.c: 117:         time[0] = '0' + ((clock_reg[0] >> 4) & 0x03);
  5627   00161E  383C               	swapf	_clock_reg^0,w,c
  5628   001620  0B0F               	andlw	15
  5629   001622  0B03               	andlw	3
  5630   001624  0F30               	addlw	48
  5631   001626  0100               	movlb	0	; () banked
  5632   001628  6FCB               	movwf	_time& (0+255),b
  5633                           
  5634                           ;function.c: 118:         time[1] = '0' + (clock_reg[0] & 0x0F);
  5635   00162A  503C               	movf	_clock_reg^0,w,c
  5636   00162C  0B0F               	andlw	15
  5637   00162E  0F30               	addlw	48
  5638   001630  6FCC               	movwf	(_time+1)& (0+255),b
  5639   001632                     l2694:
  5640                           
  5641                           ; BSR set to: 0
  5642                           ;function.c: 120:     time[2] = ':';
  5643   001632  0E3A               	movlw	58
  5644   001634  6FCD               	movwf	(_time+2)& (0+255),b
  5645   001636                     
  5646                           ; BSR set to: 0
  5647                           ;function.c: 121:     time[3] = '0' + ((clock_reg[1] >> 4) & 0x0F);
  5648   001636  383D               	swapf	(_clock_reg+1)^0,w,c
  5649   001638  0B0F               	andlw	15
  5650   00163A  0B0F               	andlw	15
  5651   00163C  0F30               	addlw	48
  5652   00163E  6FCE               	movwf	(_time+3)& (0+255),b
  5653   001640                     
  5654                           ; BSR set to: 0
  5655                           ;function.c: 122:     time[4] = '0' + (clock_reg[1] & 0x0F);
  5656   001640  503D               	movf	(_clock_reg+1)^0,w,c
  5657   001642  0B0F               	andlw	15
  5658   001644  0F30               	addlw	48
  5659   001646  6FCF               	movwf	(_time+4)& (0+255),b
  5660   001648                     
  5661                           ; BSR set to: 0
  5662                           ;function.c: 123:     time[5] = ':';
  5663   001648  0E3A               	movlw	58
  5664   00164A  6FD0               	movwf	(_time+5)& (0+255),b
  5665                           
  5666                           ;function.c: 124:     time[6] = '0' + ((clock_reg[2] >> 4) & 0x0F);
  5667   00164C  383E               	swapf	(_clock_reg+2)^0,w,c
  5668   00164E  0B0F               	andlw	15
  5669   001650  0B0F               	andlw	15
  5670   001652  0F30               	addlw	48
  5671   001654  6FD1               	movwf	(_time+6)& (0+255),b
  5672                           
  5673                           ;function.c: 125:     time[7] = '0' + (clock_reg[2] & 0x0F);
  5674   001656  503E               	movf	(_clock_reg+2)^0,w,c
  5675   001658  0B0F               	andlw	15
  5676   00165A  0F30               	addlw	48
  5677   00165C  6FD2               	movwf	(_time+7)& (0+255),b
  5678   00165E                     
  5679                           ; BSR set to: 0
  5680                           ;function.c: 126:     time[8] = '\0';
  5681   00165E  6BD3               	clrf	(_time+8)& (0+255),b
  5682   001660                     
  5683                           ; BSR set to: 0
  5684   001660  0012               	return		;funcret
  5685   001662                     __end_of_get_time:
  5686                           	callstack 0
  5687                           
  5688 ;; *************** function _event_store *****************
  5689 ;; Defined at:
  5690 ;;		line 115 in file "black_box.c"
  5691 ;; Parameters:    Size  Location     Type
  5692 ;;		None
  5693 ;; Auto vars:     Size  Location     Type
  5694 ;;  store          10    8[COMRAM] unsigned char [10]
  5695 ;;  i               2   20[COMRAM] unsigned int 
  5696 ;;  address         2   18[COMRAM] unsigned int 
  5697 ;; Return value:  Size  Location     Type
  5698 ;;                  1    wreg      void 
  5699 ;; Registers used:
  5700 ;;		wreg, fsr2l, fsr2h, status,2, status,0, prodl, prodh, cstack
  5701 ;; Tracked objects:
  5702 ;;		On entry : 0/0
  5703 ;;		On exit  : 0/0
  5704 ;;		Unchanged: 0/0
  5705 ;; Data sizes:     COMRAM   BANK0   BANK1   BANK2   BANK3   BANK4   BANK5
  5706 ;;      Params:         0       0       0       0       0       0       0
  5707 ;;      Locals:        14       0       0       0       0       0       0
  5708 ;;      Temps:          0       0       0       0       0       0       0
  5709 ;;      Totals:        14       0       0       0       0       0       0
  5710 ;;Total ram usage:       14 bytes
  5711 ;; Hardware stack levels used: 1
  5712 ;; Hardware stack levels required when called: 4
  5713 ;; This function calls:
  5714 ;;		___awdiv
  5715 ;;		___awmod
  5716 ;;		_read_external_eeprom
  5717 ;;		_write_external_eeprom
  5718 ;; This function is called by:
  5719 ;;		_view_dashboard
  5720 ;; This function uses a non-reentrant model
  5721 ;;
  5722                           
  5723                           	psect	text7
  5724   0019BA                     __ptext7:
  5725                           	callstack 0
  5726   0019BA                     _event_store:
  5727                           	callstack 25
  5728   0019BA                     
  5729                           ;black_box.c: 117:     unsigned char store[10];;black_box.c: 118:     unsigned int addre
      +                          ss;;black_box.c: 119:     unsigned int i;;black_box.c: 121:     store[0] = time[0];
  5730   0019BA  C0CB  F009         	movff	_time,event_store@store
  5731                           
  5732                           ;black_box.c: 122:     store[1] = time[1];
  5733   0019BE  C0CC  F00A         	movff	_time+1,event_store@store+1
  5734                           
  5735                           ;black_box.c: 123:     store[2] = time[3];
  5736   0019C2  C0CE  F00B         	movff	_time+3,event_store@store+2
  5737                           
  5738                           ;black_box.c: 124:     store[3] = time[4];
  5739   0019C6  C0CF  F00C         	movff	_time+4,event_store@store+3
  5740                           
  5741                           ;black_box.c: 125:     store[4] = time[6];
  5742   0019CA  C0D1  F00D         	movff	_time+6,event_store@store+4
  5743                           
  5744                           ;black_box.c: 126:     store[5] = time[7];
  5745   0019CE  C0D2  F00E         	movff	_time+7,event_store@store+5
  5746   0019D2                     
  5747                           ;black_box.c: 127:     store[6] = gear[ind][0];
  5748   0019D2  504F               	movf	_ind^0,w,c
  5749   0019D4  0D03               	mullw	3
  5750   0019D6  50F3               	movf	243,w,c
  5751   0019D8  0FB0               	addlw	low _gear
  5752   0019DA  6ED9               	movwf	fsr2l,c
  5753   0019DC  6ADA               	clrf	fsr2h,c
  5754   0019DE  50DF               	movf	indf2,w,c
  5755   0019E0  6E0F               	movwf	(event_store@store+6)^0,c
  5756                           
  5757                           ;black_box.c: 128:     store[7] = gear[ind][1];
  5758   0019E2  504F               	movf	_ind^0,w,c
  5759   0019E4  0D03               	mullw	3
  5760   0019E6  50F3               	movf	243,w,c
  5761   0019E8  0FB1               	addlw	low (_gear+1)
  5762   0019EA  6ED9               	movwf	fsr2l,c
  5763   0019EC  6ADA               	clrf	fsr2h,c
  5764   0019EE  50DF               	movf	indf2,w,c
  5765   0019F0  6E10               	movwf	(event_store@store+7)^0,c
  5766   0019F2                     
  5767                           ;black_box.c: 129:     store[8] = speed / 10 + '0';
  5768   0019F2  C055  F001         	movff	_speed,___awdiv@dividend
  5769   0019F6  6A02               	clrf	(___awdiv@dividend+1)^0,c
  5770   0019F8  0E00               	movlw	0
  5771   0019FA  6E04               	movwf	(___awdiv@divisor+1)^0,c
  5772   0019FC  0E0A               	movlw	10
  5773   0019FE  6E03               	movwf	___awdiv@divisor^0,c
  5774   001A00  EC7C  F00C         	call	___awdiv	;wreg free
  5775   001A04  5001               	movf	?___awdiv^0,w,c
  5776   001A06  0F30               	addlw	48
  5777   001A08  6E11               	movwf	(event_store@store+8)^0,c
  5778   001A0A                     
  5779                           ;black_box.c: 130:     store[9] = speed % 10 + '0';
  5780   001A0A  C055  F001         	movff	_speed,___awmod@dividend
  5781   001A0E  6A02               	clrf	(___awmod@dividend+1)^0,c
  5782   001A10  0E00               	movlw	0
  5783   001A12  6E04               	movwf	(___awmod@divisor+1)^0,c
  5784   001A14  0E0A               	movlw	10
  5785   001A16  6E03               	movwf	___awmod@divisor^0,c
  5786   001A18  EC25  F00C         	call	___awmod	;wreg free
  5787   001A1C  5001               	movf	?___awmod^0,w,c
  5788   001A1E  0F30               	addlw	48
  5789   001A20  6E12               	movwf	(event_store@store+9)^0,c
  5790   001A22                     
  5791                           ;black_box.c: 132:     if (count == 10)
  5792   001A22  0E0A               	movlw	10
  5793   001A24  1854               	xorwf	_count^0,w,c
  5794   001A26  A4D8               	btfss	status,2,c
  5795   001A28  EF18  F00D         	goto	u2011
  5796   001A2C  EF1A  F00D         	goto	u2010
  5797   001A30                     u2011:
  5798   001A30  EF3B  F00D         	goto	l138
  5799   001A34                     u2010:
  5800   001A34                     
  5801                           ;black_box.c: 133:     {;black_box.c: 134:         address = 0X00;
  5802   001A34  0E00               	movlw	0
  5803   001A36  6E14               	movwf	(event_store@address+1)^0,c
  5804   001A38  0E00               	movlw	0
  5805   001A3A  6E13               	movwf	event_store@address^0,c
  5806                           
  5807                           ;black_box.c: 136:         for (i = 0; i < 90; i++)
  5808   001A3C  0E00               	movlw	0
  5809   001A3E  6E16               	movwf	(event_store@i+1)^0,c
  5810   001A40  0E00               	movlw	0
  5811   001A42  6E15               	movwf	event_store@i^0,c
  5812   001A44                     l2720:
  5813                           
  5814                           ;black_box.c: 137:         {;black_box.c: 138:             write_external_eeprom(address
      +                          , read_external_eeprom(address + 10));
  5815   001A44  5013               	movf	event_store@address^0,w,c
  5816   001A46  0F0A               	addlw	10
  5817   001A48  ECDA  F008         	call	_read_external_eeprom
  5818   001A4C  6E04               	movwf	write_external_eeprom@data^0,c
  5819   001A4E  5013               	movf	event_store@address^0,w,c
  5820   001A50  EC36  F009         	call	_write_external_eeprom
  5821   001A54                     
  5822                           ;black_box.c: 139:             address++;
  5823   001A54  4A13               	infsnz	event_store@address^0,f,c
  5824   001A56  2A14               	incf	(event_store@address+1)^0,f,c
  5825   001A58                     
  5826                           ;black_box.c: 140:         }
  5827   001A58  4A15               	infsnz	event_store@i^0,f,c
  5828   001A5A  2A16               	incf	(event_store@i+1)^0,f,c
  5829   001A5C  5016               	movf	(event_store@i+1)^0,w,c
  5830   001A5E  E109               	bnz	u2020
  5831   001A60  0E5A               	movlw	90
  5832   001A62  5C15               	subwf	event_store@i^0,w,c
  5833   001A64  A0D8               	btfss	status,0,c
  5834   001A66  EF37  F00D         	goto	u2021
  5835   001A6A  EF39  F00D         	goto	u2020
  5836   001A6E                     u2021:
  5837   001A6E  EF22  F00D         	goto	l2720
  5838   001A72                     u2020:
  5839   001A72                     
  5840                           ;black_box.c: 141:         count = 9;
  5841   001A72  0E09               	movlw	9
  5842   001A74  6E54               	movwf	_count^0,c
  5843   001A76                     l138:
  5844                           
  5845                           ;black_box.c: 144:     for (i = 0; i < 10; i++)
  5846   001A76  0E00               	movlw	0
  5847   001A78  6E16               	movwf	(event_store@i+1)^0,c
  5848   001A7A  0E00               	movlw	0
  5849   001A7C  6E15               	movwf	event_store@i^0,c
  5850   001A7E                     l2734:
  5851                           
  5852                           ;black_box.c: 145:     {;black_box.c: 146:         write_external_eeprom(count * 10 + i,
      +                           store[i]);
  5853   001A7E  5015               	movf	event_store@i^0,w,c
  5854   001A80  0F09               	addlw	low event_store@store
  5855   001A82  6ED9               	movwf	fsr2l,c
  5856   001A84  6ADA               	clrf	fsr2h,c
  5857   001A86  50DF               	movf	indf2,w,c
  5858   001A88  6E04               	movwf	write_external_eeprom@data^0,c
  5859   001A8A  5054               	movf	_count^0,w,c
  5860   001A8C  0D0A               	mullw	10
  5861   001A8E  50F3               	movf	243,w,c
  5862   001A90  2415               	addwf	event_store@i^0,w,c
  5863   001A92  EC36  F009         	call	_write_external_eeprom
  5864   001A96                     
  5865                           ;black_box.c: 147:     }
  5866   001A96  4A15               	infsnz	event_store@i^0,f,c
  5867   001A98  2A16               	incf	(event_store@i+1)^0,f,c
  5868   001A9A  5016               	movf	(event_store@i+1)^0,w,c
  5869   001A9C  E109               	bnz	u2030
  5870   001A9E  0E0A               	movlw	10
  5871   001AA0  5C15               	subwf	event_store@i^0,w,c
  5872   001AA2  A0D8               	btfss	status,0,c
  5873   001AA4  EF56  F00D         	goto	u2031
  5874   001AA8  EF58  F00D         	goto	u2030
  5875   001AAC                     u2031:
  5876   001AAC  EF3F  F00D         	goto	l2734
  5877   001AB0                     u2030:
  5878   001AB0                     
  5879                           ;black_box.c: 148:     count++;
  5880   001AB0  2A54               	incf	_count^0,f,c
  5881   001AB2  0012               	return		;funcret
  5882   001AB4                     __end_of_event_store:
  5883                           	callstack 0
  5884                           
  5885 ;; *************** function _write_external_eeprom *****************
  5886 ;; Defined at:
  5887 ;;		line 13 in file "eepromm.c"
  5888 ;; Parameters:    Size  Location     Type
  5889 ;;  address         1    wreg     unsigned char 
  5890 ;;  data            1    3[COMRAM] unsigned char 
  5891 ;; Auto vars:     Size  Location     Type
  5892 ;;  address         1    4[COMRAM] unsigned char 
  5893 ;;  delay           2    5[COMRAM] unsigned int 
  5894 ;; Return value:  Size  Location     Type
  5895 ;;                  1    wreg      void 
  5896 ;; Registers used:
  5897 ;;		wreg, status,2, status,0, cstack
  5898 ;; Tracked objects:
  5899 ;;		On entry : 0/0
  5900 ;;		On exit  : 0/0
  5901 ;;		Unchanged: 0/0
  5902 ;; Data sizes:     COMRAM   BANK0   BANK1   BANK2   BANK3   BANK4   BANK5
  5903 ;;      Params:         1       0       0       0       0       0       0
  5904 ;;      Locals:         3       0       0       0       0       0       0
  5905 ;;      Temps:          0       0       0       0       0       0       0
  5906 ;;      Totals:         4       0       0       0       0       0       0
  5907 ;;Total ram usage:        4 bytes
  5908 ;; Hardware stack levels used: 1
  5909 ;; Hardware stack levels required when called: 2
  5910 ;; This function calls:
  5911 ;;		_i2c_start
  5912 ;;		_i2c_stop
  5913 ;;		_i2c_write
  5914 ;; This function is called by:
  5915 ;;		_event_store
  5916 ;; This function uses a non-reentrant model
  5917 ;;
  5918                           
  5919                           	psect	text8
  5920   00126C                     __ptext8:
  5921                           	callstack 0
  5922   00126C                     _write_external_eeprom:
  5923                           	callstack 26
  5924                           
  5925                           ;incstack = 0
  5926                           ;write_external_eeprom@address stored from wreg
  5927   00126C  6E05               	movwf	write_external_eeprom@address^0,c
  5928   00126E                     
  5929                           ;eepromm.c: 14:     i2c_start();
  5930   00126E  EC5F  F008         	call	_i2c_start	;wreg free
  5931   001272                     
  5932                           ;eepromm.c: 15:     i2c_write(0xA0);
  5933   001272  0EA0               	movlw	160
  5934   001274  EC6D  F008         	call	_i2c_write
  5935   001278                     
  5936                           ;eepromm.c: 16:     i2c_write(address);
  5937   001278  5005               	movf	write_external_eeprom@address^0,w,c
  5938   00127A  EC6D  F008         	call	_i2c_write
  5939   00127E                     
  5940                           ;eepromm.c: 17:     i2c_write(data);
  5941   00127E  5004               	movf	write_external_eeprom@data^0,w,c
  5942   001280  EC6D  F008         	call	_i2c_write
  5943   001284                     
  5944                           ;eepromm.c: 18:     i2c_stop();
  5945   001284  EC63  F008         	call	_i2c_stop	;wreg free
  5946   001288                     
  5947                           ;eepromm.c: 19:     for (unsigned int delay = 3000; delay > 0; delay--);
  5948   001288  0E0B               	movlw	11
  5949   00128A  6E07               	movwf	(write_external_eeprom@delay+1)^0,c
  5950   00128C  0EB8               	movlw	184
  5951   00128E  6E06               	movwf	write_external_eeprom@delay^0,c
  5952   001290                     l2470:
  5953   001290  0606               	decf	write_external_eeprom@delay^0,f,c
  5954   001292  A0D8               	btfss	status,0,c
  5955   001294  0607               	decf	(write_external_eeprom@delay+1)^0,f,c
  5956   001296  5006               	movf	write_external_eeprom@delay^0,w,c
  5957   001298  1007               	iorwf	(write_external_eeprom@delay+1)^0,w,c
  5958   00129A  A4D8               	btfss	status,2,c
  5959   00129C  EF52  F009         	goto	u1661
  5960   0012A0  EF54  F009         	goto	u1660
  5961   0012A4                     u1661:
  5962   0012A4  EF48  F009         	goto	l2470
  5963   0012A8                     u1660:
  5964   0012A8  0012               	return		;funcret
  5965   0012AA                     __end_of_write_external_eeprom:
  5966                           	callstack 0
  5967                           
  5968 ;; *************** function ___awmod *****************
  5969 ;; Defined at:
  5970 ;;		line 7 in file "C:\Program Files\Microchip\xc8\v2.50\pic\sources\c99\common\awmod.c"
  5971 ;; Parameters:    Size  Location     Type
  5972 ;;  dividend        2    0[COMRAM] int 
  5973 ;;  divisor         2    2[COMRAM] int 
  5974 ;; Auto vars:     Size  Location     Type
  5975 ;;  sign            1    5[COMRAM] unsigned char 
  5976 ;;  counter         1    4[COMRAM] unsigned char 
  5977 ;; Return value:  Size  Location     Type
  5978 ;;                  2    0[COMRAM] int 
  5979 ;; Registers used:
  5980 ;;		wreg, status,2, status,0
  5981 ;; Tracked objects:
  5982 ;;		On entry : 0/0
  5983 ;;		On exit  : 0/0
  5984 ;;		Unchanged: 0/0
  5985 ;; Data sizes:     COMRAM   BANK0   BANK1   BANK2   BANK3   BANK4   BANK5
  5986 ;;      Params:         4       0       0       0       0       0       0
  5987 ;;      Locals:         2       0       0       0       0       0       0
  5988 ;;      Temps:          0       0       0       0       0       0       0
  5989 ;;      Totals:         6       0       0       0       0       0       0
  5990 ;;Total ram usage:        6 bytes
  5991 ;; Hardware stack levels used: 1
  5992 ;; This function calls:
  5993 ;;		Nothing
  5994 ;; This function is called by:
  5995 ;;		_view_dashboard
  5996 ;;		_event_store
  5997 ;; This function uses a non-reentrant model
  5998 ;;
  5999                           
  6000                           	psect	text9
  6001   00184A                     __ptext9:
  6002                           	callstack 0
  6003   00184A                     ___awmod:
  6004                           	callstack 28
  6005   00184A  6A06               	clrf	___awmod@sign^0,c
  6006   00184C  BE02               	btfsc	(___awmod@dividend+1)^0,7,c
  6007   00184E  EF2D  F00C         	goto	u1860
  6008   001852  EF2B  F00C         	goto	u1861
  6009   001856                     u1861:
  6010   001856  EF33  F00C         	goto	l2618
  6011   00185A                     u1860:
  6012   00185A  6C01               	negf	___awmod@dividend^0,c
  6013   00185C  1E02               	comf	(___awmod@dividend+1)^0,f,c
  6014   00185E  B0D8               	btfsc	status,0,c
  6015   001860  2A02               	incf	(___awmod@dividend+1)^0,f,c
  6016   001862  0E01               	movlw	1
  6017   001864  6E06               	movwf	___awmod@sign^0,c
  6018   001866                     l2618:
  6019   001866  BE04               	btfsc	(___awmod@divisor+1)^0,7,c
  6020   001868  EF3A  F00C         	goto	u1870
  6021   00186C  EF38  F00C         	goto	u1871
  6022   001870                     u1871:
  6023   001870  EF3E  F00C         	goto	l2622
  6024   001874                     u1870:
  6025   001874  6C03               	negf	___awmod@divisor^0,c
  6026   001876  1E04               	comf	(___awmod@divisor+1)^0,f,c
  6027   001878  B0D8               	btfsc	status,0,c
  6028   00187A  2A04               	incf	(___awmod@divisor+1)^0,f,c
  6029   00187C                     l2622:
  6030   00187C  5003               	movf	___awmod@divisor^0,w,c
  6031   00187E  1004               	iorwf	(___awmod@divisor+1)^0,w,c
  6032   001880  B4D8               	btfsc	status,2,c
  6033   001882  EF45  F00C         	goto	u1881
  6034   001886  EF47  F00C         	goto	u1880
  6035   00188A                     u1881:
  6036   00188A  EF6B  F00C         	goto	l2638
  6037   00188E                     u1880:
  6038   00188E  0E01               	movlw	1
  6039   001890  6E05               	movwf	___awmod@counter^0,c
  6040   001892  EF4F  F00C         	goto	l2628
  6041   001896                     l2626:
  6042   001896  90D8               	bcf	status,0,c
  6043   001898  3603               	rlcf	___awmod@divisor^0,f,c
  6044   00189A  3604               	rlcf	(___awmod@divisor+1)^0,f,c
  6045   00189C  2A05               	incf	___awmod@counter^0,f,c
  6046   00189E                     l2628:
  6047   00189E  AE04               	btfss	(___awmod@divisor+1)^0,7,c
  6048   0018A0  EF54  F00C         	goto	u1891
  6049   0018A4  EF56  F00C         	goto	u1890
  6050   0018A8                     u1891:
  6051   0018A8  EF4B  F00C         	goto	l2626
  6052   0018AC                     u1890:
  6053   0018AC                     l2630:
  6054   0018AC  5003               	movf	___awmod@divisor^0,w,c
  6055   0018AE  5C01               	subwf	___awmod@dividend^0,w,c
  6056   0018B0  5004               	movf	(___awmod@divisor+1)^0,w,c
  6057   0018B2  5802               	subwfb	(___awmod@dividend+1)^0,w,c
  6058   0018B4  A0D8               	btfss	status,0,c
  6059   0018B6  EF5F  F00C         	goto	u1901
  6060   0018BA  EF61  F00C         	goto	u1900
  6061   0018BE                     u1901:
  6062   0018BE  EF65  F00C         	goto	l2634
  6063   0018C2                     u1900:
  6064   0018C2  5003               	movf	___awmod@divisor^0,w,c
  6065   0018C4  5E01               	subwf	___awmod@dividend^0,f,c
  6066   0018C6  5004               	movf	(___awmod@divisor+1)^0,w,c
  6067   0018C8  5A02               	subwfb	(___awmod@dividend+1)^0,f,c
  6068   0018CA                     l2634:
  6069   0018CA  90D8               	bcf	status,0,c
  6070   0018CC  3204               	rrcf	(___awmod@divisor+1)^0,f,c
  6071   0018CE  3203               	rrcf	___awmod@divisor^0,f,c
  6072   0018D0  2E05               	decfsz	___awmod@counter^0,f,c
  6073   0018D2  EF56  F00C         	goto	l2630
  6074   0018D6                     l2638:
  6075   0018D6  5006               	movf	___awmod@sign^0,w,c
  6076   0018D8  B4D8               	btfsc	status,2,c
  6077   0018DA  EF71  F00C         	goto	u1911
  6078   0018DE  EF73  F00C         	goto	u1910
  6079   0018E2                     u1911:
  6080   0018E2  EF77  F00C         	goto	l2642
  6081   0018E6                     u1910:
  6082   0018E6  6C01               	negf	___awmod@dividend^0,c
  6083   0018E8  1E02               	comf	(___awmod@dividend+1)^0,f,c
  6084   0018EA  B0D8               	btfsc	status,0,c
  6085   0018EC  2A02               	incf	(___awmod@dividend+1)^0,f,c
  6086   0018EE                     l2642:
  6087   0018EE  C001  F001         	movff	___awmod@dividend,?___awmod
  6088   0018F2  C002  F002         	movff	___awmod@dividend+1,?___awmod+1
  6089   0018F6  0012               	return		;funcret
  6090   0018F8                     __end_of___awmod:
  6091                           	callstack 0
  6092                           
  6093 ;; *************** function ___awdiv *****************
  6094 ;; Defined at:
  6095 ;;		line 7 in file "C:\Program Files\Microchip\xc8\v2.50\pic\sources\c99\common\awdiv.c"
  6096 ;; Parameters:    Size  Location     Type
  6097 ;;  dividend        2    0[COMRAM] int 
  6098 ;;  divisor         2    2[COMRAM] int 
  6099 ;; Auto vars:     Size  Location     Type
  6100 ;;  quotient        2    6[COMRAM] int 
  6101 ;;  sign            1    5[COMRAM] unsigned char 
  6102 ;;  counter         1    4[COMRAM] unsigned char 
  6103 ;; Return value:  Size  Location     Type
  6104 ;;                  2    0[COMRAM] int 
  6105 ;; Registers used:
  6106 ;;		wreg, status,2, status,0
  6107 ;; Tracked objects:
  6108 ;;		On entry : 0/0
  6109 ;;		On exit  : 0/0
  6110 ;;		Unchanged: 0/0
  6111 ;; Data sizes:     COMRAM   BANK0   BANK1   BANK2   BANK3   BANK4   BANK5
  6112 ;;      Params:         4       0       0       0       0       0       0
  6113 ;;      Locals:         4       0       0       0       0       0       0
  6114 ;;      Temps:          0       0       0       0       0       0       0
  6115 ;;      Totals:         8       0       0       0       0       0       0
  6116 ;;Total ram usage:        8 bytes
  6117 ;; Hardware stack levels used: 1
  6118 ;; This function calls:
  6119 ;;		Nothing
  6120 ;; This function is called by:
  6121 ;;		_view_dashboard
  6122 ;;		_event_store
  6123 ;; This function uses a non-reentrant model
  6124 ;;
  6125                           
  6126                           	psect	text10
  6127   0018F8                     __ptext10:
  6128                           	callstack 0
  6129   0018F8                     ___awdiv:
  6130                           	callstack 28
  6131   0018F8  6A06               	clrf	___awdiv@sign^0,c
  6132   0018FA  BE04               	btfsc	(___awdiv@divisor+1)^0,7,c
  6133   0018FC  EF84  F00C         	goto	u1800
  6134   001900  EF82  F00C         	goto	u1801
  6135   001904                     u1801:
  6136   001904  EF8A  F00C         	goto	l2574
  6137   001908                     u1800:
  6138   001908  6C03               	negf	___awdiv@divisor^0,c
  6139   00190A  1E04               	comf	(___awdiv@divisor+1)^0,f,c
  6140   00190C  B0D8               	btfsc	status,0,c
  6141   00190E  2A04               	incf	(___awdiv@divisor+1)^0,f,c
  6142   001910  0E01               	movlw	1
  6143   001912  6E06               	movwf	___awdiv@sign^0,c
  6144   001914                     l2574:
  6145   001914  BE02               	btfsc	(___awdiv@dividend+1)^0,7,c
  6146   001916  EF91  F00C         	goto	u1810
  6147   00191A  EF8F  F00C         	goto	u1811
  6148   00191E                     u1811:
  6149   00191E  EF97  F00C         	goto	l2580
  6150   001922                     u1810:
  6151   001922  6C01               	negf	___awdiv@dividend^0,c
  6152   001924  1E02               	comf	(___awdiv@dividend+1)^0,f,c
  6153   001926  B0D8               	btfsc	status,0,c
  6154   001928  2A02               	incf	(___awdiv@dividend+1)^0,f,c
  6155   00192A  0E01               	movlw	1
  6156   00192C  1A06               	xorwf	___awdiv@sign^0,f,c
  6157   00192E                     l2580:
  6158   00192E  0E00               	movlw	0
  6159   001930  6E08               	movwf	(___awdiv@quotient+1)^0,c
  6160   001932  0E00               	movlw	0
  6161   001934  6E07               	movwf	___awdiv@quotient^0,c
  6162   001936  5003               	movf	___awdiv@divisor^0,w,c
  6163   001938  1004               	iorwf	(___awdiv@divisor+1)^0,w,c
  6164   00193A  B4D8               	btfsc	status,2,c
  6165   00193C  EFA2  F00C         	goto	u1821
  6166   001940  EFA4  F00C         	goto	u1820
  6167   001944                     u1821:
  6168   001944  EFCC  F00C         	goto	l2602
  6169   001948                     u1820:
  6170   001948  0E01               	movlw	1
  6171   00194A  6E05               	movwf	___awdiv@counter^0,c
  6172   00194C  EFAC  F00C         	goto	l2588
  6173   001950                     l2586:
  6174   001950  90D8               	bcf	status,0,c
  6175   001952  3603               	rlcf	___awdiv@divisor^0,f,c
  6176   001954  3604               	rlcf	(___awdiv@divisor+1)^0,f,c
  6177   001956  2A05               	incf	___awdiv@counter^0,f,c
  6178   001958                     l2588:
  6179   001958  AE04               	btfss	(___awdiv@divisor+1)^0,7,c
  6180   00195A  EFB1  F00C         	goto	u1831
  6181   00195E  EFB3  F00C         	goto	u1830
  6182   001962                     u1831:
  6183   001962  EFA8  F00C         	goto	l2586
  6184   001966                     u1830:
  6185   001966                     l2590:
  6186   001966  90D8               	bcf	status,0,c
  6187   001968  3607               	rlcf	___awdiv@quotient^0,f,c
  6188   00196A  3608               	rlcf	(___awdiv@quotient+1)^0,f,c
  6189   00196C  5003               	movf	___awdiv@divisor^0,w,c
  6190   00196E  5C01               	subwf	___awdiv@dividend^0,w,c
  6191   001970  5004               	movf	(___awdiv@divisor+1)^0,w,c
  6192   001972  5802               	subwfb	(___awdiv@dividend+1)^0,w,c
  6193   001974  A0D8               	btfss	status,0,c
  6194   001976  EFBF  F00C         	goto	u1841
  6195   00197A  EFC1  F00C         	goto	u1840
  6196   00197E                     u1841:
  6197   00197E  EFC6  F00C         	goto	l2598
  6198   001982                     u1840:
  6199   001982  5003               	movf	___awdiv@divisor^0,w,c
  6200   001984  5E01               	subwf	___awdiv@dividend^0,f,c
  6201   001986  5004               	movf	(___awdiv@divisor+1)^0,w,c
  6202   001988  5A02               	subwfb	(___awdiv@dividend+1)^0,f,c
  6203   00198A  8007               	bsf	___awdiv@quotient^0,0,c
  6204   00198C                     l2598:
  6205   00198C  90D8               	bcf	status,0,c
  6206   00198E  3204               	rrcf	(___awdiv@divisor+1)^0,f,c
  6207   001990  3203               	rrcf	___awdiv@divisor^0,f,c
  6208   001992  2E05               	decfsz	___awdiv@counter^0,f,c
  6209   001994  EFB3  F00C         	goto	l2590
  6210   001998                     l2602:
  6211   001998  5006               	movf	___awdiv@sign^0,w,c
  6212   00199A  B4D8               	btfsc	status,2,c
  6213   00199C  EFD2  F00C         	goto	u1851
  6214   0019A0  EFD4  F00C         	goto	u1850
  6215   0019A4                     u1851:
  6216   0019A4  EFD8  F00C         	goto	l2606
  6217   0019A8                     u1850:
  6218   0019A8  6C07               	negf	___awdiv@quotient^0,c
  6219   0019AA  1E08               	comf	(___awdiv@quotient+1)^0,f,c
  6220   0019AC  B0D8               	btfsc	status,0,c
  6221   0019AE  2A08               	incf	(___awdiv@quotient+1)^0,f,c
  6222   0019B0                     l2606:
  6223   0019B0  C007  F001         	movff	___awdiv@quotient,?___awdiv
  6224   0019B4  C008  F002         	movff	___awdiv@quotient+1,?___awdiv+1
  6225   0019B8  0012               	return		;funcret
  6226   0019BA                     __end_of___awdiv:
  6227                           	callstack 0
  6228                           
  6229 ;; *************** function ___xxtofl *****************
  6230 ;; Defined at:
  6231 ;;		line 10 in file "C:\Program Files\Microchip\xc8\v2.50\pic\sources\c99\common\xxtofl.c"
  6232 ;; Parameters:    Size  Location     Type
  6233 ;;  sign            1    wreg     unsigned char 
  6234 ;;  val             4    6[COMRAM] long 
  6235 ;; Auto vars:     Size  Location     Type
  6236 ;;  sign            1   14[COMRAM] unsigned char 
  6237 ;;  arg             4   16[COMRAM] unsigned long 
  6238 ;;  exp             1   15[COMRAM] unsigned char 
  6239 ;; Return value:  Size  Location     Type
  6240 ;;                  4    6[COMRAM] unsigned char 
  6241 ;; Registers used:
  6242 ;;		wreg, status,2, status,0
  6243 ;; Tracked objects:
  6244 ;;		On entry : 0/0
  6245 ;;		On exit  : 0/0
  6246 ;;		Unchanged: 0/0
  6247 ;; Data sizes:     COMRAM   BANK0   BANK1   BANK2   BANK3   BANK4   BANK5
  6248 ;;      Params:         4       0       0       0       0       0       0
  6249 ;;      Locals:         6       0       0       0       0       0       0
  6250 ;;      Temps:          4       0       0       0       0       0       0
  6251 ;;      Totals:        14       0       0       0       0       0       0
  6252 ;;Total ram usage:       14 bytes
  6253 ;; Hardware stack levels used: 1
  6254 ;; This function calls:
  6255 ;;		Nothing
  6256 ;; This function is called by:
  6257 ;;		_view_dashboard
  6258 ;; This function uses a non-reentrant model
  6259 ;;
  6260                           
  6261                           	psect	text11
  6262   001FAC                     __ptext11:
  6263                           	callstack 0
  6264   001FAC                     ___xxtofl:
  6265                           	callstack 29
  6266                           
  6267                           ;incstack = 0
  6268                           ;___xxtofl@sign stored from wreg
  6269   001FAC  6E0F               	movwf	___xxtofl@sign^0,c
  6270   001FAE  500F               	movf	___xxtofl@sign^0,w,c
  6271   001FB0  B4D8               	btfsc	status,2,c
  6272   001FB2  EFDD  F00F         	goto	u2441
  6273   001FB6  EFDF  F00F         	goto	u2440
  6274   001FBA                     u2441:
  6275   001FBA  EF01  F010         	goto	l1220
  6276   001FBE                     u2440:
  6277   001FBE  BE0A               	btfsc	(___xxtofl@val+3)^0,7,c
  6278   001FC0  EFE6  F00F         	goto	u2450
  6279   001FC4  EFE4  F00F         	goto	u2451
  6280   001FC8                     u2451:
  6281   001FC8  EF01  F010         	goto	l1220
  6282   001FCC                     u2450:
  6283   001FCC  C007  F00B         	movff	___xxtofl@val,??___xxtofl
  6284   001FD0  C008  F00C         	movff	___xxtofl@val+1,??___xxtofl+1
  6285   001FD4  C009  F00D         	movff	___xxtofl@val+2,??___xxtofl+2
  6286   001FD8  C00A  F00E         	movff	___xxtofl@val+3,??___xxtofl+3
  6287   001FDC  1E0B               	comf	??___xxtofl^0,f,c
  6288   001FDE  1E0C               	comf	(??___xxtofl+1)^0,f,c
  6289   001FE0  1E0D               	comf	(??___xxtofl+2)^0,f,c
  6290   001FE2  1E0E               	comf	(??___xxtofl+3)^0,f,c
  6291   001FE4  2A0B               	incf	??___xxtofl^0,f,c
  6292   001FE6  0E00               	movlw	0
  6293   001FE8  220C               	addwfc	(??___xxtofl+1)^0,f,c
  6294   001FEA  220D               	addwfc	(??___xxtofl+2)^0,f,c
  6295   001FEC  220E               	addwfc	(??___xxtofl+3)^0,f,c
  6296   001FEE  C00B  F011         	movff	??___xxtofl,___xxtofl@arg
  6297   001FF2  C00C  F012         	movff	??___xxtofl+1,___xxtofl@arg+1
  6298   001FF6  C00D  F013         	movff	??___xxtofl+2,___xxtofl@arg+2
  6299   001FFA  C00E  F014         	movff	??___xxtofl+3,___xxtofl@arg+3
  6300   001FFE  EF09  F010         	goto	l2992
  6301   002002                     l1220:
  6302   002002  C007  F011         	movff	___xxtofl@val,___xxtofl@arg
  6303   002006  C008  F012         	movff	___xxtofl@val+1,___xxtofl@arg+1
  6304   00200A  C009  F013         	movff	___xxtofl@val+2,___xxtofl@arg+2
  6305   00200E  C00A  F014         	movff	___xxtofl@val+3,___xxtofl@arg+3
  6306   002012                     l2992:
  6307   002012  5007               	movf	___xxtofl@val^0,w,c
  6308   002014  1008               	iorwf	(___xxtofl@val+1)^0,w,c
  6309   002016  1009               	iorwf	(___xxtofl@val+2)^0,w,c
  6310   002018  100A               	iorwf	(___xxtofl@val+3)^0,w,c
  6311   00201A  A4D8               	btfss	status,2,c
  6312   00201C  EF12  F010         	goto	u2461
  6313   002020  EF14  F010         	goto	u2460
  6314   002024                     u2461:
  6315   002024  EF1E  F010         	goto	l2998
  6316   002028                     u2460:
  6317   002028  0E00               	movlw	0
  6318   00202A  6E07               	movwf	?___xxtofl^0,c
  6319   00202C  0E00               	movlw	0
  6320   00202E  6E08               	movwf	(?___xxtofl+1)^0,c
  6321   002030  0E00               	movlw	0
  6322   002032  6E09               	movwf	(?___xxtofl+2)^0,c
  6323   002034  0E00               	movlw	0
  6324   002036  6E0A               	movwf	(?___xxtofl+3)^0,c
  6325   002038  EFAF  F010         	goto	l1223
  6326   00203C                     l2998:
  6327   00203C  0E96               	movlw	150
  6328   00203E  6E10               	movwf	___xxtofl@exp^0,c
  6329   002040  EF28  F010         	goto	l3002
  6330   002044                     l3000:
  6331   002044  2A10               	incf	___xxtofl@exp^0,f,c
  6332   002046  90D8               	bcf	status,0,c
  6333   002048  3214               	rrcf	(___xxtofl@arg+3)^0,f,c
  6334   00204A  3213               	rrcf	(___xxtofl@arg+2)^0,f,c
  6335   00204C  3212               	rrcf	(___xxtofl@arg+1)^0,f,c
  6336   00204E  3211               	rrcf	___xxtofl@arg^0,f,c
  6337   002050                     l3002:
  6338   002050  0E00               	movlw	0
  6339   002052  1411               	andwf	___xxtofl@arg^0,w,c
  6340   002054  6E0B               	movwf	??___xxtofl^0,c
  6341   002056  0E00               	movlw	0
  6342   002058  1412               	andwf	(___xxtofl@arg+1)^0,w,c
  6343   00205A  6E0C               	movwf	(??___xxtofl+1)^0,c
  6344   00205C  0E00               	movlw	0
  6345   00205E  1413               	andwf	(___xxtofl@arg+2)^0,w,c
  6346   002060  6E0D               	movwf	(??___xxtofl+2)^0,c
  6347   002062  0EFE               	movlw	254
  6348   002064  1414               	andwf	(___xxtofl@arg+3)^0,w,c
  6349   002066  6E0E               	movwf	(??___xxtofl+3)^0,c
  6350   002068  500B               	movf	??___xxtofl^0,w,c
  6351   00206A  100C               	iorwf	(??___xxtofl+1)^0,w,c
  6352   00206C  100D               	iorwf	(??___xxtofl+2)^0,w,c
  6353   00206E  100E               	iorwf	(??___xxtofl+3)^0,w,c
  6354   002070  A4D8               	btfss	status,2,c
  6355   002072  EF3D  F010         	goto	u2471
  6356   002076  EF3F  F010         	goto	u2470
  6357   00207A                     u2471:
  6358   00207A  EF22  F010         	goto	l3000
  6359   00207E                     u2470:
  6360   00207E  EF4D  F010         	goto	l1227
  6361   002082                     l3004:
  6362   002082  2A10               	incf	___xxtofl@exp^0,f,c
  6363   002084  0E01               	movlw	1
  6364   002086  2611               	addwf	___xxtofl@arg^0,f,c
  6365   002088  0E00               	movlw	0
  6366   00208A  2212               	addwfc	(___xxtofl@arg+1)^0,f,c
  6367   00208C  2213               	addwfc	(___xxtofl@arg+2)^0,f,c
  6368   00208E  2214               	addwfc	(___xxtofl@arg+3)^0,f,c
  6369   002090  90D8               	bcf	status,0,c
  6370   002092  3214               	rrcf	(___xxtofl@arg+3)^0,f,c
  6371   002094  3213               	rrcf	(___xxtofl@arg+2)^0,f,c
  6372   002096  3212               	rrcf	(___xxtofl@arg+1)^0,f,c
  6373   002098  3211               	rrcf	___xxtofl@arg^0,f,c
  6374   00209A                     l1227:
  6375   00209A  0E00               	movlw	0
  6376   00209C  1411               	andwf	___xxtofl@arg^0,w,c
  6377   00209E  6E0B               	movwf	??___xxtofl^0,c
  6378   0020A0  0E00               	movlw	0
  6379   0020A2  1412               	andwf	(___xxtofl@arg+1)^0,w,c
  6380   0020A4  6E0C               	movwf	(??___xxtofl+1)^0,c
  6381   0020A6  0E00               	movlw	0
  6382   0020A8  1413               	andwf	(___xxtofl@arg+2)^0,w,c
  6383   0020AA  6E0D               	movwf	(??___xxtofl+2)^0,c
  6384   0020AC  0EFF               	movlw	255
  6385   0020AE  1414               	andwf	(___xxtofl@arg+3)^0,w,c
  6386   0020B0  6E0E               	movwf	(??___xxtofl+3)^0,c
  6387   0020B2  500B               	movf	??___xxtofl^0,w,c
  6388   0020B4  100C               	iorwf	(??___xxtofl+1)^0,w,c
  6389   0020B6  100D               	iorwf	(??___xxtofl+2)^0,w,c
  6390   0020B8  100E               	iorwf	(??___xxtofl+3)^0,w,c
  6391   0020BA  A4D8               	btfss	status,2,c
  6392   0020BC  EF62  F010         	goto	u2481
  6393   0020C0  EF64  F010         	goto	u2480
  6394   0020C4                     u2481:
  6395   0020C4  EF41  F010         	goto	l3004
  6396   0020C8                     u2480:
  6397   0020C8  EF6C  F010         	goto	l3012
  6398   0020CC                     l3010:
  6399   0020CC  0610               	decf	___xxtofl@exp^0,f,c
  6400   0020CE  90D8               	bcf	status,0,c
  6401   0020D0  3611               	rlcf	___xxtofl@arg^0,f,c
  6402   0020D2  3612               	rlcf	(___xxtofl@arg+1)^0,f,c
  6403   0020D4  3613               	rlcf	(___xxtofl@arg+2)^0,f,c
  6404   0020D6  3614               	rlcf	(___xxtofl@arg+3)^0,f,c
  6405   0020D8                     l3012:
  6406   0020D8  BE13               	btfsc	(___xxtofl@arg+2)^0,7,c
  6407   0020DA  EF71  F010         	goto	u2491
  6408   0020DE  EF73  F010         	goto	u2490
  6409   0020E2                     u2491:
  6410   0020E2  EF7B  F010         	goto	l1234
  6411   0020E6                     u2490:
  6412   0020E6  0E02               	movlw	2
  6413   0020E8  6010               	cpfslt	___xxtofl@exp^0,c
  6414   0020EA  EF79  F010         	goto	u2501
  6415   0020EE  EF7B  F010         	goto	u2500
  6416   0020F2                     u2501:
  6417   0020F2  EF66  F010         	goto	l3010
  6418   0020F6                     u2500:
  6419   0020F6                     l1234:
  6420   0020F6  B010               	btfsc	___xxtofl@exp^0,0,c
  6421   0020F8  EF80  F010         	goto	u2511
  6422   0020FC  EF82  F010         	goto	u2510
  6423   002100                     u2511:
  6424   002100  EF83  F010         	goto	l3018
  6425   002104                     u2510:
  6426   002104  9E13               	bcf	(___xxtofl@arg+2)^0,7,c
  6427   002106                     l3018:
  6428   002106  90D8               	bcf	status,0,c
  6429   002108  3210               	rrcf	___xxtofl@exp^0,f,c
  6430   00210A  C010  F00B         	movff	___xxtofl@exp,??___xxtofl
  6431   00210E  6A0C               	clrf	(??___xxtofl+1)^0,c
  6432   002110  6A0D               	clrf	(??___xxtofl+2)^0,c
  6433   002112  6A0E               	clrf	(??___xxtofl+3)^0,c
  6434   002114  C00B  F00E         	movff	??___xxtofl,??___xxtofl+3
  6435   002118  6A0D               	clrf	(??___xxtofl+2)^0,c
  6436   00211A  6A0C               	clrf	(??___xxtofl+1)^0,c
  6437   00211C  6A0B               	clrf	??___xxtofl^0,c
  6438   00211E  500B               	movf	??___xxtofl^0,w,c
  6439   002120  1211               	iorwf	___xxtofl@arg^0,f,c
  6440   002122  500C               	movf	(??___xxtofl+1)^0,w,c
  6441   002124  1212               	iorwf	(___xxtofl@arg+1)^0,f,c
  6442   002126  500D               	movf	(??___xxtofl+2)^0,w,c
  6443   002128  1213               	iorwf	(___xxtofl@arg+2)^0,f,c
  6444   00212A  500E               	movf	(??___xxtofl+3)^0,w,c
  6445   00212C  1214               	iorwf	(___xxtofl@arg+3)^0,f,c
  6446   00212E  500F               	movf	___xxtofl@sign^0,w,c
  6447   002130  B4D8               	btfsc	status,2,c
  6448   002132  EF9D  F010         	goto	u2521
  6449   002136  EF9F  F010         	goto	u2520
  6450   00213A                     u2521:
  6451   00213A  EFA7  F010         	goto	l3028
  6452   00213E                     u2520:
  6453   00213E  BE0A               	btfsc	(___xxtofl@val+3)^0,7,c
  6454   002140  EFA6  F010         	goto	u2530
  6455   002144  EFA4  F010         	goto	u2531
  6456   002148                     u2531:
  6457   002148  EFA7  F010         	goto	l3028
  6458   00214C                     u2530:
  6459   00214C  8E14               	bsf	(___xxtofl@arg+3)^0,7,c
  6460   00214E                     l3028:
  6461   00214E  C011  F007         	movff	___xxtofl@arg,?___xxtofl
  6462   002152  C012  F008         	movff	___xxtofl@arg+1,?___xxtofl+1
  6463   002156  C013  F009         	movff	___xxtofl@arg+2,?___xxtofl+2
  6464   00215A  C014  F00A         	movff	___xxtofl@arg+3,?___xxtofl+3
  6465   00215E                     l1223:
  6466   00215E  0012               	return		;funcret
  6467   002160                     __end_of___xxtofl:
  6468                           	callstack 0
  6469                           
  6470 ;; *************** function ___fltol *****************
  6471 ;; Defined at:
  6472 ;;		line 43 in file "C:\Program Files\Microchip\xc8\v2.50\pic\sources\c99\common\fltol.c"
  6473 ;; Parameters:    Size  Location     Type
  6474 ;;  f1              4   45[COMRAM] unsigned char 
  6475 ;; Auto vars:     Size  Location     Type
  6476 ;;  exp1            1   54[COMRAM] unsigned char 
  6477 ;;  sign1           1   53[COMRAM] unsigned char 
  6478 ;; Return value:  Size  Location     Type
  6479 ;;                  4   45[COMRAM] long 
  6480 ;; Registers used:
  6481 ;;		wreg, status,2, status,0
  6482 ;; Tracked objects:
  6483 ;;		On entry : 0/0
  6484 ;;		On exit  : 0/0
  6485 ;;		Unchanged: 0/0
  6486 ;; Data sizes:     COMRAM   BANK0   BANK1   BANK2   BANK3   BANK4   BANK5
  6487 ;;      Params:         4       0       0       0       0       0       0
  6488 ;;      Locals:         2       0       0       0       0       0       0
  6489 ;;      Temps:          4       0       0       0       0       0       0
  6490 ;;      Totals:        10       0       0       0       0       0       0
  6491 ;;Total ram usage:       10 bytes
  6492 ;; Hardware stack levels used: 1
  6493 ;; This function calls:
  6494 ;;		Nothing
  6495 ;; This function is called by:
  6496 ;;		_view_dashboard
  6497 ;; This function uses a non-reentrant model
  6498 ;;
  6499                           
  6500                           	psect	text12
  6501   001AB4                     __ptext12:
  6502                           	callstack 0
  6503   001AB4                     ___fltol:
  6504                           	callstack 29
  6505   001AB4  3430               	rlcf	(___fltol@f1+2)^0,w,c
  6506   001AB6  3431               	rlcf	(___fltol@f1+3)^0,w,c
  6507   001AB8  6E37               	movwf	___fltol@exp1^0,c
  6508   001ABA  5037               	movf	___fltol@exp1^0,w,c
  6509   001ABC  A4D8               	btfss	status,2,c
  6510   001ABE  EF63  F00D         	goto	u2311
  6511   001AC2  EF65  F00D         	goto	u2310
  6512   001AC6                     u2311:
  6513   001AC6  EF6F  F00D         	goto	l2910
  6514   001ACA                     u2310:
  6515   001ACA                     l2906:
  6516   001ACA  0E00               	movlw	0
  6517   001ACC  6E2E               	movwf	?___fltol^0,c
  6518   001ACE  0E00               	movlw	0
  6519   001AD0  6E2F               	movwf	(?___fltol+1)^0,c
  6520   001AD2  0E00               	movlw	0
  6521   001AD4  6E30               	movwf	(?___fltol+2)^0,c
  6522   001AD6  0E00               	movlw	0
  6523   001AD8  6E31               	movwf	(?___fltol+3)^0,c
  6524   001ADA  EFDC  F00D         	goto	l862
  6525   001ADE                     l2910:
  6526   001ADE  C02E  F032         	movff	___fltol@f1,??___fltol
  6527   001AE2  C02F  F033         	movff	___fltol@f1+1,??___fltol+1
  6528   001AE6  C030  F034         	movff	___fltol@f1+2,??___fltol+2
  6529   001AEA  C031  F035         	movff	___fltol@f1+3,??___fltol+3
  6530   001AEE  0E20               	movlw	32
  6531   001AF0  EF7F  F00D         	goto	u2320
  6532   001AF4                     u2325:
  6533   001AF4  90D8               	bcf	status,0,c
  6534   001AF6  3235               	rrcf	(??___fltol+3)^0,f,c
  6535   001AF8  3234               	rrcf	(??___fltol+2)^0,f,c
  6536   001AFA  3233               	rrcf	(??___fltol+1)^0,f,c
  6537   001AFC  3232               	rrcf	??___fltol^0,f,c
  6538   001AFE                     u2320:
  6539   001AFE  2EE8               	decfsz	wreg,f,c
  6540   001B00  EF7A  F00D         	goto	u2325
  6541   001B04  5032               	movf	??___fltol^0,w,c
  6542   001B06  6E36               	movwf	___fltol@sign1^0,c
  6543   001B08  8E30               	bsf	(___fltol@f1+2)^0,7,c
  6544   001B0A  0EFF               	movlw	255
  6545   001B0C  162E               	andwf	___fltol@f1^0,f,c
  6546   001B0E  0EFF               	movlw	255
  6547   001B10  162F               	andwf	(___fltol@f1+1)^0,f,c
  6548   001B12  0EFF               	movlw	255
  6549   001B14  1630               	andwf	(___fltol@f1+2)^0,f,c
  6550   001B16  0E00               	movlw	0
  6551   001B18  1631               	andwf	(___fltol@f1+3)^0,f,c
  6552   001B1A  0E96               	movlw	150
  6553   001B1C  5E37               	subwf	___fltol@exp1^0,f,c
  6554   001B1E  BE37               	btfsc	___fltol@exp1^0,7,c
  6555   001B20  EF96  F00D         	goto	u2330
  6556   001B24  EF94  F00D         	goto	u2331
  6557   001B28                     u2331:
  6558   001B28  EFAC  F00D         	goto	l2930
  6559   001B2C                     u2330:
  6560   001B2C  5037               	movf	___fltol@exp1^0,w,c
  6561   001B2E  0A80               	xorlw	128
  6562   001B30  0F97               	addlw	151
  6563   001B32  B0D8               	btfsc	status,0,c
  6564   001B34  EF9E  F00D         	goto	u2341
  6565   001B38  EFA0  F00D         	goto	u2340
  6566   001B3C                     u2341:
  6567   001B3C  EFA2  F00D         	goto	l2926
  6568   001B40                     u2340:
  6569   001B40  EF65  F00D         	goto	l2906
  6570   001B44                     l2926:
  6571   001B44  90D8               	bcf	status,0,c
  6572   001B46  3231               	rrcf	(___fltol@f1+3)^0,f,c
  6573   001B48  3230               	rrcf	(___fltol@f1+2)^0,f,c
  6574   001B4A  322F               	rrcf	(___fltol@f1+1)^0,f,c
  6575   001B4C  322E               	rrcf	___fltol@f1^0,f,c
  6576   001B4E  3E37               	incfsz	___fltol@exp1^0,f,c
  6577   001B50  EFA2  F00D         	goto	l2926
  6578   001B54  EFC4  F00D         	goto	l2940
  6579   001B58                     l2930:
  6580   001B58  0E1F               	movlw	31
  6581   001B5A  6437               	cpfsgt	___fltol@exp1^0,c
  6582   001B5C  EFB2  F00D         	goto	u2351
  6583   001B60  EFB4  F00D         	goto	u2350
  6584   001B64                     u2351:
  6585   001B64  EFBC  F00D         	goto	l2938
  6586   001B68                     u2350:
  6587   001B68  EF65  F00D         	goto	l2906
  6588   001B6C                     l2936:
  6589   001B6C  90D8               	bcf	status,0,c
  6590   001B6E  362E               	rlcf	___fltol@f1^0,f,c
  6591   001B70  362F               	rlcf	(___fltol@f1+1)^0,f,c
  6592   001B72  3630               	rlcf	(___fltol@f1+2)^0,f,c
  6593   001B74  3631               	rlcf	(___fltol@f1+3)^0,f,c
  6594   001B76  0637               	decf	___fltol@exp1^0,f,c
  6595   001B78                     l2938:
  6596   001B78  5037               	movf	___fltol@exp1^0,w,c
  6597   001B7A  A4D8               	btfss	status,2,c
  6598   001B7C  EFC2  F00D         	goto	u2361
  6599   001B80  EFC4  F00D         	goto	u2360
  6600   001B84                     u2361:
  6601   001B84  EFB6  F00D         	goto	l2936
  6602   001B88                     u2360:
  6603   001B88                     l2940:
  6604   001B88  5036               	movf	___fltol@sign1^0,w,c
  6605   001B8A  B4D8               	btfsc	status,2,c
  6606   001B8C  EFCA  F00D         	goto	u2371
  6607   001B90  EFCC  F00D         	goto	u2370
  6608   001B94                     u2371:
  6609   001B94  EFD4  F00D         	goto	l2944
  6610   001B98                     u2370:
  6611   001B98  1E31               	comf	(___fltol@f1+3)^0,f,c
  6612   001B9A  1E30               	comf	(___fltol@f1+2)^0,f,c
  6613   001B9C  1E2F               	comf	(___fltol@f1+1)^0,f,c
  6614   001B9E  6C2E               	negf	___fltol@f1^0,c
  6615   001BA0  0E00               	movlw	0
  6616   001BA2  222F               	addwfc	(___fltol@f1+1)^0,f,c
  6617   001BA4  2230               	addwfc	(___fltol@f1+2)^0,f,c
  6618   001BA6  2231               	addwfc	(___fltol@f1+3)^0,f,c
  6619   001BA8                     l2944:
  6620   001BA8  C02E  F02E         	movff	___fltol@f1,?___fltol
  6621   001BAC  C02F  F02F         	movff	___fltol@f1+1,?___fltol+1
  6622   001BB0  C030  F030         	movff	___fltol@f1+2,?___fltol+2
  6623   001BB4  C031  F031         	movff	___fltol@f1+3,?___fltol+3
  6624   001BB8                     l862:
  6625   001BB8  0012               	return		;funcret
  6626   001BBA                     __end_of___fltol:
  6627                           	callstack 0
  6628                           
  6629 ;; *************** function ___fldiv *****************
  6630 ;; Defined at:
  6631 ;;		line 11 in file "C:\Program Files\Microchip\xc8\v2.50\pic\sources\c99\common\sprcdiv.c"
  6632 ;; Parameters:    Size  Location     Type
  6633 ;;  b               4   20[COMRAM] long 
  6634 ;;  a               4   24[COMRAM] long 
  6635 ;; Auto vars:     Size  Location     Type
  6636 ;;  grs             4   39[COMRAM] unsigned long 
  6637 ;;  rem             4   32[COMRAM] unsigned long 
  6638 ;;  new_exp         2   37[COMRAM] short 
  6639 ;;  aexp            1   44[COMRAM] unsigned char 
  6640 ;;  bexp            1   43[COMRAM] unsigned char 
  6641 ;;  sign            1   36[COMRAM] unsigned char 
  6642 ;; Return value:  Size  Location     Type
  6643 ;;                  4   20[COMRAM] unsigned char 
  6644 ;; Registers used:
  6645 ;;		wreg, status,2, status,0
  6646 ;; Tracked objects:
  6647 ;;		On entry : 0/0
  6648 ;;		On exit  : 0/0
  6649 ;;		Unchanged: 0/0
  6650 ;; Data sizes:     COMRAM   BANK0   BANK1   BANK2   BANK3   BANK4   BANK5
  6651 ;;      Params:         8       0       0       0       0       0       0
  6652 ;;      Locals:        13       0       0       0       0       0       0
  6653 ;;      Temps:          4       0       0       0       0       0       0
  6654 ;;      Totals:        25       0       0       0       0       0       0
  6655 ;;Total ram usage:       25 bytes
  6656 ;; Hardware stack levels used: 1
  6657 ;; This function calls:
  6658 ;;		Nothing
  6659 ;; This function is called by:
  6660 ;;		_view_dashboard
  6661 ;; This function uses a non-reentrant model
  6662 ;;
  6663                           
  6664                           	psect	text13
  6665   002738                     __ptext13:
  6666                           	callstack 0
  6667   002738                     ___fldiv:
  6668                           	callstack 29
  6669   002738  5018               	movf	(___fldiv@b+3)^0,w,c
  6670   00273A  0B80               	andlw	128
  6671   00273C  6E25               	movwf	___fldiv@sign^0,c
  6672   00273E  5018               	movf	(___fldiv@b+3)^0,w,c
  6673   002740  2418               	addwf	(___fldiv@b+3)^0,w,c
  6674   002742  6E2C               	movwf	___fldiv@bexp^0,c
  6675   002744  AE17               	btfss	(___fldiv@b+2)^0,7,c
  6676   002746  EFA7  F013         	goto	u2081
  6677   00274A  EFA9  F013         	goto	u2080
  6678   00274E                     u2081:
  6679   00274E  EFAA  F013         	goto	l2774
  6680   002752                     u2080:
  6681   002752  802C               	bsf	___fldiv@bexp^0,0,c
  6682   002754                     l2774:
  6683   002754  502C               	movf	___fldiv@bexp^0,w,c
  6684   002756  B4D8               	btfsc	status,2,c
  6685   002758  EFB0  F013         	goto	u2091
  6686   00275C  EFB2  F013         	goto	u2090
  6687   002760                     u2091:
  6688   002760  EFC6  F013         	goto	l2784
  6689   002764                     u2090:
  6690   002764  282C               	incf	___fldiv@bexp^0,w,c
  6691   002766  A4D8               	btfss	status,2,c
  6692   002768  EFB8  F013         	goto	u2101
  6693   00276C  EFBA  F013         	goto	u2100
  6694   002770                     u2101:
  6695   002770  EFC2  F013         	goto	l2780
  6696   002774                     u2100:
  6697   002774  0E00               	movlw	0
  6698   002776  6E15               	movwf	___fldiv@b^0,c
  6699   002778  0E00               	movlw	0
  6700   00277A  6E16               	movwf	(___fldiv@b+1)^0,c
  6701   00277C  0E00               	movlw	0
  6702   00277E  6E17               	movwf	(___fldiv@b+2)^0,c
  6703   002780  0E00               	movlw	0
  6704   002782  6E18               	movwf	(___fldiv@b+3)^0,c
  6705   002784                     l2780:
  6706   002784  8E17               	bsf	(___fldiv@b+2)^0,7,c
  6707   002786  6A18               	clrf	(___fldiv@b+3)^0,c
  6708   002788  EFCE  F013         	goto	l2786
  6709   00278C                     l2784:
  6710   00278C  0E00               	movlw	0
  6711   00278E  6E15               	movwf	___fldiv@b^0,c
  6712   002790  0E00               	movlw	0
  6713   002792  6E16               	movwf	(___fldiv@b+1)^0,c
  6714   002794  0E00               	movlw	0
  6715   002796  6E17               	movwf	(___fldiv@b+2)^0,c
  6716   002798  0E00               	movlw	0
  6717   00279A  6E18               	movwf	(___fldiv@b+3)^0,c
  6718   00279C                     l2786:
  6719   00279C  501C               	movf	(___fldiv@a+3)^0,w,c
  6720   00279E  0B80               	andlw	128
  6721   0027A0  1A25               	xorwf	___fldiv@sign^0,f,c
  6722   0027A2  501C               	movf	(___fldiv@a+3)^0,w,c
  6723   0027A4  241C               	addwf	(___fldiv@a+3)^0,w,c
  6724   0027A6  6E2D               	movwf	___fldiv@aexp^0,c
  6725   0027A8  AE1B               	btfss	(___fldiv@a+2)^0,7,c
  6726   0027AA  EFD9  F013         	goto	u2111
  6727   0027AE  EFDB  F013         	goto	u2110
  6728   0027B2                     u2111:
  6729   0027B2  EFDC  F013         	goto	l2794
  6730   0027B6                     u2110:
  6731   0027B6  802D               	bsf	___fldiv@aexp^0,0,c
  6732   0027B8                     l2794:
  6733   0027B8  502D               	movf	___fldiv@aexp^0,w,c
  6734   0027BA  B4D8               	btfsc	status,2,c
  6735   0027BC  EFE2  F013         	goto	u2121
  6736   0027C0  EFE4  F013         	goto	u2120
  6737   0027C4                     u2121:
  6738   0027C4  EFF8  F013         	goto	l2804
  6739   0027C8                     u2120:
  6740   0027C8  282D               	incf	___fldiv@aexp^0,w,c
  6741   0027CA  A4D8               	btfss	status,2,c
  6742   0027CC  EFEA  F013         	goto	u2131
  6743   0027D0  EFEC  F013         	goto	u2130
  6744   0027D4                     u2131:
  6745   0027D4  EFF4  F013         	goto	l2800
  6746   0027D8                     u2130:
  6747   0027D8  0E00               	movlw	0
  6748   0027DA  6E19               	movwf	___fldiv@a^0,c
  6749   0027DC  0E00               	movlw	0
  6750   0027DE  6E1A               	movwf	(___fldiv@a+1)^0,c
  6751   0027E0  0E00               	movlw	0
  6752   0027E2  6E1B               	movwf	(___fldiv@a+2)^0,c
  6753   0027E4  0E00               	movlw	0
  6754   0027E6  6E1C               	movwf	(___fldiv@a+3)^0,c
  6755   0027E8                     l2800:
  6756   0027E8  8E1B               	bsf	(___fldiv@a+2)^0,7,c
  6757   0027EA  6A1C               	clrf	(___fldiv@a+3)^0,c
  6758   0027EC  EF00  F014         	goto	l2806
  6759   0027F0                     l2804:
  6760   0027F0  0E00               	movlw	0
  6761   0027F2  6E19               	movwf	___fldiv@a^0,c
  6762   0027F4  0E00               	movlw	0
  6763   0027F6  6E1A               	movwf	(___fldiv@a+1)^0,c
  6764   0027F8  0E00               	movlw	0
  6765   0027FA  6E1B               	movwf	(___fldiv@a+2)^0,c
  6766   0027FC  0E00               	movlw	0
  6767   0027FE  6E1C               	movwf	(___fldiv@a+3)^0,c
  6768   002800                     l2806:
  6769   002800  5019               	movf	___fldiv@a^0,w,c
  6770   002802  101A               	iorwf	(___fldiv@a+1)^0,w,c
  6771   002804  101B               	iorwf	(___fldiv@a+2)^0,w,c
  6772   002806  101C               	iorwf	(___fldiv@a+3)^0,w,c
  6773   002808  A4D8               	btfss	status,2,c
  6774   00280A  EF09  F014         	goto	u2141
  6775   00280E  EF0B  F014         	goto	u2140
  6776   002812                     u2141:
  6777   002812  EF23  F014         	goto	l2818
  6778   002816                     u2140:
  6779   002816  0E00               	movlw	0
  6780   002818  6E15               	movwf	___fldiv@b^0,c
  6781   00281A  0E00               	movlw	0
  6782   00281C  6E16               	movwf	(___fldiv@b+1)^0,c
  6783   00281E  0E00               	movlw	0
  6784   002820  6E17               	movwf	(___fldiv@b+2)^0,c
  6785   002822  0E00               	movlw	0
  6786   002824  6E18               	movwf	(___fldiv@b+3)^0,c
  6787   002826  0E80               	movlw	128
  6788   002828  1217               	iorwf	(___fldiv@b+2)^0,f,c
  6789   00282A  0E7F               	movlw	127
  6790   00282C  1218               	iorwf	(___fldiv@b+3)^0,f,c
  6791   00282E                     l2812:
  6792   00282E  5025               	movf	___fldiv@sign^0,w,c
  6793   002830  1218               	iorwf	(___fldiv@b+3)^0,f,c
  6794   002832  C015  F015         	movff	___fldiv@b,?___fldiv
  6795   002836  C016  F016         	movff	___fldiv@b+1,?___fldiv+1
  6796   00283A  C017  F017         	movff	___fldiv@b+2,?___fldiv+2
  6797   00283E  C018  F018         	movff	___fldiv@b+3,?___fldiv+3
  6798   002842  EF63  F015         	goto	l1147
  6799   002846                     l2818:
  6800   002846  502C               	movf	___fldiv@bexp^0,w,c
  6801   002848  A4D8               	btfss	status,2,c
  6802   00284A  EF29  F014         	goto	u2151
  6803   00284E  EF2B  F014         	goto	u2150
  6804   002852                     u2151:
  6805   002852  EF35  F014         	goto	l2826
  6806   002856                     u2150:
  6807   002856  0E00               	movlw	0
  6808   002858  6E15               	movwf	?___fldiv^0,c
  6809   00285A  0E00               	movlw	0
  6810   00285C  6E16               	movwf	(?___fldiv+1)^0,c
  6811   00285E  0E00               	movlw	0
  6812   002860  6E17               	movwf	(?___fldiv+2)^0,c
  6813   002862  0E00               	movlw	0
  6814   002864  6E18               	movwf	(?___fldiv+3)^0,c
  6815   002866  EF63  F015         	goto	l1147
  6816   00286A                     l2826:
  6817   00286A  502D               	movf	___fldiv@aexp^0,w,c
  6818   00286C  C02C  F01D         	movff	___fldiv@bexp,??___fldiv
  6819   002870  6A1E               	clrf	(??___fldiv+1)^0,c
  6820   002872  5E1D               	subwf	??___fldiv^0,f,c
  6821   002874  0E00               	movlw	0
  6822   002876  5A1E               	subwfb	(??___fldiv+1)^0,f,c
  6823   002878  0E7F               	movlw	127
  6824   00287A  241D               	addwf	??___fldiv^0,w,c
  6825   00287C  6E26               	movwf	___fldiv@new_exp^0,c
  6826   00287E  0E00               	movlw	0
  6827   002880  201E               	addwfc	(??___fldiv+1)^0,w,c
  6828   002882  6E27               	movwf	(___fldiv@new_exp+1)^0,c
  6829   002884  C015  F021         	movff	___fldiv@b,___fldiv@rem
  6830   002888  C016  F022         	movff	___fldiv@b+1,___fldiv@rem+1
  6831   00288C  C017  F023         	movff	___fldiv@b+2,___fldiv@rem+2
  6832   002890  C018  F024         	movff	___fldiv@b+3,___fldiv@rem+3
  6833   002894  0E00               	movlw	0
  6834   002896  6E15               	movwf	___fldiv@b^0,c
  6835   002898  0E00               	movlw	0
  6836   00289A  6E16               	movwf	(___fldiv@b+1)^0,c
  6837   00289C  0E00               	movlw	0
  6838   00289E  6E17               	movwf	(___fldiv@b+2)^0,c
  6839   0028A0  0E00               	movlw	0
  6840   0028A2  6E18               	movwf	(___fldiv@b+3)^0,c
  6841   0028A4  0E00               	movlw	0
  6842   0028A6  6E28               	movwf	___fldiv@grs^0,c
  6843   0028A8  0E00               	movlw	0
  6844   0028AA  6E29               	movwf	(___fldiv@grs+1)^0,c
  6845   0028AC  0E00               	movlw	0
  6846   0028AE  6E2A               	movwf	(___fldiv@grs+2)^0,c
  6847   0028B0  0E00               	movlw	0
  6848   0028B2  6E2B               	movwf	(___fldiv@grs+3)^0,c
  6849   0028B4  6A2D               	clrf	___fldiv@aexp^0,c
  6850   0028B6  EF95  F014         	goto	l1149
  6851   0028BA                     l2836:
  6852   0028BA  502D               	movf	___fldiv@aexp^0,w,c
  6853   0028BC  B4D8               	btfsc	status,2,c
  6854   0028BE  EF63  F014         	goto	u2161
  6855   0028C2  EF65  F014         	goto	u2160
  6856   0028C6                     u2161:
  6857   0028C6  EF7C  F014         	goto	l2844
  6858   0028CA                     u2160:
  6859   0028CA  90D8               	bcf	status,0,c
  6860   0028CC  3621               	rlcf	___fldiv@rem^0,f,c
  6861   0028CE  3622               	rlcf	(___fldiv@rem+1)^0,f,c
  6862   0028D0  3623               	rlcf	(___fldiv@rem+2)^0,f,c
  6863   0028D2  3624               	rlcf	(___fldiv@rem+3)^0,f,c
  6864   0028D4  90D8               	bcf	status,0,c
  6865   0028D6  3615               	rlcf	___fldiv@b^0,f,c
  6866   0028D8  3616               	rlcf	(___fldiv@b+1)^0,f,c
  6867   0028DA  3617               	rlcf	(___fldiv@b+2)^0,f,c
  6868   0028DC  3618               	rlcf	(___fldiv@b+3)^0,f,c
  6869   0028DE  AE2B               	btfss	(___fldiv@grs+3)^0,7,c
  6870   0028E0  EF74  F014         	goto	u2171
  6871   0028E4  EF76  F014         	goto	u2170
  6872   0028E8                     u2171:
  6873   0028E8  EF77  F014         	goto	l1152
  6874   0028EC                     u2170:
  6875   0028EC  8015               	bsf	___fldiv@b^0,0,c
  6876   0028EE                     l1152:
  6877   0028EE  90D8               	bcf	status,0,c
  6878   0028F0  3628               	rlcf	___fldiv@grs^0,f,c
  6879   0028F2  3629               	rlcf	(___fldiv@grs+1)^0,f,c
  6880   0028F4  362A               	rlcf	(___fldiv@grs+2)^0,f,c
  6881   0028F6  362B               	rlcf	(___fldiv@grs+3)^0,f,c
  6882   0028F8                     l2844:
  6883   0028F8  5019               	movf	___fldiv@a^0,w,c
  6884   0028FA  5C21               	subwf	___fldiv@rem^0,w,c
  6885   0028FC  501A               	movf	(___fldiv@a+1)^0,w,c
  6886   0028FE  5822               	subwfb	(___fldiv@rem+1)^0,w,c
  6887   002900  501B               	movf	(___fldiv@a+2)^0,w,c
  6888   002902  5823               	subwfb	(___fldiv@rem+2)^0,w,c
  6889   002904  501C               	movf	(___fldiv@a+3)^0,w,c
  6890   002906  5824               	subwfb	(___fldiv@rem+3)^0,w,c
  6891   002908  A0D8               	btfss	status,0,c
  6892   00290A  EF89  F014         	goto	u2181
  6893   00290E  EF8B  F014         	goto	u2180
  6894   002912                     u2181:
  6895   002912  EF94  F014         	goto	l2850
  6896   002916                     u2180:
  6897   002916  8C2B               	bsf	(___fldiv@grs+3)^0,6,c
  6898   002918  5019               	movf	___fldiv@a^0,w,c
  6899   00291A  5E21               	subwf	___fldiv@rem^0,f,c
  6900   00291C  501A               	movf	(___fldiv@a+1)^0,w,c
  6901   00291E  5A22               	subwfb	(___fldiv@rem+1)^0,f,c
  6902   002920  501B               	movf	(___fldiv@a+2)^0,w,c
  6903   002922  5A23               	subwfb	(___fldiv@rem+2)^0,f,c
  6904   002924  501C               	movf	(___fldiv@a+3)^0,w,c
  6905   002926  5A24               	subwfb	(___fldiv@rem+3)^0,f,c
  6906   002928                     l2850:
  6907   002928  2A2D               	incf	___fldiv@aexp^0,f,c
  6908   00292A                     l1149:
  6909   00292A  0E19               	movlw	25
  6910   00292C  642D               	cpfsgt	___fldiv@aexp^0,c
  6911   00292E  EF9B  F014         	goto	u2191
  6912   002932  EF9D  F014         	goto	u2190
  6913   002936                     u2191:
  6914   002936  EF5D  F014         	goto	l2836
  6915   00293A                     u2190:
  6916   00293A  5021               	movf	___fldiv@rem^0,w,c
  6917   00293C  1022               	iorwf	(___fldiv@rem+1)^0,w,c
  6918   00293E  1023               	iorwf	(___fldiv@rem+2)^0,w,c
  6919   002940  1024               	iorwf	(___fldiv@rem+3)^0,w,c
  6920   002942  B4D8               	btfsc	status,2,c
  6921   002944  EFA6  F014         	goto	u2201
  6922   002948  EFA8  F014         	goto	u2200
  6923   00294C                     u2201:
  6924   00294C  EFC0  F014         	goto	l2862
  6925   002950                     u2200:
  6926   002950  8028               	bsf	___fldiv@grs^0,0,c
  6927   002952  EFC0  F014         	goto	l2862
  6928   002956                     l2856:
  6929   002956  90D8               	bcf	status,0,c
  6930   002958  3615               	rlcf	___fldiv@b^0,f,c
  6931   00295A  3616               	rlcf	(___fldiv@b+1)^0,f,c
  6932   00295C  3617               	rlcf	(___fldiv@b+2)^0,f,c
  6933   00295E  3618               	rlcf	(___fldiv@b+3)^0,f,c
  6934   002960  AE2B               	btfss	(___fldiv@grs+3)^0,7,c
  6935   002962  EFB5  F014         	goto	u2211
  6936   002966  EFB7  F014         	goto	u2210
  6937   00296A                     u2211:
  6938   00296A  EFB8  F014         	goto	l1158
  6939   00296E                     u2210:
  6940   00296E  8015               	bsf	___fldiv@b^0,0,c
  6941   002970                     l1158:
  6942   002970  90D8               	bcf	status,0,c
  6943   002972  3628               	rlcf	___fldiv@grs^0,f,c
  6944   002974  3629               	rlcf	(___fldiv@grs+1)^0,f,c
  6945   002976  362A               	rlcf	(___fldiv@grs+2)^0,f,c
  6946   002978  362B               	rlcf	(___fldiv@grs+3)^0,f,c
  6947   00297A  0626               	decf	___fldiv@new_exp^0,f,c
  6948   00297C  A0D8               	btfss	status,0,c
  6949   00297E  0627               	decf	(___fldiv@new_exp+1)^0,f,c
  6950   002980                     l2862:
  6951   002980  AE17               	btfss	(___fldiv@b+2)^0,7,c
  6952   002982  EFC5  F014         	goto	u2221
  6953   002986  EFC7  F014         	goto	u2220
  6954   00298A                     u2221:
  6955   00298A  EFAB  F014         	goto	l2856
  6956   00298E                     u2220:
  6957   00298E  6A2D               	clrf	___fldiv@aexp^0,c
  6958   002990  AE2B               	btfss	(___fldiv@grs+3)^0,7,c
  6959   002992  EFCD  F014         	goto	u2231
  6960   002996  EFCF  F014         	goto	u2230
  6961   00299A                     u2231:
  6962   00299A  EFF3  F014         	goto	l1160
  6963   00299E                     u2230:
  6964   00299E  0EFF               	movlw	255
  6965   0029A0  1428               	andwf	___fldiv@grs^0,w,c
  6966   0029A2  6E1D               	movwf	??___fldiv^0,c
  6967   0029A4  0EFF               	movlw	255
  6968   0029A6  1429               	andwf	(___fldiv@grs+1)^0,w,c
  6969   0029A8  6E1E               	movwf	(??___fldiv+1)^0,c
  6970   0029AA  0EFF               	movlw	255
  6971   0029AC  142A               	andwf	(___fldiv@grs+2)^0,w,c
  6972   0029AE  6E1F               	movwf	(??___fldiv+2)^0,c
  6973   0029B0  0E7F               	movlw	127
  6974   0029B2  142B               	andwf	(___fldiv@grs+3)^0,w,c
  6975   0029B4  6E20               	movwf	(??___fldiv+3)^0,c
  6976   0029B6  501D               	movf	??___fldiv^0,w,c
  6977   0029B8  101E               	iorwf	(??___fldiv+1)^0,w,c
  6978   0029BA  101F               	iorwf	(??___fldiv+2)^0,w,c
  6979   0029BC  1020               	iorwf	(??___fldiv+3)^0,w,c
  6980   0029BE  B4D8               	btfsc	status,2,c
  6981   0029C0  EFE4  F014         	goto	u2241
  6982   0029C4  EFE6  F014         	goto	u2240
  6983   0029C8                     u2241:
  6984   0029C8  EFEA  F014         	goto	l1161
  6985   0029CC                     u2240:
  6986   0029CC                     l2866:
  6987   0029CC  0E01               	movlw	1
  6988   0029CE  6E2D               	movwf	___fldiv@aexp^0,c
  6989   0029D0  EFF3  F014         	goto	l1160
  6990   0029D4                     l1161:
  6991   0029D4  A015               	btfss	___fldiv@b^0,0,c
  6992   0029D6  EFEF  F014         	goto	u2251
  6993   0029DA  EFF1  F014         	goto	u2250
  6994   0029DE                     u2251:
  6995   0029DE  EFF3  F014         	goto	l1160
  6996   0029E2                     u2250:
  6997   0029E2  EFE6  F014         	goto	l2866
  6998   0029E6                     l1160:
  6999   0029E6  502D               	movf	___fldiv@aexp^0,w,c
  7000   0029E8  B4D8               	btfsc	status,2,c
  7001   0029EA  EFF9  F014         	goto	u2261
  7002   0029EE  EFFB  F014         	goto	u2260
  7003   0029F2                     u2261:
  7004   0029F2  EF1F  F015         	goto	l2878
  7005   0029F6                     u2260:
  7006   0029F6  0E01               	movlw	1
  7007   0029F8  2615               	addwf	___fldiv@b^0,f,c
  7008   0029FA  0E00               	movlw	0
  7009   0029FC  2216               	addwfc	(___fldiv@b+1)^0,f,c
  7010   0029FE  2217               	addwfc	(___fldiv@b+2)^0,f,c
  7011   002A00  2218               	addwfc	(___fldiv@b+3)^0,f,c
  7012   002A02  A018               	btfss	(___fldiv@b+3)^0,0,c
  7013   002A04  EF06  F015         	goto	u2271
  7014   002A08  EF08  F015         	goto	u2270
  7015   002A0C                     u2271:
  7016   002A0C  EF1F  F015         	goto	l2878
  7017   002A10                     u2270:
  7018   002A10  C015  F01D         	movff	___fldiv@b,??___fldiv
  7019   002A14  C016  F01E         	movff	___fldiv@b+1,??___fldiv+1
  7020   002A18  C017  F01F         	movff	___fldiv@b+2,??___fldiv+2
  7021   002A1C  C018  F020         	movff	___fldiv@b+3,??___fldiv+3
  7022   002A20  3420               	rlcf	(??___fldiv+3)^0,w,c
  7023   002A22  3220               	rrcf	(??___fldiv+3)^0,f,c
  7024   002A24  321F               	rrcf	(??___fldiv+2)^0,f,c
  7025   002A26  321E               	rrcf	(??___fldiv+1)^0,f,c
  7026   002A28  321D               	rrcf	??___fldiv^0,f,c
  7027   002A2A  C01D  F015         	movff	??___fldiv,___fldiv@b
  7028   002A2E  C01E  F016         	movff	??___fldiv+1,___fldiv@b+1
  7029   002A32  C01F  F017         	movff	??___fldiv+2,___fldiv@b+2
  7030   002A36  C020  F018         	movff	??___fldiv+3,___fldiv@b+3
  7031   002A3A  4A26               	infsnz	___fldiv@new_exp^0,f,c
  7032   002A3C  2A27               	incf	(___fldiv@new_exp+1)^0,f,c
  7033   002A3E                     l2878:
  7034   002A3E  BE27               	btfsc	(___fldiv@new_exp+1)^0,7,c
  7035   002A40  EF2A  F015         	goto	u2281
  7036   002A44  5027               	movf	(___fldiv@new_exp+1)^0,w,c
  7037   002A46  E108               	bnz	u2280
  7038   002A48  2826               	incf	___fldiv@new_exp^0,w,c
  7039   002A4A  A0D8               	btfss	status,0,c
  7040   002A4C  EF2A  F015         	goto	u2281
  7041   002A50  EF2C  F015         	goto	u2280
  7042   002A54                     u2281:
  7043   002A54  EF37  F015         	goto	l2882
  7044   002A58                     u2280:
  7045   002A58  0E00               	movlw	0
  7046   002A5A  6E27               	movwf	(___fldiv@new_exp+1)^0,c
  7047   002A5C  6826               	setf	___fldiv@new_exp^0,c
  7048   002A5E  0E00               	movlw	0
  7049   002A60  6E15               	movwf	___fldiv@b^0,c
  7050   002A62  0E00               	movlw	0
  7051   002A64  6E16               	movwf	(___fldiv@b+1)^0,c
  7052   002A66  0E00               	movlw	0
  7053   002A68  6E17               	movwf	(___fldiv@b+2)^0,c
  7054   002A6A  0E00               	movlw	0
  7055   002A6C  6E18               	movwf	(___fldiv@b+3)^0,c
  7056   002A6E                     l2882:
  7057   002A6E  BE27               	btfsc	(___fldiv@new_exp+1)^0,7,c
  7058   002A70  EF44  F015         	goto	u2290
  7059   002A74  5027               	movf	(___fldiv@new_exp+1)^0,w,c
  7060   002A76  E106               	bnz	u2291
  7061   002A78  0426               	decf	___fldiv@new_exp^0,w,c
  7062   002A7A  B0D8               	btfsc	status,0,c
  7063   002A7C  EF42  F015         	goto	u2291
  7064   002A80  EF44  F015         	goto	u2290
  7065   002A84                     u2291:
  7066   002A84  EF51  F015         	goto	l2888
  7067   002A88                     u2290:
  7068   002A88  0E00               	movlw	0
  7069   002A8A  6E27               	movwf	(___fldiv@new_exp+1)^0,c
  7070   002A8C  0E00               	movlw	0
  7071   002A8E  6E26               	movwf	___fldiv@new_exp^0,c
  7072   002A90  0E00               	movlw	0
  7073   002A92  6E15               	movwf	___fldiv@b^0,c
  7074   002A94  0E00               	movlw	0
  7075   002A96  6E16               	movwf	(___fldiv@b+1)^0,c
  7076   002A98  0E00               	movlw	0
  7077   002A9A  6E17               	movwf	(___fldiv@b+2)^0,c
  7078   002A9C  0E00               	movlw	0
  7079   002A9E  6E18               	movwf	(___fldiv@b+3)^0,c
  7080   002AA0  6A25               	clrf	___fldiv@sign^0,c
  7081   002AA2                     l2888:
  7082   002AA2  C026  F02C         	movff	___fldiv@new_exp,___fldiv@bexp
  7083   002AA6  A02C               	btfss	___fldiv@bexp^0,0,c
  7084   002AA8  EF58  F015         	goto	u2301
  7085   002AAC  EF5A  F015         	goto	u2300
  7086   002AB0                     u2301:
  7087   002AB0  EF5D  F015         	goto	l2894
  7088   002AB4                     u2300:
  7089   002AB4  8E17               	bsf	(___fldiv@b+2)^0,7,c
  7090   002AB6  EF5E  F015         	goto	l2896
  7091   002ABA                     l2894:
  7092   002ABA  9E17               	bcf	(___fldiv@b+2)^0,7,c
  7093   002ABC                     l2896:
  7094   002ABC  90D8               	bcf	status,0,c
  7095   002ABE  302C               	rrcf	___fldiv@bexp^0,w,c
  7096   002AC0  6E18               	movwf	(___fldiv@b+3)^0,c
  7097   002AC2  EF17  F014         	goto	l2812
  7098   002AC6                     l1147:
  7099   002AC6  0012               	return		;funcret
  7100   002AC8                     __end_of___fldiv:
  7101                           	callstack 0
  7102                           
  7103 ;; *************** function _set_time *****************
  7104 ;; Defined at:
  7105 ;;		line 268 in file "black_box.c"
  7106 ;; Parameters:    Size  Location     Type
  7107 ;;		None
  7108 ;; Auto vars:     Size  Location     Type
  7109 ;;		None
  7110 ;; Return value:  Size  Location     Type
  7111 ;;                  1    wreg      void 
  7112 ;; Registers used:
  7113 ;;		wreg, fsr0l, fsr0h, status,2, status,0, tblptrl, tblptrh, tblptru, prodl, prodh, cstack
  7114 ;; Tracked objects:
  7115 ;;		On entry : 0/0
  7116 ;;		On exit  : 0/0
  7117 ;;		Unchanged: 0/0
  7118 ;; Data sizes:     COMRAM   BANK0   BANK1   BANK2   BANK3   BANK4   BANK5
  7119 ;;      Params:         0       0       0       0       0       0       0
  7120 ;;      Locals:         0       0       0       0       0       0       0
  7121 ;;      Temps:          7       0       0       0       0       0       0
  7122 ;;      Totals:         7       0       0       0       0       0       0
  7123 ;;Total ram usage:        7 bytes
  7124 ;; Hardware stack levels used: 1
  7125 ;; Hardware stack levels required when called: 4
  7126 ;; This function calls:
  7127 ;;		___lwdiv
  7128 ;;		___lwmod
  7129 ;;		_clcd_print
  7130 ;;		_clcd_putch
  7131 ;;		_read_ds1307
  7132 ;;		_write_ds1307
  7133 ;; This function is called by:
  7134 ;;		_main
  7135 ;; This function uses a non-reentrant model
  7136 ;;
  7137                           
  7138                           	psect	text14
  7139   002AC8                     __ptext14:
  7140                           	callstack 0
  7141   002AC8                     _set_time:
  7142                           	callstack 26
  7143   002AC8                     
  7144                           ;black_box.c: 272:     static int time_flag = 0, flag = 0;;black_box.c: 273:     static 
      +                          unsigned int delay;;black_box.c: 275:     if (flag == 0)
  7145   002AC8  5041               	movf	set_time@flag^0,w,c
  7146   002ACA  1042               	iorwf	(set_time@flag+1)^0,w,c
  7147   002ACC  A4D8               	btfss	status,2,c
  7148   002ACE  EF6B  F015         	goto	u3041
  7149   002AD2  EF6D  F015         	goto	u3040
  7150   002AD6                     u3041:
  7151   002AD6  EFF1  F015         	goto	l3410
  7152   002ADA                     u3040:
  7153   002ADA                     
  7154                           ;black_box.c: 276:     {;black_box.c: 277:         clcd_print("HH:MM:SS", (0x80 + (0)));
  7155   002ADA  0EF6               	movlw	low STR_15
  7156   002ADC  6E03               	movwf	clcd_print@data^0,c
  7157   002ADE  0E2F               	movlw	high STR_15
  7158   002AE0  6E04               	movwf	(clcd_print@data+1)^0,c
  7159   002AE2  0E80               	movlw	128
  7160   002AE4  6E05               	movwf	clcd_print@addr^0,c
  7161   002AE6  EC0E  F00A         	call	_clcd_print	;wreg free
  7162   002AEA                     
  7163                           ;black_box.c: 278:         hour = read_ds1307(0x02);
  7164   002AEA  0E02               	movlw	2
  7165   002AEC  ECEF  F008         	call	_read_ds1307
  7166   002AF0  6E0B               	movwf	??_set_time^0,c
  7167   002AF2  500B               	movf	??_set_time^0,w,c
  7168   002AF4  6E4B               	movwf	_hour^0,c
  7169   002AF6  6A4C               	clrf	(_hour+1)^0,c
  7170   002AF8                     
  7171                           ;black_box.c: 279:         hour = (((hour >> 4) * 10) + (hour & 0x0F));
  7172   002AF8  0E0F               	movlw	15
  7173   002AFA  144B               	andwf	_hour^0,w,c
  7174   002AFC  6E0B               	movwf	??_set_time^0,c
  7175   002AFE  0E00               	movlw	0
  7176   002B00  144C               	andwf	(_hour+1)^0,w,c
  7177   002B02  6E0C               	movwf	(??_set_time+1)^0,c
  7178   002B04  C04B  F00D         	movff	_hour,??_set_time+2
  7179   002B08  C04C  F00E         	movff	_hour+1,??_set_time+3
  7180   002B0C  0E04               	movlw	4
  7181   002B0E  6E0F               	movwf	(??_set_time+4)^0,c
  7182   002B10                     u3055:
  7183   002B10  90D8               	bcf	status,0,c
  7184   002B12  320E               	rrcf	(??_set_time+3)^0,f,c
  7185   002B14  320D               	rrcf	(??_set_time+2)^0,f,c
  7186   002B16  2E0F               	decfsz	(??_set_time+4)^0,f,c
  7187   002B18  EF88  F015         	goto	u3055
  7188   002B1C  0E0A               	movlw	10
  7189   002B1E  020D               	mulwf	(??_set_time+2)^0,c
  7190   002B20  CFF3 F010          	movff	prodl,??_set_time+5
  7191   002B24  CFF4 F011          	movff	prodh,??_set_time+6
  7192   002B28  020E               	mulwf	(??_set_time+3)^0,c
  7193   002B2A  50F3               	movf	prodl,w,c
  7194   002B2C  2611               	addwf	(??_set_time+6)^0,f,c
  7195   002B2E  500B               	movf	??_set_time^0,w,c
  7196   002B30  2410               	addwf	(??_set_time+5)^0,w,c
  7197   002B32  6E4B               	movwf	_hour^0,c
  7198   002B34  500C               	movf	(??_set_time+1)^0,w,c
  7199   002B36  2011               	addwfc	(??_set_time+6)^0,w,c
  7200   002B38  6E4C               	movwf	(_hour+1)^0,c
  7201   002B3A                     
  7202                           ;black_box.c: 280:         min = read_ds1307(0x01);
  7203   002B3A  0E01               	movlw	1
  7204   002B3C  ECEF  F008         	call	_read_ds1307
  7205   002B40  6E0B               	movwf	??_set_time^0,c
  7206   002B42  500B               	movf	??_set_time^0,w,c
  7207   002B44  6E4D               	movwf	_min^0,c
  7208   002B46  6A4E               	clrf	(_min+1)^0,c
  7209   002B48                     
  7210                           ;black_box.c: 281:         min = (((min >> 4) * 10) + (min & 0x0F));
  7211   002B48  0E0F               	movlw	15
  7212   002B4A  144D               	andwf	_min^0,w,c
  7213   002B4C  6E0B               	movwf	??_set_time^0,c
  7214   002B4E  0E00               	movlw	0
  7215   002B50  144E               	andwf	(_min+1)^0,w,c
  7216   002B52  6E0C               	movwf	(??_set_time+1)^0,c
  7217   002B54  C04D  F00D         	movff	_min,??_set_time+2
  7218   002B58  C04E  F00E         	movff	_min+1,??_set_time+3
  7219   002B5C  0E04               	movlw	4
  7220   002B5E  6E0F               	movwf	(??_set_time+4)^0,c
  7221   002B60                     u3065:
  7222   002B60  90D8               	bcf	status,0,c
  7223   002B62  320E               	rrcf	(??_set_time+3)^0,f,c
  7224   002B64  320D               	rrcf	(??_set_time+2)^0,f,c
  7225   002B66  2E0F               	decfsz	(??_set_time+4)^0,f,c
  7226   002B68  EFB0  F015         	goto	u3065
  7227   002B6C  0E0A               	movlw	10
  7228   002B6E  020D               	mulwf	(??_set_time+2)^0,c
  7229   002B70  CFF3 F010          	movff	prodl,??_set_time+5
  7230   002B74  CFF4 F011          	movff	prodh,??_set_time+6
  7231   002B78  020E               	mulwf	(??_set_time+3)^0,c
  7232   002B7A  50F3               	movf	prodl,w,c
  7233   002B7C  2611               	addwf	(??_set_time+6)^0,f,c
  7234   002B7E  500B               	movf	??_set_time^0,w,c
  7235   002B80  2410               	addwf	(??_set_time+5)^0,w,c
  7236   002B82  6E4D               	movwf	_min^0,c
  7237   002B84  500C               	movf	(??_set_time+1)^0,w,c
  7238   002B86  2011               	addwfc	(??_set_time+6)^0,w,c
  7239   002B88  6E4E               	movwf	(_min+1)^0,c
  7240   002B8A                     
  7241                           ;black_box.c: 282:         sec = read_ds1307(0x00);
  7242   002B8A  0E00               	movlw	0
  7243   002B8C  ECEF  F008         	call	_read_ds1307
  7244   002B90  6E0B               	movwf	??_set_time^0,c
  7245   002B92  500B               	movf	??_set_time^0,w,c
  7246   002B94  6E49               	movwf	_sec^0,c
  7247   002B96  6A4A               	clrf	(_sec+1)^0,c
  7248   002B98                     
  7249                           ;black_box.c: 283:         sec = (((sec >> 4)*10) + (sec & 0x0F));
  7250   002B98  0E0F               	movlw	15
  7251   002B9A  1449               	andwf	_sec^0,w,c
  7252   002B9C  6E0B               	movwf	??_set_time^0,c
  7253   002B9E  0E00               	movlw	0
  7254   002BA0  144A               	andwf	(_sec+1)^0,w,c
  7255   002BA2  6E0C               	movwf	(??_set_time+1)^0,c
  7256   002BA4  C049  F00D         	movff	_sec,??_set_time+2
  7257   002BA8  C04A  F00E         	movff	_sec+1,??_set_time+3
  7258   002BAC  0E04               	movlw	4
  7259   002BAE  6E0F               	movwf	(??_set_time+4)^0,c
  7260   002BB0                     u3075:
  7261   002BB0  90D8               	bcf	status,0,c
  7262   002BB2  320E               	rrcf	(??_set_time+3)^0,f,c
  7263   002BB4  320D               	rrcf	(??_set_time+2)^0,f,c
  7264   002BB6  2E0F               	decfsz	(??_set_time+4)^0,f,c
  7265   002BB8  EFD8  F015         	goto	u3075
  7266   002BBC  0E0A               	movlw	10
  7267   002BBE  020D               	mulwf	(??_set_time+2)^0,c
  7268   002BC0  CFF3 F010          	movff	prodl,??_set_time+5
  7269   002BC4  CFF4 F011          	movff	prodh,??_set_time+6
  7270   002BC8  020E               	mulwf	(??_set_time+3)^0,c
  7271   002BCA  50F3               	movf	prodl,w,c
  7272   002BCC  2611               	addwf	(??_set_time+6)^0,f,c
  7273   002BCE  500B               	movf	??_set_time^0,w,c
  7274   002BD0  2410               	addwf	(??_set_time+5)^0,w,c
  7275   002BD2  6E49               	movwf	_sec^0,c
  7276   002BD4  500C               	movf	(??_set_time+1)^0,w,c
  7277   002BD6  2011               	addwfc	(??_set_time+6)^0,w,c
  7278   002BD8  6E4A               	movwf	(_sec+1)^0,c
  7279   002BDA                     
  7280                           ;black_box.c: 284:         flag = 1;
  7281   002BDA  0E00               	movlw	0
  7282   002BDC  6E42               	movwf	(set_time@flag+1)^0,c
  7283   002BDE  0E01               	movlw	1
  7284   002BE0  6E41               	movwf	set_time@flag^0,c
  7285   002BE2                     l3410:
  7286                           
  7287                           ;black_box.c: 288:     if (delay++ < 2000)
  7288   002BE2  503F               	movf	set_time@delay^0,w,c
  7289   002BE4  6E0B               	movwf	??_set_time^0,c
  7290   002BE6  5040               	movf	(set_time@delay+1)^0,w,c
  7291   002BE8  6E0C               	movwf	(??_set_time+1)^0,c
  7292   002BEA  4A3F               	infsnz	set_time@delay^0,f,c
  7293   002BEC  2A40               	incf	(set_time@delay+1)^0,f,c
  7294   002BEE  0ED0               	movlw	208
  7295   002BF0  5C0B               	subwf	??_set_time^0,w,c
  7296   002BF2  0E07               	movlw	7
  7297   002BF4  580C               	subwfb	(??_set_time+1)^0,w,c
  7298   002BF6  B0D8               	btfsc	status,0,c
  7299   002BF8  EF00  F016         	goto	u3081
  7300   002BFC  EF02  F016         	goto	u3080
  7301   002C00                     u3081:
  7302   002C00  EF6E  F016         	goto	l3422
  7303   002C04                     u3080:
  7304   002C04                     
  7305                           ;black_box.c: 289:     {;black_box.c: 290:         clcd_putch((hour / 10) + '0', (0xC0 +
      +                           (0)));
  7306   002C04  0EC0               	movlw	192
  7307   002C06  6E09               	movwf	clcd_putch@addr^0,c
  7308   002C08  C04B  F001         	movff	_hour,___lwdiv@dividend
  7309   002C0C  C04C  F002         	movff	_hour+1,___lwdiv@dividend+1
  7310   002C10  0E00               	movlw	0
  7311   002C12  6E04               	movwf	(___lwdiv@divisor+1)^0,c
  7312   002C14  0E0A               	movlw	10
  7313   002C16  6E03               	movwf	___lwdiv@divisor^0,c
  7314   002C18  EC7C  F00A         	call	___lwdiv	;wreg free
  7315   002C1C  5001               	movf	?___lwdiv^0,w,c
  7316   002C1E  0F30               	addlw	48
  7317   002C20  EC8E  F008         	call	_clcd_putch
  7318                           
  7319                           ;black_box.c: 291:         clcd_putch((hour % 10) + '0', (0xC0 + (1)));
  7320   002C24  0EC1               	movlw	193
  7321   002C26  6E09               	movwf	clcd_putch@addr^0,c
  7322   002C28  C04B  F001         	movff	_hour,___lwmod@dividend
  7323   002C2C  C04C  F002         	movff	_hour+1,___lwmod@dividend+1
  7324   002C30  0E00               	movlw	0
  7325   002C32  6E04               	movwf	(___lwmod@divisor+1)^0,c
  7326   002C34  0E0A               	movlw	10
  7327   002C36  6E03               	movwf	___lwmod@divisor^0,c
  7328   002C38  ECA6  F009         	call	___lwmod	;wreg free
  7329   002C3C  5001               	movf	?___lwmod^0,w,c
  7330   002C3E  0F30               	addlw	48
  7331   002C40  EC8E  F008         	call	_clcd_putch
  7332   002C44                     
  7333                           ;black_box.c: 292:         clcd_putch(':', (0xC0 + (2)));
  7334   002C44  0EC2               	movlw	194
  7335   002C46  6E09               	movwf	clcd_putch@addr^0,c
  7336   002C48  0E3A               	movlw	58
  7337   002C4A  EC8E  F008         	call	_clcd_putch
  7338   002C4E                     
  7339                           ;black_box.c: 293:         clcd_putch((min / 10) + '0', (0xC0 + (3)));
  7340   002C4E  0EC3               	movlw	195
  7341   002C50  6E09               	movwf	clcd_putch@addr^0,c
  7342   002C52  C04D  F001         	movff	_min,___lwdiv@dividend
  7343   002C56  C04E  F002         	movff	_min+1,___lwdiv@dividend+1
  7344   002C5A  0E00               	movlw	0
  7345   002C5C  6E04               	movwf	(___lwdiv@divisor+1)^0,c
  7346   002C5E  0E0A               	movlw	10
  7347   002C60  6E03               	movwf	___lwdiv@divisor^0,c
  7348   002C62  EC7C  F00A         	call	___lwdiv	;wreg free
  7349   002C66  5001               	movf	?___lwdiv^0,w,c
  7350   002C68  0F30               	addlw	48
  7351   002C6A  EC8E  F008         	call	_clcd_putch
  7352   002C6E                     
  7353                           ;black_box.c: 294:         clcd_putch((min % 10) + '0', (0xC0 + (4)));
  7354   002C6E  0EC4               	movlw	196
  7355   002C70  6E09               	movwf	clcd_putch@addr^0,c
  7356   002C72  C04D  F001         	movff	_min,___lwmod@dividend
  7357   002C76  C04E  F002         	movff	_min+1,___lwmod@dividend+1
  7358   002C7A  0E00               	movlw	0
  7359   002C7C  6E04               	movwf	(___lwmod@divisor+1)^0,c
  7360   002C7E  0E0A               	movlw	10
  7361   002C80  6E03               	movwf	___lwmod@divisor^0,c
  7362   002C82  ECA6  F009         	call	___lwmod	;wreg free
  7363   002C86  5001               	movf	?___lwmod^0,w,c
  7364   002C88  0F30               	addlw	48
  7365   002C8A  EC8E  F008         	call	_clcd_putch
  7366   002C8E                     
  7367                           ;black_box.c: 295:         clcd_putch(':', (0xC0 + (5)));
  7368   002C8E  0EC5               	movlw	197
  7369   002C90  6E09               	movwf	clcd_putch@addr^0,c
  7370   002C92  0E3A               	movlw	58
  7371   002C94  EC8E  F008         	call	_clcd_putch
  7372                           
  7373                           ;black_box.c: 296:         clcd_putch((sec / 10) + '0', (0xC0 + (6)));
  7374   002C98  0EC6               	movlw	198
  7375   002C9A  6E09               	movwf	clcd_putch@addr^0,c
  7376   002C9C  C049  F001         	movff	_sec,___lwdiv@dividend
  7377   002CA0  C04A  F002         	movff	_sec+1,___lwdiv@dividend+1
  7378   002CA4  0E00               	movlw	0
  7379   002CA6  6E04               	movwf	(___lwdiv@divisor+1)^0,c
  7380   002CA8  0E0A               	movlw	10
  7381   002CAA  6E03               	movwf	___lwdiv@divisor^0,c
  7382   002CAC  EC7C  F00A         	call	___lwdiv	;wreg free
  7383   002CB0  5001               	movf	?___lwdiv^0,w,c
  7384   002CB2  0F30               	addlw	48
  7385   002CB4  EC8E  F008         	call	_clcd_putch
  7386                           
  7387                           ;black_box.c: 297:         clcd_putch((sec % 10) + '0', (0xC0 + (7)));
  7388   002CB8  0EC7               	movlw	199
  7389   002CBA  6E09               	movwf	clcd_putch@addr^0,c
  7390   002CBC  C049  F001         	movff	_sec,___lwmod@dividend
  7391   002CC0  C04A  F002         	movff	_sec+1,___lwmod@dividend+1
  7392   002CC4  0E00               	movlw	0
  7393   002CC6  6E04               	movwf	(___lwmod@divisor+1)^0,c
  7394   002CC8  0E0A               	movlw	10
  7395   002CCA  6E03               	movwf	___lwmod@divisor^0,c
  7396   002CCC  ECA6  F009         	call	___lwmod	;wreg free
  7397   002CD0  5001               	movf	?___lwmod^0,w,c
  7398   002CD2  0F30               	addlw	48
  7399   002CD4  EC8E  F008         	call	_clcd_putch
  7400                           
  7401                           ;black_box.c: 298:     } else if (delay++ < 4000)
  7402   002CD8  EFB9  F016         	goto	l3436
  7403   002CDC                     l3422:
  7404   002CDC  503F               	movf	set_time@delay^0,w,c
  7405   002CDE  6E0B               	movwf	??_set_time^0,c
  7406   002CE0  5040               	movf	(set_time@delay+1)^0,w,c
  7407   002CE2  6E0C               	movwf	(??_set_time+1)^0,c
  7408   002CE4  4A3F               	infsnz	set_time@delay^0,f,c
  7409   002CE6  2A40               	incf	(set_time@delay+1)^0,f,c
  7410   002CE8  0EA0               	movlw	160
  7411   002CEA  5C0B               	subwf	??_set_time^0,w,c
  7412   002CEC  0E0F               	movlw	15
  7413   002CEE  580C               	subwfb	(??_set_time+1)^0,w,c
  7414   002CF0  B0D8               	btfsc	status,0,c
  7415   002CF2  EF7D  F016         	goto	u3091
  7416   002CF6  EF7F  F016         	goto	u3090
  7417   002CFA                     u3091:
  7418   002CFA  EFB5  F016         	goto	l3434
  7419   002CFE                     u3090:
  7420   002CFE                     
  7421                           ;black_box.c: 299:     {;black_box.c: 300:         if (time_flag == 0)
  7422   002CFE  5043               	movf	set_time@time_flag^0,w,c
  7423   002D00  1044               	iorwf	(set_time@time_flag+1)^0,w,c
  7424   002D02  A4D8               	btfss	status,2,c
  7425   002D04  EF86  F016         	goto	u3101
  7426   002D08  EF88  F016         	goto	u3100
  7427   002D0C                     u3101:
  7428   002D0C  EF94  F016         	goto	l3428
  7429   002D10                     u3100:
  7430   002D10                     
  7431                           ;black_box.c: 301:         {;black_box.c: 302:             clcd_putch(' ', (0xC0 + (0)))
      +                          ;
  7432   002D10  0EC0               	movlw	192
  7433   002D12  6E09               	movwf	clcd_putch@addr^0,c
  7434   002D14  0E20               	movlw	32
  7435   002D16  EC8E  F008         	call	_clcd_putch
  7436                           
  7437                           ;black_box.c: 303:             clcd_putch(' ', (0xC0 + (1)));
  7438   002D1A  0EC1               	movlw	193
  7439   002D1C  6E09               	movwf	clcd_putch@addr^0,c
  7440   002D1E  0E20               	movlw	32
  7441   002D20  EC8E  F008         	call	_clcd_putch
  7442                           
  7443                           ;black_box.c: 304:         } else if (time_flag == 1)
  7444   002D24  EFB9  F016         	goto	l3436
  7445   002D28                     l3428:
  7446   002D28  0443               	decf	set_time@time_flag^0,w,c
  7447   002D2A  1044               	iorwf	(set_time@time_flag+1)^0,w,c
  7448   002D2C  A4D8               	btfss	status,2,c
  7449   002D2E  EF9B  F016         	goto	u3111
  7450   002D32  EF9D  F016         	goto	u3110
  7451   002D36                     u3111:
  7452   002D36  EFA9  F016         	goto	l3432
  7453   002D3A                     u3110:
  7454   002D3A                     
  7455                           ;black_box.c: 305:         {;black_box.c: 306:             clcd_putch(' ', (0xC0 + (3)))
      +                          ;
  7456   002D3A  0EC3               	movlw	195
  7457   002D3C  6E09               	movwf	clcd_putch@addr^0,c
  7458   002D3E  0E20               	movlw	32
  7459   002D40  EC8E  F008         	call	_clcd_putch
  7460                           
  7461                           ;black_box.c: 307:             clcd_putch(' ', (0xC0 + (4)));
  7462   002D44  0EC4               	movlw	196
  7463   002D46  6E09               	movwf	clcd_putch@addr^0,c
  7464   002D48  0E20               	movlw	32
  7465   002D4A  EC8E  F008         	call	_clcd_putch
  7466                           
  7467                           ;black_box.c: 308:         } else
  7468   002D4E  EFB9  F016         	goto	l3436
  7469   002D52                     l3432:
  7470                           
  7471                           ;black_box.c: 309:         {;black_box.c: 310:             clcd_putch(' ', (0xC0 + (6)))
      +                          ;
  7472   002D52  0EC6               	movlw	198
  7473   002D54  6E09               	movwf	clcd_putch@addr^0,c
  7474   002D56  0E20               	movlw	32
  7475   002D58  EC8E  F008         	call	_clcd_putch
  7476                           
  7477                           ;black_box.c: 311:             clcd_putch(' ', (0xC0 + (7)));
  7478   002D5C  0EC7               	movlw	199
  7479   002D5E  6E09               	movwf	clcd_putch@addr^0,c
  7480   002D60  0E20               	movlw	32
  7481   002D62  EC8E  F008         	call	_clcd_putch
  7482   002D66  EFB9  F016         	goto	l3436
  7483   002D6A                     l3434:
  7484                           
  7485                           ;black_box.c: 314:         delay = 0;
  7486   002D6A  0E00               	movlw	0
  7487   002D6C  6E40               	movwf	(set_time@delay+1)^0,c
  7488   002D6E  0E00               	movlw	0
  7489   002D70  6E3F               	movwf	set_time@delay^0,c
  7490   002D72                     l3436:
  7491                           
  7492                           ;black_box.c: 317:     if (key == 11)
  7493   002D72  0E0B               	movlw	11
  7494   002D74  1856               	xorwf	_key^0,w,c
  7495   002D76  A4D8               	btfss	status,2,c
  7496   002D78  EFC0  F016         	goto	u3121
  7497   002D7C  EFC2  F016         	goto	u3120
  7498   002D80                     u3121:
  7499   002D80  EF28  F017         	goto	l3444
  7500   002D84                     u3120:
  7501   002D84                     
  7502                           ;black_box.c: 318:     {;black_box.c: 319:         write_ds1307(0x02, (((hour / 10) << 4
      +                          ) | hour % 10));
  7503   002D84  C04B  F001         	movff	_hour,___lwmod@dividend
  7504   002D88  C04C  F002         	movff	_hour+1,___lwmod@dividend+1
  7505   002D8C  0E00               	movlw	0
  7506   002D8E  6E04               	movwf	(___lwmod@divisor+1)^0,c
  7507   002D90  0E0A               	movlw	10
  7508   002D92  6E03               	movwf	___lwmod@divisor^0,c
  7509   002D94  ECA6  F009         	call	___lwmod	;wreg free
  7510   002D98  C001  F00B         	movff	?___lwmod,??_set_time
  7511   002D9C  C002  F00C         	movff	?___lwmod+1,??_set_time+1
  7512   002DA0  C04B  F001         	movff	_hour,___lwdiv@dividend
  7513   002DA4  C04C  F002         	movff	_hour+1,___lwdiv@dividend+1
  7514   002DA8  0E00               	movlw	0
  7515   002DAA  6E04               	movwf	(___lwdiv@divisor+1)^0,c
  7516   002DAC  0E0A               	movlw	10
  7517   002DAE  6E03               	movwf	___lwdiv@divisor^0,c
  7518   002DB0  EC7C  F00A         	call	___lwdiv	;wreg free
  7519   002DB4  3801               	swapf	?___lwdiv^0,w,c
  7520   002DB6  0BF0               	andlw	240
  7521   002DB8  100B               	iorwf	??_set_time^0,w,c
  7522   002DBA  6E08               	movwf	write_ds1307@data^0,c
  7523   002DBC  0E02               	movlw	2
  7524   002DBE  ECA6  F008         	call	_write_ds1307
  7525                           
  7526                           ;black_box.c: 320:         write_ds1307(0x01, (((min / 10) << 4) | min % 10));
  7527   002DC2  C04D  F001         	movff	_min,___lwmod@dividend
  7528   002DC6  C04E  F002         	movff	_min+1,___lwmod@dividend+1
  7529   002DCA  0E00               	movlw	0
  7530   002DCC  6E04               	movwf	(___lwmod@divisor+1)^0,c
  7531   002DCE  0E0A               	movlw	10
  7532   002DD0  6E03               	movwf	___lwmod@divisor^0,c
  7533   002DD2  ECA6  F009         	call	___lwmod	;wreg free
  7534   002DD6  C001  F00B         	movff	?___lwmod,??_set_time
  7535   002DDA  C002  F00C         	movff	?___lwmod+1,??_set_time+1
  7536   002DDE  C04D  F001         	movff	_min,___lwdiv@dividend
  7537   002DE2  C04E  F002         	movff	_min+1,___lwdiv@dividend+1
  7538   002DE6  0E00               	movlw	0
  7539   002DE8  6E04               	movwf	(___lwdiv@divisor+1)^0,c
  7540   002DEA  0E0A               	movlw	10
  7541   002DEC  6E03               	movwf	___lwdiv@divisor^0,c
  7542   002DEE  EC7C  F00A         	call	___lwdiv	;wreg free
  7543   002DF2  3801               	swapf	?___lwdiv^0,w,c
  7544   002DF4  0BF0               	andlw	240
  7545   002DF6  100B               	iorwf	??_set_time^0,w,c
  7546   002DF8  6E08               	movwf	write_ds1307@data^0,c
  7547   002DFA  0E01               	movlw	1
  7548   002DFC  ECA6  F008         	call	_write_ds1307
  7549                           
  7550                           ;black_box.c: 321:         write_ds1307(0x00, (((sec / 10) << 4) | sec % 10));
  7551   002E00  C049  F001         	movff	_sec,___lwmod@dividend
  7552   002E04  C04A  F002         	movff	_sec+1,___lwmod@dividend+1
  7553   002E08  0E00               	movlw	0
  7554   002E0A  6E04               	movwf	(___lwmod@divisor+1)^0,c
  7555   002E0C  0E0A               	movlw	10
  7556   002E0E  6E03               	movwf	___lwmod@divisor^0,c
  7557   002E10  ECA6  F009         	call	___lwmod	;wreg free
  7558   002E14  C001  F00B         	movff	?___lwmod,??_set_time
  7559   002E18  C002  F00C         	movff	?___lwmod+1,??_set_time+1
  7560   002E1C  C049  F001         	movff	_sec,___lwdiv@dividend
  7561   002E20  C04A  F002         	movff	_sec+1,___lwdiv@dividend+1
  7562   002E24  0E00               	movlw	0
  7563   002E26  6E04               	movwf	(___lwdiv@divisor+1)^0,c
  7564   002E28  0E0A               	movlw	10
  7565   002E2A  6E03               	movwf	___lwdiv@divisor^0,c
  7566   002E2C  EC7C  F00A         	call	___lwdiv	;wreg free
  7567   002E30  3801               	swapf	?___lwdiv^0,w,c
  7568   002E32  0BF0               	andlw	240
  7569   002E34  100B               	iorwf	??_set_time^0,w,c
  7570   002E36  6E08               	movwf	write_ds1307@data^0,c
  7571   002E38  0E00               	movlw	0
  7572   002E3A  ECA6  F008         	call	_write_ds1307
  7573   002E3E                     
  7574                           ;black_box.c: 322:         state = e_main_menu;
  7575   002E3E  0E01               	movlw	1
  7576   002E40  0101               	movlb	1	; () banked
  7577   002E42  6FC0               	movwf	_state& (0+255),b
  7578   002E44                     
  7579                           ; BSR set to: 1
  7580                           ;black_box.c: 323:         flag = 0;
  7581   002E44  0E00               	movlw	0
  7582   002E46  6E42               	movwf	(set_time@flag+1)^0,c
  7583   002E48  0E00               	movlw	0
  7584   002E4A  6E41               	movwf	set_time@flag^0,c
  7585                           
  7586                           ;black_box.c: 324:     }
  7587   002E4C  EF38  F017         	goto	l3448
  7588   002E50                     l3444:
  7589   002E50  0E0A               	movlw	10
  7590   002E52  1856               	xorwf	_key^0,w,c
  7591   002E54  A4D8               	btfss	status,2,c
  7592   002E56  EF2F  F017         	goto	u3131
  7593   002E5A  EF31  F017         	goto	u3130
  7594   002E5E                     u3131:
  7595   002E5E  EF38  F017         	goto	l3448
  7596   002E62                     u3130:
  7597   002E62                     
  7598                           ;black_box.c: 326:     {;black_box.c: 327:         state = e_main_menu;
  7599   002E62  0E01               	movlw	1
  7600   002E64  0101               	movlb	1	; () banked
  7601   002E66  6FC0               	movwf	_state& (0+255),b
  7602                           
  7603                           ;black_box.c: 328:         flag = 0;
  7604   002E68  0E00               	movlw	0
  7605   002E6A  6E42               	movwf	(set_time@flag+1)^0,c
  7606   002E6C  0E00               	movlw	0
  7607   002E6E  6E41               	movwf	set_time@flag^0,c
  7608   002E70                     l3448:
  7609                           
  7610                           ;black_box.c: 332:     if (key == 1)
  7611   002E70  0456               	decf	_key^0,w,c
  7612   002E72  A4D8               	btfss	status,2,c
  7613   002E74  EF3E  F017         	goto	u3141
  7614   002E78  EF40  F017         	goto	u3140
  7615   002E7C                     u3141:
  7616   002E7C  EF8C  F017         	goto	l3474
  7617   002E80                     u3140:
  7618   002E80                     
  7619                           ;black_box.c: 333:     {;black_box.c: 334:         if (time_flag == 0)
  7620   002E80  5043               	movf	set_time@time_flag^0,w,c
  7621   002E82  1044               	iorwf	(set_time@time_flag+1)^0,w,c
  7622   002E84  A4D8               	btfss	status,2,c
  7623   002E86  EF47  F017         	goto	u3151
  7624   002E8A  EF49  F017         	goto	u3150
  7625   002E8E                     u3151:
  7626   002E8E  EF59  F017         	goto	l3458
  7627   002E92                     u3150:
  7628   002E92                     
  7629                           ;black_box.c: 335:         {;black_box.c: 336:             if (hour == 23)
  7630   002E92  0E17               	movlw	23
  7631   002E94  184B               	xorwf	_hour^0,w,c
  7632   002E96  104C               	iorwf	(_hour+1)^0,w,c
  7633   002E98  A4D8               	btfss	status,2,c
  7634   002E9A  EF51  F017         	goto	u3161
  7635   002E9E  EF53  F017         	goto	u3160
  7636   002EA2                     u3161:
  7637   002EA2  EF57  F017         	goto	l3456
  7638   002EA6                     u3160:
  7639   002EA6                     
  7640                           ;black_box.c: 337:                 hour = 0;
  7641   002EA6  0E00               	movlw	0
  7642   002EA8  6E4C               	movwf	(_hour+1)^0,c
  7643   002EAA  0E00               	movlw	0
  7644   002EAC  6E4B               	movwf	_hour^0,c
  7645   002EAE                     l3456:
  7646                           
  7647                           ;black_box.c: 338:             hour++;
  7648   002EAE  4A4B               	infsnz	_hour^0,f,c
  7649   002EB0  2A4C               	incf	(_hour+1)^0,f,c
  7650   002EB2                     l3458:
  7651                           
  7652                           ;black_box.c: 341:         if (time_flag == 1)
  7653   002EB2  0443               	decf	set_time@time_flag^0,w,c
  7654   002EB4  1044               	iorwf	(set_time@time_flag+1)^0,w,c
  7655   002EB6  A4D8               	btfss	status,2,c
  7656   002EB8  EF60  F017         	goto	u3171
  7657   002EBC  EF62  F017         	goto	u3170
  7658   002EC0                     u3171:
  7659   002EC0  EF72  F017         	goto	l3466
  7660   002EC4                     u3170:
  7661   002EC4                     
  7662                           ;black_box.c: 342:         {;black_box.c: 343:             if (min == 59)
  7663   002EC4  0E3B               	movlw	59
  7664   002EC6  184D               	xorwf	_min^0,w,c
  7665   002EC8  104E               	iorwf	(_min+1)^0,w,c
  7666   002ECA  A4D8               	btfss	status,2,c
  7667   002ECC  EF6A  F017         	goto	u3181
  7668   002ED0  EF6C  F017         	goto	u3180
  7669   002ED4                     u3181:
  7670   002ED4  EF70  F017         	goto	l3464
  7671   002ED8                     u3180:
  7672   002ED8                     
  7673                           ;black_box.c: 344:                 min = 0;
  7674   002ED8  0E00               	movlw	0
  7675   002EDA  6E4E               	movwf	(_min+1)^0,c
  7676   002EDC  0E00               	movlw	0
  7677   002EDE  6E4D               	movwf	_min^0,c
  7678   002EE0                     l3464:
  7679                           
  7680                           ;black_box.c: 345:             min++;
  7681   002EE0  4A4D               	infsnz	_min^0,f,c
  7682   002EE2  2A4E               	incf	(_min+1)^0,f,c
  7683   002EE4                     l3466:
  7684                           
  7685                           ;black_box.c: 348:         if (time_flag == 2)
  7686   002EE4  0E02               	movlw	2
  7687   002EE6  1843               	xorwf	set_time@time_flag^0,w,c
  7688   002EE8  1044               	iorwf	(set_time@time_flag+1)^0,w,c
  7689   002EEA  A4D8               	btfss	status,2,c
  7690   002EEC  EF7A  F017         	goto	u3191
  7691   002EF0  EF7C  F017         	goto	u3190
  7692   002EF4                     u3191:
  7693   002EF4  EF8C  F017         	goto	l3474
  7694   002EF8                     u3190:
  7695   002EF8                     
  7696                           ;black_box.c: 349:         {;black_box.c: 350:             if (sec == 59)
  7697   002EF8  0E3B               	movlw	59
  7698   002EFA  1849               	xorwf	_sec^0,w,c
  7699   002EFC  104A               	iorwf	(_sec+1)^0,w,c
  7700   002EFE  A4D8               	btfss	status,2,c
  7701   002F00  EF84  F017         	goto	u3201
  7702   002F04  EF86  F017         	goto	u3200
  7703   002F08                     u3201:
  7704   002F08  EF8A  F017         	goto	l3472
  7705   002F0C                     u3200:
  7706   002F0C                     
  7707                           ;black_box.c: 351:                 sec = 0;
  7708   002F0C  0E00               	movlw	0
  7709   002F0E  6E4A               	movwf	(_sec+1)^0,c
  7710   002F10  0E00               	movlw	0
  7711   002F12  6E49               	movwf	_sec^0,c
  7712   002F14                     l3472:
  7713                           
  7714                           ;black_box.c: 352:             sec++;
  7715   002F14  4A49               	infsnz	_sec^0,f,c
  7716   002F16  2A4A               	incf	(_sec+1)^0,f,c
  7717   002F18                     l3474:
  7718                           
  7719                           ;black_box.c: 355:     if (key == 2)
  7720   002F18  0E02               	movlw	2
  7721   002F1A  1856               	xorwf	_key^0,w,c
  7722   002F1C  A4D8               	btfss	status,2,c
  7723   002F1E  EF93  F017         	goto	u3211
  7724   002F22  EF95  F017         	goto	u3210
  7725   002F26                     u3211:
  7726   002F26  EFA5  F017         	goto	l3480
  7727   002F2A                     u3210:
  7728   002F2A                     
  7729                           ;black_box.c: 356:     {;black_box.c: 357:         if (time_flag++ == 2)
  7730   002F2A  4A43               	infsnz	set_time@time_flag^0,f,c
  7731   002F2C  2A44               	incf	(set_time@time_flag+1)^0,f,c
  7732   002F2E  0E03               	movlw	3
  7733   002F30  1843               	xorwf	set_time@time_flag^0,w,c
  7734   002F32  1044               	iorwf	(set_time@time_flag+1)^0,w,c
  7735   002F34  A4D8               	btfss	status,2,c
  7736   002F36  EF9F  F017         	goto	u3221
  7737   002F3A  EFA1  F017         	goto	u3220
  7738   002F3E                     u3221:
  7739   002F3E  EFA5  F017         	goto	l3480
  7740   002F42                     u3220:
  7741   002F42                     
  7742                           ;black_box.c: 358:             time_flag = 0;
  7743   002F42  0E00               	movlw	0
  7744   002F44  6E44               	movwf	(set_time@time_flag+1)^0,c
  7745   002F46  0E00               	movlw	0
  7746   002F48  6E43               	movwf	set_time@time_flag^0,c
  7747   002F4A                     l3480:
  7748                           
  7749                           ;black_box.c: 360:     clcd_print("        ", (0xC0 + (8)));
  7750   002F4A  0E88               	movlw	low (STR_4+8)
  7751   002F4C  6E03               	movwf	clcd_print@data^0,c
  7752   002F4E  0E2F               	movlw	high (STR_4+8)
  7753   002F50  6E04               	movwf	(clcd_print@data+1)^0,c
  7754   002F52  0EC8               	movlw	200
  7755   002F54  6E05               	movwf	clcd_print@addr^0,c
  7756   002F56  EC0E  F00A         	call	_clcd_print	;wreg free
  7757   002F5A                     
  7758                           ;black_box.c: 361:     clcd_print("        ", (0x80 + (8)));
  7759   002F5A  0E88               	movlw	low (STR_4+8)
  7760   002F5C  6E03               	movwf	clcd_print@data^0,c
  7761   002F5E  0E2F               	movlw	high (STR_4+8)
  7762   002F60  6E04               	movwf	(clcd_print@data+1)^0,c
  7763   002F62  0E88               	movlw	136
  7764   002F64  6E05               	movwf	clcd_print@addr^0,c
  7765   002F66  EC0E  F00A         	call	_clcd_print	;wreg free
  7766   002F6A  0012               	return		;funcret
  7767   002F6C                     __end_of_set_time:
  7768                           	callstack 0
  7769                           
  7770 ;; *************** function ___lwmod *****************
  7771 ;; Defined at:
  7772 ;;		line 7 in file "C:\Program Files\Microchip\xc8\v2.50\pic\sources\c99\common\lwmod.c"
  7773 ;; Parameters:    Size  Location     Type
  7774 ;;  dividend        2    0[COMRAM] unsigned int 
  7775 ;;  divisor         2    2[COMRAM] unsigned int 
  7776 ;; Auto vars:     Size  Location     Type
  7777 ;;  counter         1    4[COMRAM] unsigned char 
  7778 ;; Return value:  Size  Location     Type
  7779 ;;                  2    0[COMRAM] unsigned int 
  7780 ;; Registers used:
  7781 ;;		wreg, status,2, status,0
  7782 ;; Tracked objects:
  7783 ;;		On entry : 0/0
  7784 ;;		On exit  : 0/0
  7785 ;;		Unchanged: 0/0
  7786 ;; Data sizes:     COMRAM   BANK0   BANK1   BANK2   BANK3   BANK4   BANK5
  7787 ;;      Params:         4       0       0       0       0       0       0
  7788 ;;      Locals:         1       0       0       0       0       0       0
  7789 ;;      Temps:          0       0       0       0       0       0       0
  7790 ;;      Totals:         5       0       0       0       0       0       0
  7791 ;;Total ram usage:        5 bytes
  7792 ;; Hardware stack levels used: 1
  7793 ;; This function calls:
  7794 ;;		Nothing
  7795 ;; This function is called by:
  7796 ;;		_set_time
  7797 ;; This function uses a non-reentrant model
  7798 ;;
  7799                           
  7800                           	psect	text15
  7801   00134C                     __ptext15:
  7802                           	callstack 0
  7803   00134C                     ___lwmod:
  7804                           	callstack 29
  7805   00134C  5003               	movf	___lwmod@divisor^0,w,c
  7806   00134E  1004               	iorwf	(___lwmod@divisor+1)^0,w,c
  7807   001350  B4D8               	btfsc	status,2,c
  7808   001352  EFAD  F009         	goto	u2411
  7809   001356  EFAF  F009         	goto	u2410
  7810   00135A                     u2411:
  7811   00135A  EFD3  F009         	goto	l1066
  7812   00135E                     u2410:
  7813   00135E  0E01               	movlw	1
  7814   001360  6E05               	movwf	___lwmod@counter^0,c
  7815   001362  EFB7  F009         	goto	l2976
  7816   001366                     l2974:
  7817   001366  90D8               	bcf	status,0,c
  7818   001368  3603               	rlcf	___lwmod@divisor^0,f,c
  7819   00136A  3604               	rlcf	(___lwmod@divisor+1)^0,f,c
  7820   00136C  2A05               	incf	___lwmod@counter^0,f,c
  7821   00136E                     l2976:
  7822   00136E  AE04               	btfss	(___lwmod@divisor+1)^0,7,c
  7823   001370  EFBC  F009         	goto	u2421
  7824   001374  EFBE  F009         	goto	u2420
  7825   001378                     u2421:
  7826   001378  EFB3  F009         	goto	l2974
  7827   00137C                     u2420:
  7828   00137C                     l2978:
  7829   00137C  5003               	movf	___lwmod@divisor^0,w,c
  7830   00137E  5C01               	subwf	___lwmod@dividend^0,w,c
  7831   001380  5004               	movf	(___lwmod@divisor+1)^0,w,c
  7832   001382  5802               	subwfb	(___lwmod@dividend+1)^0,w,c
  7833   001384  A0D8               	btfss	status,0,c
  7834   001386  EFC7  F009         	goto	u2431
  7835   00138A  EFC9  F009         	goto	u2430
  7836   00138E                     u2431:
  7837   00138E  EFCD  F009         	goto	l2982
  7838   001392                     u2430:
  7839   001392  5003               	movf	___lwmod@divisor^0,w,c
  7840   001394  5E01               	subwf	___lwmod@dividend^0,f,c
  7841   001396  5004               	movf	(___lwmod@divisor+1)^0,w,c
  7842   001398  5A02               	subwfb	(___lwmod@dividend+1)^0,f,c
  7843   00139A                     l2982:
  7844   00139A  90D8               	bcf	status,0,c
  7845   00139C  3204               	rrcf	(___lwmod@divisor+1)^0,f,c
  7846   00139E  3203               	rrcf	___lwmod@divisor^0,f,c
  7847   0013A0  2E05               	decfsz	___lwmod@counter^0,f,c
  7848   0013A2  EFBE  F009         	goto	l2978
  7849   0013A6                     l1066:
  7850   0013A6  C001  F001         	movff	___lwmod@dividend,?___lwmod
  7851   0013AA  C002  F002         	movff	___lwmod@dividend+1,?___lwmod+1
  7852   0013AE  0012               	return		;funcret
  7853   0013B0                     __end_of___lwmod:
  7854                           	callstack 0
  7855                           
  7856 ;; *************** function ___lwdiv *****************
  7857 ;; Defined at:
  7858 ;;		line 7 in file "C:\Program Files\Microchip\xc8\v2.50\pic\sources\c99\common\lwdiv.c"
  7859 ;; Parameters:    Size  Location     Type
  7860 ;;  dividend        2    0[COMRAM] unsigned int 
  7861 ;;  divisor         2    2[COMRAM] unsigned int 
  7862 ;; Auto vars:     Size  Location     Type
  7863 ;;  quotient        2    4[COMRAM] unsigned int 
  7864 ;;  counter         1    6[COMRAM] unsigned char 
  7865 ;; Return value:  Size  Location     Type
  7866 ;;                  2    0[COMRAM] unsigned int 
  7867 ;; Registers used:
  7868 ;;		wreg, status,2, status,0
  7869 ;; Tracked objects:
  7870 ;;		On entry : 0/0
  7871 ;;		On exit  : 0/0
  7872 ;;		Unchanged: 0/0
  7873 ;; Data sizes:     COMRAM   BANK0   BANK1   BANK2   BANK3   BANK4   BANK5
  7874 ;;      Params:         4       0       0       0       0       0       0
  7875 ;;      Locals:         3       0       0       0       0       0       0
  7876 ;;      Temps:          0       0       0       0       0       0       0
  7877 ;;      Totals:         7       0       0       0       0       0       0
  7878 ;;Total ram usage:        7 bytes
  7879 ;; Hardware stack levels used: 1
  7880 ;; This function calls:
  7881 ;;		Nothing
  7882 ;; This function is called by:
  7883 ;;		_set_time
  7884 ;; This function uses a non-reentrant model
  7885 ;;
  7886                           
  7887                           	psect	text16
  7888   0014F8                     __ptext16:
  7889                           	callstack 0
  7890   0014F8                     ___lwdiv:
  7891                           	callstack 29
  7892   0014F8  0E00               	movlw	0
  7893   0014FA  6E06               	movwf	(___lwdiv@quotient+1)^0,c
  7894   0014FC  0E00               	movlw	0
  7895   0014FE  6E05               	movwf	___lwdiv@quotient^0,c
  7896   001500  5003               	movf	___lwdiv@divisor^0,w,c
  7897   001502  1004               	iorwf	(___lwdiv@divisor+1)^0,w,c
  7898   001504  B4D8               	btfsc	status,2,c
  7899   001506  EF87  F00A         	goto	u2381
  7900   00150A  EF89  F00A         	goto	u2380
  7901   00150E                     u2381:
  7902   00150E  EFB1  F00A         	goto	l1056
  7903   001512                     u2380:
  7904   001512  0E01               	movlw	1
  7905   001514  6E07               	movwf	___lwdiv@counter^0,c
  7906   001516  EF91  F00A         	goto	l2956
  7907   00151A                     l2954:
  7908   00151A  90D8               	bcf	status,0,c
  7909   00151C  3603               	rlcf	___lwdiv@divisor^0,f,c
  7910   00151E  3604               	rlcf	(___lwdiv@divisor+1)^0,f,c
  7911   001520  2A07               	incf	___lwdiv@counter^0,f,c
  7912   001522                     l2956:
  7913   001522  AE04               	btfss	(___lwdiv@divisor+1)^0,7,c
  7914   001524  EF96  F00A         	goto	u2391
  7915   001528  EF98  F00A         	goto	u2390
  7916   00152C                     u2391:
  7917   00152C  EF8D  F00A         	goto	l2954
  7918   001530                     u2390:
  7919   001530                     l2958:
  7920   001530  90D8               	bcf	status,0,c
  7921   001532  3605               	rlcf	___lwdiv@quotient^0,f,c
  7922   001534  3606               	rlcf	(___lwdiv@quotient+1)^0,f,c
  7923   001536  5003               	movf	___lwdiv@divisor^0,w,c
  7924   001538  5C01               	subwf	___lwdiv@dividend^0,w,c
  7925   00153A  5004               	movf	(___lwdiv@divisor+1)^0,w,c
  7926   00153C  5802               	subwfb	(___lwdiv@dividend+1)^0,w,c
  7927   00153E  A0D8               	btfss	status,0,c
  7928   001540  EFA4  F00A         	goto	u2401
  7929   001544  EFA6  F00A         	goto	u2400
  7930   001548                     u2401:
  7931   001548  EFAB  F00A         	goto	l2966
  7932   00154C                     u2400:
  7933   00154C  5003               	movf	___lwdiv@divisor^0,w,c
  7934   00154E  5E01               	subwf	___lwdiv@dividend^0,f,c
  7935   001550  5004               	movf	(___lwdiv@divisor+1)^0,w,c
  7936   001552  5A02               	subwfb	(___lwdiv@dividend+1)^0,f,c
  7937   001554  8005               	bsf	___lwdiv@quotient^0,0,c
  7938   001556                     l2966:
  7939   001556  90D8               	bcf	status,0,c
  7940   001558  3204               	rrcf	(___lwdiv@divisor+1)^0,f,c
  7941   00155A  3203               	rrcf	___lwdiv@divisor^0,f,c
  7942   00155C  2E07               	decfsz	___lwdiv@counter^0,f,c
  7943   00155E  EF98  F00A         	goto	l2958
  7944   001562                     l1056:
  7945   001562  C005  F001         	movff	___lwdiv@quotient,?___lwdiv
  7946   001566  C006  F002         	movff	___lwdiv@quotient+1,?___lwdiv+1
  7947   00156A  0012               	return		;funcret
  7948   00156C                     __end_of___lwdiv:
  7949                           	callstack 0
  7950                           
  7951 ;; *************** function _init_uart *****************
  7952 ;; Defined at:
  7953 ;;		line 11 in file "uart.c"
  7954 ;; Parameters:    Size  Location     Type
  7955 ;;		None
  7956 ;; Auto vars:     Size  Location     Type
  7957 ;;		None
  7958 ;; Return value:  Size  Location     Type
  7959 ;;                  1    wreg      void 
  7960 ;; Registers used:
  7961 ;;		wreg, status,2
  7962 ;; Tracked objects:
  7963 ;;		On entry : 0/0
  7964 ;;		On exit  : 0/0
  7965 ;;		Unchanged: 0/0
  7966 ;; Data sizes:     COMRAM   BANK0   BANK1   BANK2   BANK3   BANK4   BANK5
  7967 ;;      Params:         0       0       0       0       0       0       0
  7968 ;;      Locals:         0       0       0       0       0       0       0
  7969 ;;      Temps:          0       0       0       0       0       0       0
  7970 ;;      Totals:         0       0       0       0       0       0       0
  7971 ;;Total ram usage:        0 bytes
  7972 ;; Hardware stack levels used: 1
  7973 ;; This function calls:
  7974 ;;		Nothing
  7975 ;; This function is called by:
  7976 ;;		_main
  7977 ;; This function uses a non-reentrant model
  7978 ;;
  7979                           
  7980                           	psect	text17
  7981   00116A                     __ptext17:
  7982                           	callstack 0
  7983   00116A                     _init_uart:
  7984                           	callstack 30
  7985   00116A                     
  7986                           ;uart.c: 13:     TRISC7 = 1;
  7987   00116A  8E94               	bsf	3988,7,c	;volatile
  7988                           
  7989                           ;uart.c: 14:     TRISC6 = 0;
  7990   00116C  9C94               	bcf	3988,6,c	;volatile
  7991                           
  7992                           ;uart.c: 18:     TX9 = 0;
  7993   00116E  9CAC               	bcf	4012,6,c	;volatile
  7994                           
  7995                           ;uart.c: 20:     TXEN = 1;
  7996   001170  8AAC               	bsf	4012,5,c	;volatile
  7997                           
  7998                           ;uart.c: 23:     SYNC = 0;
  7999   001172  98AC               	bcf	4012,4,c	;volatile
  8000                           
  8001                           ;uart.c: 28:     BRGH = 1;
  8002   001174  84AC               	bsf	4012,2,c	;volatile
  8003                           
  8004                           ;uart.c: 32:     SPEN = 1;
  8005   001176  8EAB               	bsf	4011,7,c	;volatile
  8006                           
  8007                           ;uart.c: 34:     RX9 = 0;
  8008   001178  9CAB               	bcf	4011,6,c	;volatile
  8009                           
  8010                           ;uart.c: 36:     CREN = 1;
  8011   00117A  88AB               	bsf	4011,4,c	;volatile
  8012                           
  8013                           ;uart.c: 41:     BRG16 = 0;
  8014   00117C  96B8               	bcf	4024,3,c	;volatile
  8015   00117E                     
  8016                           ;uart.c: 46:     SPBRG = 129;
  8017   00117E  0E81               	movlw	129
  8018   001180  6EAF               	movwf	175,c	;volatile
  8019   001182                     
  8020                           ;uart.c: 48:     TXIE = 0;
  8021   001182  989D               	bcf	3997,4,c	;volatile
  8022   001184                     
  8023                           ;uart.c: 50:     RCIE = 0;
  8024   001184  9A9D               	bcf	3997,5,c	;volatile
  8025   001186                     
  8026                           ;uart.c: 53:     TXIF = 0;
  8027   001186  989E               	bcf	3998,4,c	;volatile
  8028   001188                     
  8029                           ;uart.c: 56:     RCIF = 0;
  8030   001188  9A9E               	bcf	3998,5,c	;volatile
  8031   00118A  0012               	return		;funcret
  8032   00118C                     __end_of_init_uart:
  8033                           	callstack 0
  8034                           
  8035 ;; *************** function _init_matrix_keypad *****************
  8036 ;; Defined at:
  8037 ;;		line 45 in file "function.c"
  8038 ;; Parameters:    Size  Location     Type
  8039 ;;		None
  8040 ;; Auto vars:     Size  Location     Type
  8041 ;;		None
  8042 ;; Return value:  Size  Location     Type
  8043 ;;                  1    wreg      void 
  8044 ;; Registers used:
  8045 ;;		wreg, status,2
  8046 ;; Tracked objects:
  8047 ;;		On entry : 0/0
  8048 ;;		On exit  : 0/0
  8049 ;;		Unchanged: 0/0
  8050 ;; Data sizes:     COMRAM   BANK0   BANK1   BANK2   BANK3   BANK4   BANK5
  8051 ;;      Params:         0       0       0       0       0       0       0
  8052 ;;      Locals:         0       0       0       0       0       0       0
  8053 ;;      Temps:          0       0       0       0       0       0       0
  8054 ;;      Totals:         0       0       0       0       0       0       0
  8055 ;;Total ram usage:        0 bytes
  8056 ;; Hardware stack levels used: 1
  8057 ;; This function calls:
  8058 ;;		Nothing
  8059 ;; This function is called by:
  8060 ;;		_main
  8061 ;; This function uses a non-reentrant model
  8062 ;;
  8063                           
  8064                           	psect	text18
  8065   0010E6                     __ptext18:
  8066                           	callstack 0
  8067   0010E6                     _init_matrix_keypad:
  8068                           	callstack 30
  8069   0010E6                     
  8070                           ;function.c: 46:     TRISB = 0X1E;
  8071   0010E6  0E1E               	movlw	30
  8072   0010E8  6E93               	movwf	147,c	;volatile
  8073   0010EA                     
  8074                           ;function.c: 47:     RBPU = 0;
  8075   0010EA  9EF1               	bcf	4081,7,c	;volatile
  8076   0010EC                     
  8077                           ;function.c: 48:     RB5 = RB6 = RB7 = 1;
  8078   0010EC  8E81               	bsf	3969,7,c	;volatile
  8079   0010EE  8C81               	bsf	3969,6,c	;volatile
  8080   0010F0  8A81               	bsf	3969,5,c	;volatile
  8081   0010F2  0012               	return		;funcret
  8082   0010F4                     __end_of_init_matrix_keypad:
  8083                           	callstack 0
  8084                           
  8085 ;; *************** function _init_i2c *****************
  8086 ;; Defined at:
  8087 ;;		line 10 in file "i2c.c"
  8088 ;; Parameters:    Size  Location     Type
  8089 ;;		None
  8090 ;; Auto vars:     Size  Location     Type
  8091 ;;		None
  8092 ;; Return value:  Size  Location     Type
  8093 ;;                  1    wreg      void 
  8094 ;; Registers used:
  8095 ;;		wreg, status,2
  8096 ;; Tracked objects:
  8097 ;;		On entry : 0/0
  8098 ;;		On exit  : 0/0
  8099 ;;		Unchanged: 0/0
  8100 ;; Data sizes:     COMRAM   BANK0   BANK1   BANK2   BANK3   BANK4   BANK5
  8101 ;;      Params:         0       0       0       0       0       0       0
  8102 ;;      Locals:         0       0       0       0       0       0       0
  8103 ;;      Temps:          0       0       0       0       0       0       0
  8104 ;;      Totals:         0       0       0       0       0       0       0
  8105 ;;Total ram usage:        0 bytes
  8106 ;; Hardware stack levels used: 1
  8107 ;; This function calls:
  8108 ;;		Nothing
  8109 ;; This function is called by:
  8110 ;;		_main
  8111 ;; This function uses a non-reentrant model
  8112 ;;
  8113                           
  8114                           	psect	text19
  8115   001106                     __ptext19:
  8116                           	callstack 0
  8117   001106                     _init_i2c:
  8118                           	callstack 30
  8119   001106                     
  8120                           ;i2c.c: 12:     TRISC3 = 1;
  8121   001106  8694               	bsf	3988,3,c	;volatile
  8122                           
  8123                           ;i2c.c: 13:     TRISC4 = 1;
  8124   001108  8894               	bsf	3988,4,c	;volatile
  8125   00110A                     
  8126                           ;i2c.c: 15:     SSPCON1 = 0x28;
  8127   00110A  0E28               	movlw	40
  8128   00110C  6EC6               	movwf	198,c	;volatile
  8129                           
  8130                           ;i2c.c: 17:     SSPADD = 0x31;
  8131   00110E  0E31               	movlw	49
  8132   001110  6EC8               	movwf	200,c	;volatile
  8133   001112                     
  8134                           ;i2c.c: 19:     CKE = 0;
  8135   001112  9CC7               	bcf	4039,6,c	;volatile
  8136   001114                     
  8137                           ;i2c.c: 21:     SMP = 1;
  8138   001114  8EC7               	bsf	4039,7,c	;volatile
  8139   001116                     
  8140                           ;i2c.c: 23:     SSPIF = 0;
  8141   001116  969E               	bcf	3998,3,c	;volatile
  8142   001118                     
  8143                           ;i2c.c: 25:     BCLIF = 0;
  8144   001118  96A1               	bcf	4001,3,c	;volatile
  8145   00111A  0012               	return		;funcret
  8146   00111C                     __end_of_init_i2c:
  8147                           	callstack 0
  8148                           
  8149 ;; *************** function _init_ds1307 *****************
  8150 ;; Defined at:
  8151 ;;		line 16 in file "ds_1307.c"
  8152 ;; Parameters:    Size  Location     Type
  8153 ;;		None
  8154 ;; Auto vars:     Size  Location     Type
  8155 ;;  dummy           1    9[COMRAM] unsigned char 
  8156 ;; Return value:  Size  Location     Type
  8157 ;;                  1    wreg      void 
  8158 ;; Registers used:
  8159 ;;		wreg, status,2, status,0, cstack
  8160 ;; Tracked objects:
  8161 ;;		On entry : 0/0
  8162 ;;		On exit  : 0/0
  8163 ;;		Unchanged: 0/0
  8164 ;; Data sizes:     COMRAM   BANK0   BANK1   BANK2   BANK3   BANK4   BANK5
  8165 ;;      Params:         0       0       0       0       0       0       0
  8166 ;;      Locals:         1       0       0       0       0       0       0
  8167 ;;      Temps:          0       0       0       0       0       0       0
  8168 ;;      Totals:         1       0       0       0       0       0       0
  8169 ;;Total ram usage:        1 bytes
  8170 ;; Hardware stack levels used: 1
  8171 ;; Hardware stack levels required when called: 4
  8172 ;; This function calls:
  8173 ;;		_read_ds1307
  8174 ;;		_write_ds1307
  8175 ;; This function is called by:
  8176 ;;		_main
  8177 ;; This function uses a non-reentrant model
  8178 ;;
  8179                           
  8180                           	psect	text20
  8181   0012AA                     __ptext20:
  8182                           	callstack 0
  8183   0012AA                     _init_ds1307:
  8184                           	callstack 26
  8185   0012AA                     
  8186                           ;ds_1307.c: 17:     unsigned char dummy;;ds_1307.c: 20:     dummy = read_ds1307(0x00);
  8187   0012AA  0E00               	movlw	0
  8188   0012AC  ECEF  F008         	call	_read_ds1307
  8189   0012B0  6E0A               	movwf	init_ds1307@dummy^0,c
  8190   0012B2                     
  8191                           ;ds_1307.c: 21:     write_ds1307(0x00, dummy | 0x80);
  8192   0012B2  500A               	movf	init_ds1307@dummy^0,w,c
  8193   0012B4  0980               	iorlw	128
  8194   0012B6  6E08               	movwf	write_ds1307@data^0,c
  8195   0012B8  0E00               	movlw	0
  8196   0012BA  ECA6  F008         	call	_write_ds1307
  8197   0012BE  0E02               	movlw	2
  8198   0012C0  ECEF  F008         	call	_read_ds1307
  8199   0012C4                     
  8200                           ;ds_1307.c: 25:     write_ds1307(0x02, dummy & !0x40);
  8201   0012C4  0E00               	movlw	0
  8202   0012C6  6E08               	movwf	write_ds1307@data^0,c
  8203   0012C8  0E02               	movlw	2
  8204   0012CA  ECA6  F008         	call	_write_ds1307
  8205   0012CE                     
  8206                           ;ds_1307.c: 40:     write_ds1307(0x07, 0x93);
  8207   0012CE  0E93               	movlw	147
  8208   0012D0  6E08               	movwf	write_ds1307@data^0,c
  8209   0012D2  0E07               	movlw	7
  8210   0012D4  ECA6  F008         	call	_write_ds1307
  8211   0012D8                     
  8212                           ;ds_1307.c: 43:     dummy = read_ds1307(0x00);
  8213   0012D8  0E00               	movlw	0
  8214   0012DA  ECEF  F008         	call	_read_ds1307
  8215   0012DE  6E0A               	movwf	init_ds1307@dummy^0,c
  8216   0012E0                     
  8217                           ;ds_1307.c: 44:     write_ds1307(0x00, dummy & 0x7F);
  8218   0012E0  500A               	movf	init_ds1307@dummy^0,w,c
  8219   0012E2  0B7F               	andlw	127
  8220   0012E4  6E08               	movwf	write_ds1307@data^0,c
  8221   0012E6  0E00               	movlw	0
  8222   0012E8  ECA6  F008         	call	_write_ds1307
  8223   0012EC  0012               	return		;funcret
  8224   0012EE                     __end_of_init_ds1307:
  8225                           	callstack 0
  8226                           
  8227 ;; *************** function _write_ds1307 *****************
  8228 ;; Defined at:
  8229 ;;		line 48 in file "ds_1307.c"
  8230 ;; Parameters:    Size  Location     Type
  8231 ;;  address         1    wreg     unsigned char 
  8232 ;;  data            1    7[COMRAM] unsigned char 
  8233 ;; Auto vars:     Size  Location     Type
  8234 ;;  address         1    8[COMRAM] unsigned char 
  8235 ;; Return value:  Size  Location     Type
  8236 ;;                  1    wreg      void 
  8237 ;; Registers used:
  8238 ;;		wreg, status,2, cstack
  8239 ;; Tracked objects:
  8240 ;;		On entry : 0/0
  8241 ;;		On exit  : 0/0
  8242 ;;		Unchanged: 0/0
  8243 ;; Data sizes:     COMRAM   BANK0   BANK1   BANK2   BANK3   BANK4   BANK5
  8244 ;;      Params:         1       0       0       0       0       0       0
  8245 ;;      Locals:         1       0       0       0       0       0       0
  8246 ;;      Temps:          0       0       0       0       0       0       0
  8247 ;;      Totals:         2       0       0       0       0       0       0
  8248 ;;Total ram usage:        2 bytes
  8249 ;; Hardware stack levels used: 1
  8250 ;; Hardware stack levels required when called: 2
  8251 ;; This function calls:
  8252 ;;		_i2c_start
  8253 ;;		_i2c_stop
  8254 ;;		_i2c_write
  8255 ;; This function is called by:
  8256 ;;		_set_time
  8257 ;;		_init_ds1307
  8258 ;; This function uses a non-reentrant model
  8259 ;;
  8260                           
  8261                           	psect	text21
  8262   00114C                     __ptext21:
  8263                           	callstack 0
  8264   00114C                     _write_ds1307:
  8265                           	callstack 27
  8266                           
  8267                           ;incstack = 0
  8268                           ;write_ds1307@address stored from wreg
  8269   00114C  6E09               	movwf	write_ds1307@address^0,c
  8270   00114E                     
  8271                           ;ds_1307.c: 49:     i2c_start();
  8272   00114E  EC5F  F008         	call	_i2c_start	;wreg free
  8273   001152                     
  8274                           ;ds_1307.c: 50:     i2c_write(0xD0);
  8275   001152  0ED0               	movlw	208
  8276   001154  EC6D  F008         	call	_i2c_write
  8277   001158                     
  8278                           ;ds_1307.c: 51:     i2c_write(address);
  8279   001158  5009               	movf	write_ds1307@address^0,w,c
  8280   00115A  EC6D  F008         	call	_i2c_write
  8281   00115E                     
  8282                           ;ds_1307.c: 52:     i2c_write(data);
  8283   00115E  5008               	movf	write_ds1307@data^0,w,c
  8284   001160  EC6D  F008         	call	_i2c_write
  8285   001164                     
  8286                           ;ds_1307.c: 53:     i2c_stop();
  8287   001164  EC63  F008         	call	_i2c_stop	;wreg free
  8288   001168  0012               	return		;funcret
  8289   00116A                     __end_of_write_ds1307:
  8290                           	callstack 0
  8291                           
  8292 ;; *************** function _read_ds1307 *****************
  8293 ;; Defined at:
  8294 ;;		line 56 in file "ds_1307.c"
  8295 ;; Parameters:    Size  Location     Type
  8296 ;;  address         1    wreg     unsigned char 
  8297 ;; Auto vars:     Size  Location     Type
  8298 ;;  address         1    1[COMRAM] unsigned char 
  8299 ;;  data            1    2[COMRAM] unsigned char 
  8300 ;; Return value:  Size  Location     Type
  8301 ;;                  1    wreg      unsigned char 
  8302 ;; Registers used:
  8303 ;;		wreg, status,2, cstack
  8304 ;; Tracked objects:
  8305 ;;		On entry : 0/0
  8306 ;;		On exit  : 0/0
  8307 ;;		Unchanged: 0/0
  8308 ;; Data sizes:     COMRAM   BANK0   BANK1   BANK2   BANK3   BANK4   BANK5
  8309 ;;      Params:         0       0       0       0       0       0       0
  8310 ;;      Locals:         2       0       0       0       0       0       0
  8311 ;;      Temps:          0       0       0       0       0       0       0
  8312 ;;      Totals:         2       0       0       0       0       0       0
  8313 ;;Total ram usage:        2 bytes
  8314 ;; Hardware stack levels used: 1
  8315 ;; Hardware stack levels required when called: 3
  8316 ;; This function calls:
  8317 ;;		_i2c_read
  8318 ;;		_i2c_rep_start
  8319 ;;		_i2c_start
  8320 ;;		_i2c_stop
  8321 ;;		_i2c_write
  8322 ;; This function is called by:
  8323 ;;		_set_time
  8324 ;;		_get_time
  8325 ;;		_init_ds1307
  8326 ;; This function uses a non-reentrant model
  8327 ;;
  8328                           
  8329                           	psect	text22
  8330   0011DE                     __ptext22:
  8331                           	callstack 0
  8332   0011DE                     _read_ds1307:
  8333                           	callstack 25
  8334                           
  8335                           ;incstack = 0
  8336                           ;read_ds1307@address stored from wreg
  8337   0011DE  6E02               	movwf	read_ds1307@address^0,c
  8338   0011E0                     
  8339                           ;ds_1307.c: 57:     unsigned char data;;ds_1307.c: 59:     i2c_start();
  8340   0011E0  EC5F  F008         	call	_i2c_start	;wreg free
  8341   0011E4                     
  8342                           ;ds_1307.c: 60:     i2c_write(0xD0);
  8343   0011E4  0ED0               	movlw	208
  8344   0011E6  EC6D  F008         	call	_i2c_write
  8345   0011EA                     
  8346                           ;ds_1307.c: 61:     i2c_write(address);
  8347   0011EA  5002               	movf	read_ds1307@address^0,w,c
  8348   0011EC  EC6D  F008         	call	_i2c_write
  8349   0011F0                     
  8350                           ;ds_1307.c: 62:     i2c_rep_start();
  8351   0011F0  EC5B  F008         	call	_i2c_rep_start	;wreg free
  8352   0011F4                     
  8353                           ;ds_1307.c: 63:     i2c_write(0xD1);
  8354   0011F4  0ED1               	movlw	209
  8355   0011F6  EC6D  F008         	call	_i2c_write
  8356                           
  8357                           ;ds_1307.c: 64:     data = i2c_read();
  8358   0011FA  EC67  F008         	call	_i2c_read	;wreg free
  8359   0011FE  6E03               	movwf	read_ds1307@data^0,c
  8360   001200                     
  8361                           ;ds_1307.c: 65:     i2c_stop();
  8362   001200  EC63  F008         	call	_i2c_stop	;wreg free
  8363                           
  8364                           ;ds_1307.c: 67:     return data;
  8365   001204  5003               	movf	read_ds1307@data^0,w,c
  8366   001206  0012               	return		;funcret
  8367   001208                     __end_of_read_ds1307:
  8368                           	callstack 0
  8369                           
  8370 ;; *************** function _init_config *****************
  8371 ;; Defined at:
  8372 ;;		line 12 in file "main.c"
  8373 ;; Parameters:    Size  Location     Type
  8374 ;;		None
  8375 ;; Auto vars:     Size  Location     Type
  8376 ;;		None
  8377 ;; Return value:  Size  Location     Type
  8378 ;;                  1    wreg      void 
  8379 ;; Registers used:
  8380 ;;		None
  8381 ;; Tracked objects:
  8382 ;;		On entry : 0/0
  8383 ;;		On exit  : 0/0
  8384 ;;		Unchanged: 0/0
  8385 ;; Data sizes:     COMRAM   BANK0   BANK1   BANK2   BANK3   BANK4   BANK5
  8386 ;;      Params:         0       0       0       0       0       0       0
  8387 ;;      Locals:         0       0       0       0       0       0       0
  8388 ;;      Temps:          0       0       0       0       0       0       0
  8389 ;;      Totals:         0       0       0       0       0       0       0
  8390 ;;Total ram usage:        0 bytes
  8391 ;; Hardware stack levels used: 1
  8392 ;; This function calls:
  8393 ;;		Nothing
  8394 ;; This function is called by:
  8395 ;;		_main
  8396 ;; This function uses a non-reentrant model
  8397 ;;
  8398                           
  8399                           	psect	text23
  8400   0010A8                     __ptext23:
  8401                           	callstack 0
  8402   0010A8                     _init_config:
  8403                           	callstack 30
  8404   0010A8                     
  8405                           ;main.c: 14:     state = e_dashboard;
  8406   0010A8  0101               	movlb	1	; () banked
  8407   0010AA  6BC0               	clrf	_state& (0+255),b
  8408   0010AC                     
  8409                           ; BSR set to: 1
  8410   0010AC  0012               	return		;funcret
  8411   0010AE                     __end_of_init_config:
  8412                           	callstack 0
  8413                           
  8414 ;; *************** function _init_clcd *****************
  8415 ;; Defined at:
  8416 ;;		line 33 in file "clcd.c"
  8417 ;; Parameters:    Size  Location     Type
  8418 ;;		None
  8419 ;; Auto vars:     Size  Location     Type
  8420 ;;		None
  8421 ;; Return value:  Size  Location     Type
  8422 ;;                  1    wreg      void 
  8423 ;; Registers used:
  8424 ;;		wreg, status,2, status,0, cstack
  8425 ;; Tracked objects:
  8426 ;;		On entry : 0/0
  8427 ;;		On exit  : 0/0
  8428 ;;		Unchanged: 0/0
  8429 ;; Data sizes:     COMRAM   BANK0   BANK1   BANK2   BANK3   BANK4   BANK5
  8430 ;;      Params:         0       0       0       0       0       0       0
  8431 ;;      Locals:         0       0       0       0       0       0       0
  8432 ;;      Temps:          1       0       0       0       0       0       0
  8433 ;;      Totals:         1       0       0       0       0       0       0
  8434 ;;Total ram usage:        1 bytes
  8435 ;; Hardware stack levels used: 1
  8436 ;; Hardware stack levels required when called: 1
  8437 ;; This function calls:
  8438 ;;		_clcd_write
  8439 ;; This function is called by:
  8440 ;;		_main
  8441 ;; This function uses a non-reentrant model
  8442 ;;
  8443                           
  8444                           	psect	text24
  8445   0016FC                     __ptext24:
  8446                           	callstack 0
  8447   0016FC                     _init_clcd:
  8448                           	callstack 29
  8449   0016FC                     
  8450                           ;clcd.c: 35:     TRISD = 0x00;
  8451   0016FC  6A95               	clrf	149,c	;volatile
  8452   0016FE                     
  8453                           ;clcd.c: 37:     TRISC = TRISC & 0xF8;
  8454   0016FE  5094               	movf	148,w,c	;volatile
  8455   001700  0BF8               	andlw	248
  8456   001702  6E94               	movwf	148,c	;volatile
  8457   001704                     
  8458                           ;clcd.c: 39:     RC0 = 0;
  8459   001704  9082               	bcf	3970,0,c	;volatile
  8460   001706                     
  8461                           ;clcd.c: 43:     _delay((unsigned long)((30)*(20000000/4000.0)));
  8462   001706  0EC3               	movlw	195
  8463   001708  6E03               	movwf	??_init_clcd^0,c
  8464   00170A  0ECD               	movlw	205
  8465   00170C                     u3237:
  8466   00170C  2EE8               	decfsz	wreg,f,c
  8467   00170E  D7FE               	bra	u3237
  8468   001710  2E03               	decfsz	??_init_clcd^0,f,c
  8469   001712  D7FC               	bra	u3237
  8470   001714  0000               	nop	
  8471   001716                     
  8472                           ;clcd.c: 46:     clcd_write(0x33, 0);
  8473   001716  0E00               	movlw	0
  8474   001718  6E01               	movwf	clcd_write@control_bit^0,c
  8475   00171A  0E33               	movlw	51
  8476   00171C  EC19  F009         	call	_clcd_write
  8477   001720                     
  8478                           ;clcd.c: 47:     _delay((unsigned long)((4100)*(20000000/4000000.0)));
  8479   001720  0E1B               	movlw	27
  8480   001722  6E03               	movwf	??_init_clcd^0,c
  8481   001724  0E9E               	movlw	158
  8482   001726                     u3247:
  8483   001726  2EE8               	decfsz	wreg,f,c
  8484   001728  D7FE               	bra	u3247
  8485   00172A  2E03               	decfsz	??_init_clcd^0,f,c
  8486   00172C  D7FC               	bra	u3247
  8487   00172E  D000               	nop2	
  8488   001730                     
  8489                           ;clcd.c: 48:     clcd_write(0x33, 0);
  8490   001730  0E00               	movlw	0
  8491   001732  6E01               	movwf	clcd_write@control_bit^0,c
  8492   001734  0E33               	movlw	51
  8493   001736  EC19  F009         	call	_clcd_write
  8494   00173A                     
  8495                           ;clcd.c: 49:     _delay((unsigned long)((100)*(20000000/4000000.0)));
  8496   00173A  0EA6               	movlw	166
  8497   00173C                     u3257:
  8498   00173C  2EE8               	decfsz	wreg,f,c
  8499   00173E  D7FE               	bra	u3257
  8500   001740  D000               	nop2	
  8501   001742                     
  8502                           ;clcd.c: 50:     clcd_write(0x33, 0);
  8503   001742  0E00               	movlw	0
  8504   001744  6E01               	movwf	clcd_write@control_bit^0,c
  8505   001746  0E33               	movlw	51
  8506   001748  EC19  F009         	call	_clcd_write
  8507   00174C                     
  8508                           ;clcd.c: 51:     _delay((unsigned long)((1)*(20000000/4000000.0)));
  8509   00174C  D000               	nop2		;2 cycle nop
  8510   00174E  D000               	nop2		;2 cycle nop
  8511   001750  0000               	nop	
  8512   001752                     
  8513                           ;clcd.c: 53:     clcd_write(0x02, 0);
  8514   001752  0E00               	movlw	0
  8515   001754  6E01               	movwf	clcd_write@control_bit^0,c
  8516   001756  0E02               	movlw	2
  8517   001758  EC19  F009         	call	_clcd_write
  8518   00175C                     
  8519                           ;clcd.c: 54:     _delay((unsigned long)((100)*(20000000/4000000.0)));
  8520   00175C  0EA6               	movlw	166
  8521   00175E                     u3267:
  8522   00175E  2EE8               	decfsz	wreg,f,c
  8523   001760  D7FE               	bra	u3267
  8524   001762  D000               	nop2	
  8525   001764                     
  8526                           ;clcd.c: 55:     clcd_write(0x38, 0);
  8527   001764  0E00               	movlw	0
  8528   001766  6E01               	movwf	clcd_write@control_bit^0,c
  8529   001768  0E38               	movlw	56
  8530   00176A  EC19  F009         	call	_clcd_write
  8531   00176E                     
  8532                           ;clcd.c: 56:     _delay((unsigned long)((100)*(20000000/4000000.0)));
  8533   00176E  0EA6               	movlw	166
  8534   001770                     u3277:
  8535   001770  2EE8               	decfsz	wreg,f,c
  8536   001772  D7FE               	bra	u3277
  8537   001774  D000               	nop2	
  8538   001776                     
  8539                           ;clcd.c: 57:     clcd_write(0x01, 0);
  8540   001776  0E00               	movlw	0
  8541   001778  6E01               	movwf	clcd_write@control_bit^0,c
  8542   00177A  0E01               	movlw	1
  8543   00177C  EC19  F009         	call	_clcd_write
  8544   001780                     
  8545                           ;clcd.c: 58:     _delay((unsigned long)((500)*(20000000/4000000.0)));
  8546   001780  0E04               	movlw	4
  8547   001782  6E03               	movwf	??_init_clcd^0,c
  8548   001784  0E3E               	movlw	62
  8549   001786                     u3287:
  8550   001786  2EE8               	decfsz	wreg,f,c
  8551   001788  D7FE               	bra	u3287
  8552   00178A  2E03               	decfsz	??_init_clcd^0,f,c
  8553   00178C  D7FC               	bra	u3287
  8554   00178E                     
  8555                           ;clcd.c: 59:     clcd_write(0x0C, 0);
  8556   00178E  0E00               	movlw	0
  8557   001790  6E01               	movwf	clcd_write@control_bit^0,c
  8558   001792  0E0C               	movlw	12
  8559   001794  EC19  F009         	call	_clcd_write
  8560   001798                     
  8561                           ;clcd.c: 60:     _delay((unsigned long)((100)*(20000000/4000000.0)));
  8562   001798  0EA6               	movlw	166
  8563   00179A                     u3297:
  8564   00179A  2EE8               	decfsz	wreg,f,c
  8565   00179C  D7FE               	bra	u3297
  8566   00179E  D000               	nop2	
  8567   0017A0  0012               	return		;funcret
  8568   0017A2                     __end_of_init_clcd:
  8569                           	callstack 0
  8570                           
  8571 ;; *************** function _init_adc *****************
  8572 ;; Defined at:
  8573 ;;		line 10 in file "function.c"
  8574 ;; Parameters:    Size  Location     Type
  8575 ;;		None
  8576 ;; Auto vars:     Size  Location     Type
  8577 ;;		None
  8578 ;; Return value:  Size  Location     Type
  8579 ;;                  1    wreg      void 
  8580 ;; Registers used:
  8581 ;;		None
  8582 ;; Tracked objects:
  8583 ;;		On entry : 0/0
  8584 ;;		On exit  : 0/0
  8585 ;;		Unchanged: 0/0
  8586 ;; Data sizes:     COMRAM   BANK0   BANK1   BANK2   BANK3   BANK4   BANK5
  8587 ;;      Params:         0       0       0       0       0       0       0
  8588 ;;      Locals:         0       0       0       0       0       0       0
  8589 ;;      Temps:          0       0       0       0       0       0       0
  8590 ;;      Totals:         0       0       0       0       0       0       0
  8591 ;;Total ram usage:        0 bytes
  8592 ;; Hardware stack levels used: 1
  8593 ;; This function calls:
  8594 ;;		Nothing
  8595 ;; This function is called by:
  8596 ;;		_main
  8597 ;; This function uses a non-reentrant model
  8598 ;;
  8599                           
  8600                           	psect	text25
  8601   00118C                     __ptext25:
  8602                           	callstack 0
  8603   00118C                     _init_adc:
  8604                           	callstack 30
  8605   00118C                     
  8606                           ;function.c: 11:     CHS3 = 0;
  8607   00118C  9AC2               	bcf	4034,5,c	;volatile
  8608                           
  8609                           ;function.c: 12:     CHS2 = 1;
  8610   00118E  88C2               	bsf	4034,4,c	;volatile
  8611                           
  8612                           ;function.c: 13:     CHS1 = 0;
  8613   001190  96C2               	bcf	4034,3,c	;volatile
  8614                           
  8615                           ;function.c: 14:     CHS0 = 0;
  8616   001192  94C2               	bcf	4034,2,c	;volatile
  8617                           
  8618                           ;function.c: 16:     GO = 0;
  8619   001194  92C2               	bcf	4034,1,c	;volatile
  8620                           
  8621                           ;function.c: 18:     ADON = 1;
  8622   001196  80C2               	bsf	4034,0,c	;volatile
  8623                           
  8624                           ;function.c: 20:     VCFG1 = 0;
  8625   001198  9AC1               	bcf	4033,5,c	;volatile
  8626                           
  8627                           ;function.c: 21:     VCFG0 = 0;
  8628   00119A  98C1               	bcf	4033,4,c	;volatile
  8629                           
  8630                           ;function.c: 23:     PCFG3 = 1;
  8631   00119C  86C1               	bsf	4033,3,c	;volatile
  8632                           
  8633                           ;function.c: 24:     PCFG2 = 0;
  8634   00119E  94C1               	bcf	4033,2,c	;volatile
  8635                           
  8636                           ;function.c: 25:     PCFG1 = 1;
  8637   0011A0  82C1               	bsf	4033,1,c	;volatile
  8638                           
  8639                           ;function.c: 26:     PCFG0 = 0;
  8640   0011A2  90C1               	bcf	4033,0,c	;volatile
  8641                           
  8642                           ;function.c: 28:     ADFM = 1;
  8643   0011A4  8EC0               	bsf	4032,7,c	;volatile
  8644                           
  8645                           ;function.c: 30:     ADCS2 = 0;
  8646   0011A6  94C0               	bcf	4032,2,c	;volatile
  8647                           
  8648                           ;function.c: 31:     ADCS1 = 1;
  8649   0011A8  82C0               	bsf	4032,1,c	;volatile
  8650                           
  8651                           ;function.c: 32:     ADCS0 = 0;
  8652   0011AA  90C0               	bcf	4032,0,c	;volatile
  8653                           
  8654                           ;function.c: 34:     ACQT2 = 1;
  8655   0011AC  8AC0               	bsf	4032,5,c	;volatile
  8656                           
  8657                           ;function.c: 35:     ACQT1 = 0;
  8658   0011AE  98C0               	bcf	4032,4,c	;volatile
  8659                           
  8660                           ;function.c: 36:     ACQT0 = 0;
  8661   0011B0  96C0               	bcf	4032,3,c	;volatile
  8662   0011B2  0012               	return		;funcret
  8663   0011B4                     __end_of_init_adc:
  8664                           	callstack 0
  8665                           
  8666 ;; *************** function _download_log *****************
  8667 ;; Defined at:
  8668 ;;		line 208 in file "black_box.c"
  8669 ;; Parameters:    Size  Location     Type
  8670 ;;		None
  8671 ;; Auto vars:     Size  Location     Type
  8672 ;;  delay1          4  182[BANK1 ] unsigned long 
  8673 ;;  delay1          4  174[BANK1 ] unsigned long 
  8674 ;;  delay           4  178[BANK1 ] unsigned long 
  8675 ;;  i               2  186[BANK1 ] unsigned int 
  8676 ;;  delay           4  170[BANK1 ] unsigned long 
  8677 ;;  download_vie  170    0[BANK1 ] unsigned char [17][10]
  8678 ;;  j               1  189[BANK1 ] unsigned char 
  8679 ;;  i               1  188[BANK1 ] unsigned char 
  8680 ;; Return value:  Size  Location     Type
  8681 ;;                  1    wreg      void 
  8682 ;; Registers used:
  8683 ;;		wreg, fsr0l, fsr0h, fsr2l, fsr2h, status,2, status,0, tblptrl, tblptrh, tblptru, prodl, prodh, cstack
  8684 ;; Tracked objects:
  8685 ;;		On entry : 0/0
  8686 ;;		On exit  : 0/0
  8687 ;;		Unchanged: 0/0
  8688 ;; Data sizes:     COMRAM   BANK0   BANK1   BANK2   BANK3   BANK4   BANK5
  8689 ;;      Params:         0       0       0       0       0       0       0
  8690 ;;      Locals:         0       0     190       0       0       0       0
  8691 ;;      Temps:          2       0       0       0       0       0       0
  8692 ;;      Totals:         2       0     190       0       0       0       0
  8693 ;;Total ram usage:      192 bytes
  8694 ;; Hardware stack levels used: 1
  8695 ;; Hardware stack levels required when called: 4
  8696 ;; This function calls:
  8697 ;;		_clcd_print
  8698 ;;		_clcd_write
  8699 ;;		_puts
  8700 ;;		_read_external_eeprom
  8701 ;; This function is called by:
  8702 ;;		_main
  8703 ;; This function uses a non-reentrant model
  8704 ;;
  8705                           
  8706                           	psect	text26
  8707   002428                     __ptext26:
  8708                           	callstack 0
  8709   002428                     _download_log:
  8710                           	callstack 26
  8711   002428  0101               	movlb	1	; () banked
  8712   00242A  6BBC               	clrf	download_log@i& (0+255),b
  8713   00242C                     
  8714                           ; BSR set to: 1
  8715                           ;black_box.c: 211:     static unsigned int address = 0X00;;black_box.c: 212:     unsigne
      +                          d char download_view[10][17];;black_box.c: 213:     puts("# TIME     EV SP\n\r");
  8716   00242C  0E6D               	movlw	low STR_5
  8717   00242E  6E02               	movwf	puts@s^0,c
  8718   002430  0E2F               	movlw	high STR_5
  8719   002432  6E03               	movwf	(puts@s+1)^0,c
  8720   002434  EC77  F009         	call	_puts	;wreg free
  8721   002438                     
  8722                           ;black_box.c: 214:     for (i = 0; i < count; i++)
  8723   002438  0101               	movlb	1	; () banked
  8724   00243A  6BBC               	clrf	download_log@i& (0+255),b
  8725   00243C  EFAB  F012         	goto	l3332
  8726   002440                     l186:
  8727   002440                     
  8728                           ; BSR set to: 1
  8729                           ;black_box.c: 217:         download_view[i][j] = i + '0';
  8730   002440  51BC               	movf	download_log@i& (0+255),w,b
  8731   002442  0D11               	mullw	17
  8732   002444  0E00               	movlw	low download_log@download_view
  8733   002446  24F3               	addwf	243,w,c
  8734   002448  6ED9               	movwf	fsr2l,c
  8735   00244A  0E01               	movlw	high download_log@download_view
  8736   00244C  20F4               	addwfc	prodh,w,c
  8737   00244E  6EDA               	movwf	fsr2h,c
  8738   002450  51BC               	movf	download_log@i& (0+255),w,b
  8739   002452  0F30               	addlw	48
  8740   002454  6EDF               	movwf	indf2,c
  8741   002456                     
  8742                           ; BSR set to: 1
  8743                           ;black_box.c: 218:         for (j = 1; j < 16; j++)
  8744   002456  0E01               	movlw	1
  8745   002458  6FBD               	movwf	download_log@j& (0+255),b
  8746   00245A                     l3306:
  8747                           
  8748                           ; BSR set to: 1
  8749                           ;black_box.c: 219:         {;black_box.c: 220:             if (j == 1 || j == 10 || j ==
      +                           13)
  8750   00245A  05BD               	decf	download_log@j& (0+255),w,b
  8751   00245C  B4D8               	btfsc	status,2,c
  8752   00245E  EF33  F012         	goto	u2891
  8753   002462  EF35  F012         	goto	u2890
  8754   002466                     u2891:
  8755   002466  EF47  F012         	goto	l3312
  8756   00246A                     u2890:
  8757   00246A                     
  8758                           ; BSR set to: 1
  8759   00246A  0E0A               	movlw	10
  8760   00246C  19BD               	xorwf	download_log@j& (0+255),w,b
  8761   00246E  B4D8               	btfsc	status,2,c
  8762   002470  EF3C  F012         	goto	u2901
  8763   002474  EF3E  F012         	goto	u2900
  8764   002478                     u2901:
  8765   002478  EF47  F012         	goto	l3312
  8766   00247C                     u2900:
  8767   00247C                     
  8768                           ; BSR set to: 1
  8769   00247C  0E0D               	movlw	13
  8770   00247E  19BD               	xorwf	download_log@j& (0+255),w,b
  8771   002480  A4D8               	btfss	status,2,c
  8772   002482  EF45  F012         	goto	u2911
  8773   002486  EF47  F012         	goto	u2910
  8774   00248A                     u2911:
  8775   00248A  EF59  F012         	goto	l3314
  8776   00248E                     u2910:
  8777   00248E                     l3312:
  8778                           
  8779                           ; BSR set to: 1
  8780                           ;black_box.c: 221:             {;black_box.c: 222:                 download_view[i][j] =
      +                           ' ';
  8781   00248E  51BC               	movf	download_log@i& (0+255),w,b
  8782   002490  0D11               	mullw	17
  8783   002492  0E00               	movlw	low download_log@download_view
  8784   002494  24F3               	addwf	243,w,c
  8785   002496  6E06               	movwf	??_download_log^0,c
  8786   002498  0E01               	movlw	high download_log@download_view
  8787   00249A  20F4               	addwfc	prodh,w,c
  8788   00249C  6E07               	movwf	(??_download_log+1)^0,c
  8789   00249E  51BD               	movf	download_log@j& (0+255),w,b
  8790   0024A0  2406               	addwf	??_download_log^0,w,c
  8791   0024A2  6ED9               	movwf	fsr2l,c
  8792   0024A4  0E00               	movlw	0
  8793   0024A6  2007               	addwfc	(??_download_log+1)^0,w,c
  8794   0024A8  6EDA               	movwf	fsr2h,c
  8795   0024AA  0E20               	movlw	32
  8796   0024AC  6EDF               	movwf	indf2,c
  8797                           
  8798                           ;black_box.c: 223:             } else if (j == 4 || j == 7)
  8799   0024AE  EF92  F012         	goto	l3324
  8800   0024B2                     l3314:
  8801                           
  8802                           ; BSR set to: 1
  8803   0024B2  0E04               	movlw	4
  8804   0024B4  19BD               	xorwf	download_log@j& (0+255),w,b
  8805   0024B6  B4D8               	btfsc	status,2,c
  8806   0024B8  EF60  F012         	goto	u2921
  8807   0024BC  EF62  F012         	goto	u2920
  8808   0024C0                     u2921:
  8809   0024C0  EF6B  F012         	goto	l3318
  8810   0024C4                     u2920:
  8811   0024C4                     
  8812                           ; BSR set to: 1
  8813   0024C4  0E07               	movlw	7
  8814   0024C6  19BD               	xorwf	download_log@j& (0+255),w,b
  8815   0024C8  A4D8               	btfss	status,2,c
  8816   0024CA  EF69  F012         	goto	u2931
  8817   0024CE  EF6B  F012         	goto	u2930
  8818   0024D2                     u2931:
  8819   0024D2  EF7D  F012         	goto	l3320
  8820   0024D6                     u2930:
  8821   0024D6                     l3318:
  8822                           
  8823                           ; BSR set to: 1
  8824                           ;black_box.c: 224:             {;black_box.c: 225:                 download_view[i][j] =
      +                           ':';
  8825   0024D6  51BC               	movf	download_log@i& (0+255),w,b
  8826   0024D8  0D11               	mullw	17
  8827   0024DA  0E00               	movlw	low download_log@download_view
  8828   0024DC  24F3               	addwf	243,w,c
  8829   0024DE  6E06               	movwf	??_download_log^0,c
  8830   0024E0  0E01               	movlw	high download_log@download_view
  8831   0024E2  20F4               	addwfc	prodh,w,c
  8832   0024E4  6E07               	movwf	(??_download_log+1)^0,c
  8833   0024E6  51BD               	movf	download_log@j& (0+255),w,b
  8834   0024E8  2406               	addwf	??_download_log^0,w,c
  8835   0024EA  6ED9               	movwf	fsr2l,c
  8836   0024EC  0E00               	movlw	0
  8837   0024EE  2007               	addwfc	(??_download_log+1)^0,w,c
  8838   0024F0  6EDA               	movwf	fsr2h,c
  8839   0024F2  0E3A               	movlw	58
  8840   0024F4  6EDF               	movwf	indf2,c
  8841                           
  8842                           ;black_box.c: 226:             } else {
  8843   0024F6  EF92  F012         	goto	l3324
  8844   0024FA                     l3320:
  8845                           
  8846                           ; BSR set to: 1
  8847                           ;black_box.c: 227:                 download_view[i][j] = read_external_eeprom(address++)
      +                          ;
  8848   0024FA  51BC               	movf	download_log@i& (0+255),w,b
  8849   0024FC  0D11               	mullw	17
  8850   0024FE  0E00               	movlw	low download_log@download_view
  8851   002500  24F3               	addwf	243,w,c
  8852   002502  6E06               	movwf	??_download_log^0,c
  8853   002504  0E01               	movlw	high download_log@download_view
  8854   002506  20F4               	addwfc	prodh,w,c
  8855   002508  6E07               	movwf	(??_download_log+1)^0,c
  8856   00250A  51BD               	movf	download_log@j& (0+255),w,b
  8857   00250C  2406               	addwf	??_download_log^0,w,c
  8858   00250E  6ED9               	movwf	fsr2l,c
  8859   002510  0E00               	movlw	0
  8860   002512  2007               	addwfc	(??_download_log+1)^0,w,c
  8861   002514  6EDA               	movwf	fsr2h,c
  8862   002516  51BE               	movf	download_log@address& (0+255),w,b
  8863   002518  ECDA  F008         	call	_read_external_eeprom
  8864   00251C  6EDF               	movwf	indf2,c
  8865   00251E  0101               	movlb	1	; () banked
  8866   002520  4BBE               	infsnz	download_log@address& (0+255),f,b
  8867   002522  2BBF               	incf	(download_log@address+1)& (0+255),f,b
  8868   002524                     l3324:
  8869                           
  8870                           ; BSR set to: 1
  8871                           ;black_box.c: 229:         }
  8872   002524  2BBD               	incf	download_log@j& (0+255),f,b
  8873   002526                     
  8874                           ; BSR set to: 1
  8875   002526  0E0F               	movlw	15
  8876   002528  65BD               	cpfsgt	download_log@j& (0+255),b
  8877   00252A  EF99  F012         	goto	u2941
  8878   00252E  EF9B  F012         	goto	u2940
  8879   002532                     u2941:
  8880   002532  EF2D  F012         	goto	l3306
  8881   002536                     u2940:
  8882   002536                     
  8883                           ; BSR set to: 1
  8884                           ;black_box.c: 230:         download_view[i][j] = '\0';
  8885   002536  51BC               	movf	download_log@i& (0+255),w,b
  8886   002538  0D11               	mullw	17
  8887   00253A  0E00               	movlw	low download_log@download_view
  8888   00253C  24F3               	addwf	243,w,c
  8889   00253E  6E06               	movwf	??_download_log^0,c
  8890   002540  0E01               	movlw	high download_log@download_view
  8891   002542  20F4               	addwfc	prodh,w,c
  8892   002544  6E07               	movwf	(??_download_log+1)^0,c
  8893   002546  51BD               	movf	download_log@j& (0+255),w,b
  8894   002548  2406               	addwf	??_download_log^0,w,c
  8895   00254A  6ED9               	movwf	fsr2l,c
  8896   00254C  0E00               	movlw	0
  8897   00254E  2007               	addwfc	(??_download_log+1)^0,w,c
  8898   002550  6EDA               	movwf	fsr2h,c
  8899   002552  6ADF               	clrf	indf2,c
  8900   002554                     
  8901                           ; BSR set to: 1
  8902                           ;black_box.c: 231:     }
  8903   002554  2BBC               	incf	download_log@i& (0+255),f,b
  8904   002556                     l3332:
  8905                           
  8906                           ; BSR set to: 1
  8907   002556  5054               	movf	_count^0,w,c
  8908   002558  5DBC               	subwf	download_log@i& (0+255),w,b
  8909   00255A  A0D8               	btfss	status,0,c
  8910   00255C  EFB2  F012         	goto	u2951
  8911   002560  EFB4  F012         	goto	u2950
  8912   002564                     u2951:
  8913   002564  EF20  F012         	goto	l186
  8914   002568                     u2950:
  8915   002568                     
  8916                           ; BSR set to: 1
  8917                           ;black_box.c: 233:     if (count == 0)
  8918   002568  5054               	movf	_count^0,w,c
  8919   00256A  A4D8               	btfss	status,2,c
  8920   00256C  EFBA  F012         	goto	u2961
  8921   002570  EFBC  F012         	goto	u2960
  8922   002574                     u2961:
  8923   002574  EF18  F013         	goto	l3352
  8924   002578                     u2960:
  8925   002578                     
  8926                           ; BSR set to: 1
  8927                           ;black_box.c: 234:     {;black_box.c: 235:         clcd_write(0x01, 0);
  8928   002578  0E00               	movlw	0
  8929   00257A  6E01               	movwf	clcd_write@control_bit^0,c
  8930   00257C  0E01               	movlw	1
  8931   00257E  EC19  F009         	call	_clcd_write
  8932   002582                     
  8933                           ;black_box.c: 236:         clcd_print("NO LOG R PRESENT", (0x80 + (0)));
  8934   002582  0ED5               	movlw	low STR_3
  8935   002584  6E03               	movwf	clcd_print@data^0,c
  8936   002586  0E2F               	movlw	high STR_3
  8937   002588  6E04               	movwf	(clcd_print@data+1)^0,c
  8938   00258A  0E80               	movlw	128
  8939   00258C  6E05               	movwf	clcd_print@addr^0,c
  8940   00258E  EC0E  F00A         	call	_clcd_print	;wreg free
  8941   002592                     
  8942                           ;black_box.c: 237:         clcd_print("                ", (0xC0 + (0)));
  8943   002592  0E80               	movlw	low STR_4
  8944   002594  6E03               	movwf	clcd_print@data^0,c
  8945   002596  0E2F               	movlw	high STR_4
  8946   002598  6E04               	movwf	(clcd_print@data+1)^0,c
  8947   00259A  0EC0               	movlw	192
  8948   00259C  6E05               	movwf	clcd_print@addr^0,c
  8949   00259E  EC0E  F00A         	call	_clcd_print	;wreg free
  8950   0025A2                     
  8951                           ;black_box.c: 238:         for (unsigned long int delay = 500; delay--;)
  8952   0025A2  0EF4               	movlw	244
  8953   0025A4  0101               	movlb	1	; () banked
  8954   0025A6  6FAA               	movwf	download_log@delay& (0+255),b
  8955   0025A8  0E01               	movlw	1
  8956   0025AA  6FAB               	movwf	(download_log@delay+1)& (0+255),b
  8957   0025AC  0E00               	movlw	0
  8958   0025AE  6FAC               	movwf	(download_log@delay+2)& (0+255),b
  8959   0025B0  0E00               	movlw	0
  8960   0025B2  6FAD               	movwf	(download_log@delay+3)& (0+255),b
  8961   0025B4  EFF7  F012         	goto	l3348
  8962   0025B8                     l3344:
  8963                           
  8964                           ; BSR set to: 1
  8965                           ;black_box.c: 239:             for (unsigned long int delay1 = 1000; delay1--;);
  8966   0025B8  0EE8               	movlw	232
  8967   0025BA  6FAE               	movwf	download_log@delay1& (0+255),b
  8968   0025BC  0E03               	movlw	3
  8969   0025BE  6FAF               	movwf	(download_log@delay1+1)& (0+255),b
  8970   0025C0  0E00               	movlw	0
  8971   0025C2  6FB0               	movwf	(download_log@delay1+2)& (0+255),b
  8972   0025C4  0E00               	movlw	0
  8973   0025C6  6FB1               	movwf	(download_log@delay1+3)& (0+255),b
  8974   0025C8                     l3346:
  8975                           
  8976                           ; BSR set to: 1
  8977   0025C8  07AE               	decf	download_log@delay1& (0+255),f,b
  8978   0025CA  0E00               	movlw	0
  8979   0025CC  5BAF               	subwfb	(download_log@delay1+1)& (0+255),f,b
  8980   0025CE  5BB0               	subwfb	(download_log@delay1+2)& (0+255),f,b
  8981   0025D0  5BB1               	subwfb	(download_log@delay1+3)& (0+255),f,b
  8982   0025D2  29AE               	incf	download_log@delay1& (0+255),w,b
  8983   0025D4  E10A               	bnz	u2971
  8984   0025D6  29AF               	incf	(download_log@delay1+1)& (0+255),w,b
  8985   0025D8  E108               	bnz	u2971
  8986   0025DA  29B0               	incf	(download_log@delay1+2)& (0+255),w,b
  8987   0025DC  E106               	bnz	u2971
  8988   0025DE  29B1               	incf	(download_log@delay1+3)& (0+255),w,b
  8989   0025E0  A4D8               	btfss	status,2,c
  8990   0025E2  EFF5  F012         	goto	u2971
  8991   0025E6  EFF7  F012         	goto	u2970
  8992   0025EA                     u2971:
  8993   0025EA  EFE4  F012         	goto	l3346
  8994   0025EE                     u2970:
  8995   0025EE                     l3348:
  8996                           
  8997                           ; BSR set to: 1
  8998   0025EE  07AA               	decf	download_log@delay& (0+255),f,b
  8999   0025F0  0E00               	movlw	0
  9000   0025F2  5BAB               	subwfb	(download_log@delay+1)& (0+255),f,b
  9001   0025F4  5BAC               	subwfb	(download_log@delay+2)& (0+255),f,b
  9002   0025F6  5BAD               	subwfb	(download_log@delay+3)& (0+255),f,b
  9003   0025F8  29AA               	incf	download_log@delay& (0+255),w,b
  9004   0025FA  E10A               	bnz	u2981
  9005   0025FC  29AB               	incf	(download_log@delay+1)& (0+255),w,b
  9006   0025FE  E108               	bnz	u2981
  9007   002600  29AC               	incf	(download_log@delay+2)& (0+255),w,b
  9008   002602  E106               	bnz	u2981
  9009   002604  29AD               	incf	(download_log@delay+3)& (0+255),w,b
  9010   002606  A4D8               	btfss	status,2,c
  9011   002608  EF08  F013         	goto	u2981
  9012   00260C  EF0A  F013         	goto	u2980
  9013   002610                     u2981:
  9014   002610  EFDC  F012         	goto	l3344
  9015   002614                     u2980:
  9016   002614                     
  9017                           ; BSR set to: 1
  9018                           ;black_box.c: 240:         puts("NO LOG R PRESENT");
  9019   002614  0ED5               	movlw	low STR_3
  9020   002616  6E02               	movwf	puts@s^0,c
  9021   002618  0E2F               	movlw	high STR_3
  9022   00261A  6E03               	movwf	(puts@s+1)^0,c
  9023   00261C  EC77  F009         	call	_puts	;wreg free
  9024                           
  9025                           ;black_box.c: 241:         puts("\n\r");
  9026   002620  0E7D               	movlw	low (STR_5+16)
  9027   002622  6E02               	movwf	puts@s^0,c
  9028   002624  0E2F               	movlw	high (STR_5+16)
  9029   002626  6E03               	movwf	(puts@s+1)^0,c
  9030   002628  EC77  F009         	call	_puts	;wreg free
  9031                           
  9032                           ;black_box.c: 242:     } else {
  9033   00262C  EF94  F013         	goto	l3376
  9034   002630                     l3352:
  9035                           
  9036                           ; BSR set to: 1
  9037                           ;black_box.c: 243:         for (unsigned int i = 0; i < count; i++)
  9038   002630  0E00               	movlw	0
  9039   002632  6FBB               	movwf	(download_log@i_208+1)& (0+255),b
  9040   002634  0E00               	movlw	0
  9041   002636  6FBA               	movwf	download_log@i_208& (0+255),b
  9042   002638  EF38  F013         	goto	l3360
  9043   00263C                     l3354:
  9044                           
  9045                           ; BSR set to: 1
  9046                           ;black_box.c: 244:         {;black_box.c: 245:             puts(download_view[i]);
  9047   00263C  0E11               	movlw	17
  9048   00263E  03BA               	mulwf	download_log@i_208& (0+255),b
  9049   002640  CFF3 F006          	movff	prodl,??_download_log
  9050   002644  CFF4 F007          	movff	prodh,??_download_log+1
  9051   002648  03BB               	mulwf	(download_log@i_208+1)& (0+255),b
  9052   00264A  50F3               	movf	prodl,w,c
  9053   00264C  2607               	addwf	(??_download_log+1)^0,f,c
  9054   00264E  0E00               	movlw	low download_log@download_view
  9055   002650  2406               	addwf	??_download_log^0,w,c
  9056   002652  6E02               	movwf	puts@s^0,c
  9057   002654  0E01               	movlw	high download_log@download_view
  9058   002656  2007               	addwfc	(??_download_log+1)^0,w,c
  9059   002658  6E03               	movwf	(puts@s+1)^0,c
  9060   00265A  EC77  F009         	call	_puts	;wreg free
  9061   00265E                     
  9062                           ;black_box.c: 246:             puts("\n\r");
  9063   00265E  0E7D               	movlw	low (STR_5+16)
  9064   002660  6E02               	movwf	puts@s^0,c
  9065   002662  0E2F               	movlw	high (STR_5+16)
  9066   002664  6E03               	movwf	(puts@s+1)^0,c
  9067   002666  EC77  F009         	call	_puts	;wreg free
  9068   00266A                     
  9069                           ;black_box.c: 247:         }
  9070   00266A  0101               	movlb	1	; () banked
  9071   00266C  4BBA               	infsnz	download_log@i_208& (0+255),f,b
  9072   00266E  2BBB               	incf	(download_log@i_208+1)& (0+255),f,b
  9073   002670                     l3360:
  9074                           
  9075                           ; BSR set to: 1
  9076   002670  5054               	movf	_count^0,w,c
  9077   002672  6E06               	movwf	??_download_log^0,c
  9078   002674  6A07               	clrf	(??_download_log+1)^0,c
  9079   002676  5006               	movf	??_download_log^0,w,c
  9080   002678  5DBA               	subwf	download_log@i_208& (0+255),w,b
  9081   00267A  5007               	movf	(??_download_log+1)^0,w,c
  9082   00267C  59BB               	subwfb	(download_log@i_208+1)& (0+255),w,b
  9083   00267E  A0D8               	btfss	status,0,c
  9084   002680  EF44  F013         	goto	u2991
  9085   002684  EF46  F013         	goto	u2990
  9086   002688                     u2991:
  9087   002688  EF1E  F013         	goto	l3354
  9088   00268C                     u2990:
  9089   00268C                     
  9090                           ; BSR set to: 1
  9091                           ;black_box.c: 248:         clcd_write(0x01, 0);
  9092   00268C  0E00               	movlw	0
  9093   00268E  6E01               	movwf	clcd_write@control_bit^0,c
  9094   002690  0E01               	movlw	1
  9095   002692  EC19  F009         	call	_clcd_write
  9096   002696                     
  9097                           ;black_box.c: 249:         clcd_print("  DOWNLOAD LOG  ", (0x80 + (0)));
  9098   002696  0E91               	movlw	low STR_11
  9099   002698  6E03               	movwf	clcd_print@data^0,c
  9100   00269A  0E2F               	movlw	high STR_11
  9101   00269C  6E04               	movwf	(clcd_print@data+1)^0,c
  9102   00269E  0E80               	movlw	128
  9103   0026A0  6E05               	movwf	clcd_print@addr^0,c
  9104   0026A2  EC0E  F00A         	call	_clcd_print	;wreg free
  9105   0026A6                     
  9106                           ;black_box.c: 250:         clcd_print("  SUCCESSFULLY  ", (0xC0 + (0)));
  9107   0026A6  0EA2               	movlw	low STR_12
  9108   0026A8  6E03               	movwf	clcd_print@data^0,c
  9109   0026AA  0E2F               	movlw	high STR_12
  9110   0026AC  6E04               	movwf	(clcd_print@data+1)^0,c
  9111   0026AE  0EC0               	movlw	192
  9112   0026B0  6E05               	movwf	clcd_print@addr^0,c
  9113   0026B2  EC0E  F00A         	call	_clcd_print	;wreg free
  9114   0026B6                     
  9115                           ;black_box.c: 251:         for (unsigned long int delay = 500; delay--;)
  9116   0026B6  0EF4               	movlw	244
  9117   0026B8  0101               	movlb	1	; () banked
  9118   0026BA  6FB2               	movwf	download_log@delay_212& (0+255),b
  9119   0026BC  0E01               	movlw	1
  9120   0026BE  6FB3               	movwf	(download_log@delay_212+1)& (0+255),b
  9121   0026C0  0E00               	movlw	0
  9122   0026C2  6FB4               	movwf	(download_log@delay_212+2)& (0+255),b
  9123   0026C4  0E00               	movlw	0
  9124   0026C6  6FB5               	movwf	(download_log@delay_212+3)& (0+255),b
  9125   0026C8  EF81  F013         	goto	l3374
  9126   0026CC                     l3370:
  9127                           
  9128                           ; BSR set to: 1
  9129                           ;black_box.c: 252:             for (unsigned long int delay1 = 1000; delay1--;);
  9130   0026CC  0EE8               	movlw	232
  9131   0026CE  6FB6               	movwf	download_log@delay1_213& (0+255),b
  9132   0026D0  0E03               	movlw	3
  9133   0026D2  6FB7               	movwf	(download_log@delay1_213+1)& (0+255),b
  9134   0026D4  0E00               	movlw	0
  9135   0026D6  6FB8               	movwf	(download_log@delay1_213+2)& (0+255),b
  9136   0026D8  0E00               	movlw	0
  9137   0026DA  6FB9               	movwf	(download_log@delay1_213+3)& (0+255),b
  9138   0026DC                     l3372:
  9139                           
  9140                           ; BSR set to: 1
  9141   0026DC  07B6               	decf	download_log@delay1_213& (0+255),f,b
  9142   0026DE  0E00               	movlw	0
  9143   0026E0  5BB7               	subwfb	(download_log@delay1_213+1)& (0+255),f,b
  9144   0026E2  5BB8               	subwfb	(download_log@delay1_213+2)& (0+255),f,b
  9145   0026E4  5BB9               	subwfb	(download_log@delay1_213+3)& (0+255),f,b
  9146   0026E6  29B6               	incf	download_log@delay1_213& (0+255),w,b
  9147   0026E8  E10A               	bnz	u3001
  9148   0026EA  29B7               	incf	(download_log@delay1_213+1)& (0+255),w,b
  9149   0026EC  E108               	bnz	u3001
  9150   0026EE  29B8               	incf	(download_log@delay1_213+2)& (0+255),w,b
  9151   0026F0  E106               	bnz	u3001
  9152   0026F2  29B9               	incf	(download_log@delay1_213+3)& (0+255),w,b
  9153   0026F4  A4D8               	btfss	status,2,c
  9154   0026F6  EF7F  F013         	goto	u3001
  9155   0026FA  EF81  F013         	goto	u3000
  9156   0026FE                     u3001:
  9157   0026FE  EF6E  F013         	goto	l3372
  9158   002702                     u3000:
  9159   002702                     l3374:
  9160                           
  9161                           ; BSR set to: 1
  9162   002702  07B2               	decf	download_log@delay_212& (0+255),f,b
  9163   002704  0E00               	movlw	0
  9164   002706  5BB3               	subwfb	(download_log@delay_212+1)& (0+255),f,b
  9165   002708  5BB4               	subwfb	(download_log@delay_212+2)& (0+255),f,b
  9166   00270A  5BB5               	subwfb	(download_log@delay_212+3)& (0+255),f,b
  9167   00270C  29B2               	incf	download_log@delay_212& (0+255),w,b
  9168   00270E  E10A               	bnz	u3011
  9169   002710  29B3               	incf	(download_log@delay_212+1)& (0+255),w,b
  9170   002712  E108               	bnz	u3011
  9171   002714  29B4               	incf	(download_log@delay_212+2)& (0+255),w,b
  9172   002716  E106               	bnz	u3011
  9173   002718  29B5               	incf	(download_log@delay_212+3)& (0+255),w,b
  9174   00271A  A4D8               	btfss	status,2,c
  9175   00271C  EF92  F013         	goto	u3011
  9176   002720  EF94  F013         	goto	u3010
  9177   002724                     u3011:
  9178   002724  EF66  F013         	goto	l3370
  9179   002728                     u3010:
  9180   002728                     l3376:
  9181                           
  9182                           ;black_box.c: 254:     state = e_main_menu;
  9183   002728  0E01               	movlw	1
  9184   00272A  0101               	movlb	1	; () banked
  9185   00272C  6FC0               	movwf	_state& (0+255),b
  9186                           
  9187                           ;black_box.c: 255:     address = 0;
  9188   00272E  0E00               	movlw	0
  9189   002730  6FBF               	movwf	(download_log@address+1)& (0+255),b
  9190   002732  0E00               	movlw	0
  9191   002734  6FBE               	movwf	download_log@address& (0+255),b
  9192   002736                     
  9193                           ; BSR set to: 1
  9194   002736  0012               	return		;funcret
  9195   002738                     __end_of_download_log:
  9196                           	callstack 0
  9197                           
  9198 ;; *************** function _read_external_eeprom *****************
  9199 ;; Defined at:
  9200 ;;		line 22 in file "eepromm.c"
  9201 ;; Parameters:    Size  Location     Type
  9202 ;;  address         1    wreg     unsigned char 
  9203 ;; Auto vars:     Size  Location     Type
  9204 ;;  address         1    1[COMRAM] unsigned char 
  9205 ;;  data            1    2[COMRAM] unsigned char 
  9206 ;; Return value:  Size  Location     Type
  9207 ;;                  1    wreg      unsigned char 
  9208 ;; Registers used:
  9209 ;;		wreg, status,2, cstack
  9210 ;; Tracked objects:
  9211 ;;		On entry : 0/0
  9212 ;;		On exit  : 0/0
  9213 ;;		Unchanged: 0/0
  9214 ;; Data sizes:     COMRAM   BANK0   BANK1   BANK2   BANK3   BANK4   BANK5
  9215 ;;      Params:         0       0       0       0       0       0       0
  9216 ;;      Locals:         2       0       0       0       0       0       0
  9217 ;;      Temps:          0       0       0       0       0       0       0
  9218 ;;      Totals:         2       0       0       0       0       0       0
  9219 ;;Total ram usage:        2 bytes
  9220 ;; Hardware stack levels used: 1
  9221 ;; Hardware stack levels required when called: 3
  9222 ;; This function calls:
  9223 ;;		_i2c_read
  9224 ;;		_i2c_rep_start
  9225 ;;		_i2c_start
  9226 ;;		_i2c_stop
  9227 ;;		_i2c_write
  9228 ;; This function is called by:
  9229 ;;		_event_store
  9230 ;;		_view_log
  9231 ;;		_download_log
  9232 ;; This function uses a non-reentrant model
  9233 ;;
  9234                           
  9235                           	psect	text27
  9236   0011B4                     __ptext27:
  9237                           	callstack 0
  9238   0011B4                     _read_external_eeprom:
  9239                           	callstack 26
  9240                           
  9241                           ; BSR set to: 1
  9242                           ;incstack = 0
  9243                           ;read_external_eeprom@address stored from wreg
  9244   0011B4  6E02               	movwf	read_external_eeprom@address^0,c
  9245   0011B6                     
  9246                           ;eepromm.c: 23:     unsigned char data;;eepromm.c: 25:     i2c_start();
  9247   0011B6  EC5F  F008         	call	_i2c_start	;wreg free
  9248   0011BA                     
  9249                           ;eepromm.c: 26:     i2c_write(0xA0);
  9250   0011BA  0EA0               	movlw	160
  9251   0011BC  EC6D  F008         	call	_i2c_write
  9252   0011C0                     
  9253                           ;eepromm.c: 27:     i2c_write(address);
  9254   0011C0  5002               	movf	read_external_eeprom@address^0,w,c
  9255   0011C2  EC6D  F008         	call	_i2c_write
  9256   0011C6                     
  9257                           ;eepromm.c: 28:     i2c_rep_start();
  9258   0011C6  EC5B  F008         	call	_i2c_rep_start	;wreg free
  9259   0011CA                     
  9260                           ;eepromm.c: 29:     i2c_write(0xA1);
  9261   0011CA  0EA1               	movlw	161
  9262   0011CC  EC6D  F008         	call	_i2c_write
  9263                           
  9264                           ;eepromm.c: 30:     data = i2c_read();
  9265   0011D0  EC67  F008         	call	_i2c_read	;wreg free
  9266   0011D4  6E03               	movwf	read_external_eeprom@data^0,c
  9267   0011D6                     
  9268                           ;eepromm.c: 31:     i2c_stop();
  9269   0011D6  EC63  F008         	call	_i2c_stop	;wreg free
  9270                           
  9271                           ;eepromm.c: 33:     return data;
  9272   0011DA  5003               	movf	read_external_eeprom@data^0,w,c
  9273   0011DC  0012               	return		;funcret
  9274   0011DE                     __end_of_read_external_eeprom:
  9275                           	callstack 0
  9276                           
  9277 ;; *************** function _i2c_write *****************
  9278 ;; Defined at:
  9279 ;;		line 54 in file "i2c.c"
  9280 ;; Parameters:    Size  Location     Type
  9281 ;;  data            1    wreg     unsigned char 
  9282 ;; Auto vars:     Size  Location     Type
  9283 ;;  data            1    0[COMRAM] unsigned char 
  9284 ;; Return value:  Size  Location     Type
  9285 ;;                  1    wreg      void 
  9286 ;; Registers used:
  9287 ;;		wreg, cstack
  9288 ;; Tracked objects:
  9289 ;;		On entry : 0/0
  9290 ;;		On exit  : 0/0
  9291 ;;		Unchanged: 0/0
  9292 ;; Data sizes:     COMRAM   BANK0   BANK1   BANK2   BANK3   BANK4   BANK5
  9293 ;;      Params:         0       0       0       0       0       0       0
  9294 ;;      Locals:         1       0       0       0       0       0       0
  9295 ;;      Temps:          0       0       0       0       0       0       0
  9296 ;;      Totals:         1       0       0       0       0       0       0
  9297 ;;Total ram usage:        1 bytes
  9298 ;; Hardware stack levels used: 1
  9299 ;; Hardware stack levels required when called: 1
  9300 ;; This function calls:
  9301 ;;		_i2c_idle
  9302 ;; This function is called by:
  9303 ;;		_write_external_eeprom
  9304 ;;		_read_external_eeprom
  9305 ;;		_write_ds1307
  9306 ;;		_read_ds1307
  9307 ;; This function uses a non-reentrant model
  9308 ;;
  9309                           
  9310                           	psect	text28
  9311   0010DA                     __ptext28:
  9312                           	callstack 0
  9313   0010DA                     _i2c_write:
  9314                           	callstack 27
  9315                           
  9316                           ;incstack = 0
  9317                           ;i2c_write@data stored from wreg
  9318   0010DA  6E01               	movwf	i2c_write@data^0,c
  9319   0010DC                     
  9320                           ;i2c.c: 55:     SSPBUF = data;
  9321   0010DC  C001  FFC9         	movff	i2c_write@data,4041	;volatile
  9322   0010E0                     
  9323                           ;i2c.c: 56:     i2c_idle();
  9324   0010E0  EC7A  F008         	call	_i2c_idle	;wreg free
  9325   0010E4  0012               	return		;funcret
  9326   0010E6                     __end_of_i2c_write:
  9327                           	callstack 0
  9328                           
  9329 ;; *************** function _i2c_stop *****************
  9330 ;; Defined at:
  9331 ;;		line 44 in file "i2c.c"
  9332 ;; Parameters:    Size  Location     Type
  9333 ;;		None
  9334 ;; Auto vars:     Size  Location     Type
  9335 ;;		None
  9336 ;; Return value:  Size  Location     Type
  9337 ;;                  1    wreg      void 
  9338 ;; Registers used:
  9339 ;;		cstack
  9340 ;; Tracked objects:
  9341 ;;		On entry : 0/0
  9342 ;;		On exit  : 0/0
  9343 ;;		Unchanged: 0/0
  9344 ;; Data sizes:     COMRAM   BANK0   BANK1   BANK2   BANK3   BANK4   BANK5
  9345 ;;      Params:         0       0       0       0       0       0       0
  9346 ;;      Locals:         0       0       0       0       0       0       0
  9347 ;;      Temps:          0       0       0       0       0       0       0
  9348 ;;      Totals:         0       0       0       0       0       0       0
  9349 ;;Total ram usage:        0 bytes
  9350 ;; Hardware stack levels used: 1
  9351 ;; Hardware stack levels required when called: 1
  9352 ;; This function calls:
  9353 ;;		_i2c_idle
  9354 ;; This function is called by:
  9355 ;;		_write_external_eeprom
  9356 ;;		_read_external_eeprom
  9357 ;;		_write_ds1307
  9358 ;;		_read_ds1307
  9359 ;; This function uses a non-reentrant model
  9360 ;;
  9361                           
  9362                           	psect	text29
  9363   0010C6                     __ptext29:
  9364                           	callstack 0
  9365   0010C6                     _i2c_stop:
  9366                           	callstack 27
  9367   0010C6                     
  9368                           ;i2c.c: 45:     PEN = 1;
  9369   0010C6  84C5               	bsf	4037,2,c	;volatile
  9370   0010C8                     
  9371                           ;i2c.c: 46:     i2c_idle();
  9372   0010C8  EC7A  F008         	call	_i2c_idle	;wreg free
  9373   0010CC  0012               	return		;funcret
  9374   0010CE                     __end_of_i2c_stop:
  9375                           	callstack 0
  9376                           
  9377 ;; *************** function _i2c_start *****************
  9378 ;; Defined at:
  9379 ;;		line 39 in file "i2c.c"
  9380 ;; Parameters:    Size  Location     Type
  9381 ;;		None
  9382 ;; Auto vars:     Size  Location     Type
  9383 ;;		None
  9384 ;; Return value:  Size  Location     Type
  9385 ;;                  1    wreg      void 
  9386 ;; Registers used:
  9387 ;;		cstack
  9388 ;; Tracked objects:
  9389 ;;		On entry : 0/0
  9390 ;;		On exit  : 0/0
  9391 ;;		Unchanged: 0/0
  9392 ;; Data sizes:     COMRAM   BANK0   BANK1   BANK2   BANK3   BANK4   BANK5
  9393 ;;      Params:         0       0       0       0       0       0       0
  9394 ;;      Locals:         0       0       0       0       0       0       0
  9395 ;;      Temps:          0       0       0       0       0       0       0
  9396 ;;      Totals:         0       0       0       0       0       0       0
  9397 ;;Total ram usage:        0 bytes
  9398 ;; Hardware stack levels used: 1
  9399 ;; Hardware stack levels required when called: 1
  9400 ;; This function calls:
  9401 ;;		_i2c_idle
  9402 ;; This function is called by:
  9403 ;;		_write_external_eeprom
  9404 ;;		_read_external_eeprom
  9405 ;;		_write_ds1307
  9406 ;;		_read_ds1307
  9407 ;; This function uses a non-reentrant model
  9408 ;;
  9409                           
  9410                           	psect	text30
  9411   0010BE                     __ptext30:
  9412                           	callstack 0
  9413   0010BE                     _i2c_start:
  9414                           	callstack 27
  9415   0010BE                     
  9416                           ;i2c.c: 40:     SEN = 1;
  9417   0010BE  80C5               	bsf	4037,0,c	;volatile
  9418   0010C0                     
  9419                           ;i2c.c: 41:     i2c_idle();
  9420   0010C0  EC7A  F008         	call	_i2c_idle	;wreg free
  9421   0010C4  0012               	return		;funcret
  9422   0010C6                     __end_of_i2c_start:
  9423                           	callstack 0
  9424                           
  9425 ;; *************** function _i2c_rep_start *****************
  9426 ;; Defined at:
  9427 ;;		line 49 in file "i2c.c"
  9428 ;; Parameters:    Size  Location     Type
  9429 ;;		None
  9430 ;; Auto vars:     Size  Location     Type
  9431 ;;		None
  9432 ;; Return value:  Size  Location     Type
  9433 ;;                  1    wreg      void 
  9434 ;; Registers used:
  9435 ;;		cstack
  9436 ;; Tracked objects:
  9437 ;;		On entry : 0/0
  9438 ;;		On exit  : 0/0
  9439 ;;		Unchanged: 0/0
  9440 ;; Data sizes:     COMRAM   BANK0   BANK1   BANK2   BANK3   BANK4   BANK5
  9441 ;;      Params:         0       0       0       0       0       0       0
  9442 ;;      Locals:         0       0       0       0       0       0       0
  9443 ;;      Temps:          0       0       0       0       0       0       0
  9444 ;;      Totals:         0       0       0       0       0       0       0
  9445 ;;Total ram usage:        0 bytes
  9446 ;; Hardware stack levels used: 1
  9447 ;; Hardware stack levels required when called: 1
  9448 ;; This function calls:
  9449 ;;		_i2c_idle
  9450 ;; This function is called by:
  9451 ;;		_read_external_eeprom
  9452 ;;		_read_ds1307
  9453 ;; This function uses a non-reentrant model
  9454 ;;
  9455                           
  9456                           	psect	text31
  9457   0010B6                     __ptext31:
  9458                           	callstack 0
  9459   0010B6                     _i2c_rep_start:
  9460                           	callstack 27
  9461   0010B6                     
  9462                           ;i2c.c: 50:     RSEN = 1;
  9463   0010B6  82C5               	bsf	4037,1,c	;volatile
  9464   0010B8                     
  9465                           ;i2c.c: 51:     i2c_idle();
  9466   0010B8  EC7A  F008         	call	_i2c_idle	;wreg free
  9467   0010BC  0012               	return		;funcret
  9468   0010BE                     __end_of_i2c_rep_start:
  9469                           	callstack 0
  9470                           
  9471 ;; *************** function _i2c_read *****************
  9472 ;; Defined at:
  9473 ;;		line 69 in file "i2c.c"
  9474 ;; Parameters:    Size  Location     Type
  9475 ;;		None
  9476 ;; Auto vars:     Size  Location     Type
  9477 ;;		None
  9478 ;; Return value:  Size  Location     Type
  9479 ;;                  1    wreg      unsigned char 
  9480 ;; Registers used:
  9481 ;;		wreg, status,2, cstack
  9482 ;; Tracked objects:
  9483 ;;		On entry : 0/0
  9484 ;;		On exit  : 0/0
  9485 ;;		Unchanged: 0/0
  9486 ;; Data sizes:     COMRAM   BANK0   BANK1   BANK2   BANK3   BANK4   BANK5
  9487 ;;      Params:         0       0       0       0       0       0       0
  9488 ;;      Locals:         0       0       0       0       0       0       0
  9489 ;;      Temps:          0       0       0       0       0       0       0
  9490 ;;      Totals:         0       0       0       0       0       0       0
  9491 ;;Total ram usage:        0 bytes
  9492 ;; Hardware stack levels used: 1
  9493 ;; Hardware stack levels required when called: 2
  9494 ;; This function calls:
  9495 ;;		_i2c_no_ack
  9496 ;;		_i2c_rx_mode
  9497 ;; This function is called by:
  9498 ;;		_read_external_eeprom
  9499 ;;		_read_ds1307
  9500 ;; This function uses a non-reentrant model
  9501 ;;
  9502                           
  9503                           	psect	text32
  9504   0010CE                     __ptext32:
  9505                           	callstack 0
  9506   0010CE                     _i2c_read:
  9507                           	callstack 26
  9508   0010CE                     
  9509                           ;i2c.c: 70:     i2c_rx_mode();
  9510   0010CE  EC57  F008         	call	_i2c_rx_mode	;wreg free
  9511                           
  9512                           ;i2c.c: 71:     i2c_no_ack();
  9513   0010D2  EC51  F008         	call	_i2c_no_ack	;wreg free
  9514   0010D6                     
  9515                           ;i2c.c: 73:     return SSPBUF;
  9516   0010D6  50C9               	movf	201,w,c	;volatile
  9517   0010D8  0012               	return		;funcret
  9518   0010DA                     __end_of_i2c_read:
  9519                           	callstack 0
  9520                           
  9521 ;; *************** function _i2c_rx_mode *****************
  9522 ;; Defined at:
  9523 ;;		line 59 in file "i2c.c"
  9524 ;; Parameters:    Size  Location     Type
  9525 ;;		None
  9526 ;; Auto vars:     Size  Location     Type
  9527 ;;		None
  9528 ;; Return value:  Size  Location     Type
  9529 ;;                  1    wreg      void 
  9530 ;; Registers used:
  9531 ;;		cstack
  9532 ;; Tracked objects:
  9533 ;;		On entry : 0/0
  9534 ;;		On exit  : 0/0
  9535 ;;		Unchanged: 0/0
  9536 ;; Data sizes:     COMRAM   BANK0   BANK1   BANK2   BANK3   BANK4   BANK5
  9537 ;;      Params:         0       0       0       0       0       0       0
  9538 ;;      Locals:         0       0       0       0       0       0       0
  9539 ;;      Temps:          0       0       0       0       0       0       0
  9540 ;;      Totals:         0       0       0       0       0       0       0
  9541 ;;Total ram usage:        0 bytes
  9542 ;; Hardware stack levels used: 1
  9543 ;; Hardware stack levels required when called: 1
  9544 ;; This function calls:
  9545 ;;		_i2c_idle
  9546 ;; This function is called by:
  9547 ;;		_i2c_read
  9548 ;; This function uses a non-reentrant model
  9549 ;;
  9550                           
  9551                           	psect	text33
  9552   0010AE                     __ptext33:
  9553                           	callstack 0
  9554   0010AE                     _i2c_rx_mode:
  9555                           	callstack 26
  9556   0010AE                     
  9557                           ;i2c.c: 60:     RCEN = 1;
  9558   0010AE  86C5               	bsf	4037,3,c	;volatile
  9559   0010B0                     
  9560                           ;i2c.c: 61:     i2c_idle();
  9561   0010B0  EC7A  F008         	call	_i2c_idle	;wreg free
  9562   0010B4  0012               	return		;funcret
  9563   0010B6                     __end_of_i2c_rx_mode:
  9564                           	callstack 0
  9565                           
  9566 ;; *************** function _i2c_idle *****************
  9567 ;; Defined at:
  9568 ;;		line 28 in file "i2c.c"
  9569 ;; Parameters:    Size  Location     Type
  9570 ;;		None
  9571 ;; Auto vars:     Size  Location     Type
  9572 ;;		None
  9573 ;; Return value:  Size  Location     Type
  9574 ;;                  1    wreg      void 
  9575 ;; Registers used:
  9576 ;;		None
  9577 ;; Tracked objects:
  9578 ;;		On entry : 0/0
  9579 ;;		On exit  : 0/0
  9580 ;;		Unchanged: 0/0
  9581 ;; Data sizes:     COMRAM   BANK0   BANK1   BANK2   BANK3   BANK4   BANK5
  9582 ;;      Params:         0       0       0       0       0       0       0
  9583 ;;      Locals:         0       0       0       0       0       0       0
  9584 ;;      Temps:          0       0       0       0       0       0       0
  9585 ;;      Totals:         0       0       0       0       0       0       0
  9586 ;;Total ram usage:        0 bytes
  9587 ;; Hardware stack levels used: 1
  9588 ;; This function calls:
  9589 ;;		Nothing
  9590 ;; This function is called by:
  9591 ;;		_i2c_start
  9592 ;;		_i2c_stop
  9593 ;;		_i2c_rep_start
  9594 ;;		_i2c_write
  9595 ;;		_i2c_rx_mode
  9596 ;; This function uses a non-reentrant model
  9597 ;;
  9598                           
  9599                           	psect	text34
  9600   0010F4                     __ptext34:
  9601                           	callstack 0
  9602   0010F4                     _i2c_idle:
  9603                           	callstack 27
  9604   0010F4                     l511:
  9605   0010F4  A69E               	btfss	3998,3,c	;volatile
  9606   0010F6  EF7F  F008         	goto	u1621
  9607   0010FA  EF81  F008         	goto	u1620
  9608   0010FE                     u1621:
  9609   0010FE  EF7A  F008         	goto	l511
  9610   001102                     u1620:
  9611   001102                     
  9612                           ;i2c.c: 30:     SSPIF = 0;
  9613   001102  969E               	bcf	3998,3,c	;volatile
  9614   001104  0012               	return		;funcret
  9615   001106                     __end_of_i2c_idle:
  9616                           	callstack 0
  9617                           
  9618 ;; *************** function _i2c_no_ack *****************
  9619 ;; Defined at:
  9620 ;;		line 64 in file "i2c.c"
  9621 ;; Parameters:    Size  Location     Type
  9622 ;;		None
  9623 ;; Auto vars:     Size  Location     Type
  9624 ;;		None
  9625 ;; Return value:  Size  Location     Type
  9626 ;;                  1    wreg      void 
  9627 ;; Registers used:
  9628 ;;		None
  9629 ;; Tracked objects:
  9630 ;;		On entry : 0/0
  9631 ;;		On exit  : 0/0
  9632 ;;		Unchanged: 0/0
  9633 ;; Data sizes:     COMRAM   BANK0   BANK1   BANK2   BANK3   BANK4   BANK5
  9634 ;;      Params:         0       0       0       0       0       0       0
  9635 ;;      Locals:         0       0       0       0       0       0       0
  9636 ;;      Temps:          0       0       0       0       0       0       0
  9637 ;;      Totals:         0       0       0       0       0       0       0
  9638 ;;Total ram usage:        0 bytes
  9639 ;; Hardware stack levels used: 1
  9640 ;; This function calls:
  9641 ;;		Nothing
  9642 ;; This function is called by:
  9643 ;;		_i2c_read
  9644 ;; This function uses a non-reentrant model
  9645 ;;
  9646                           
  9647                           	psect	text35
  9648   0010A2                     __ptext35:
  9649                           	callstack 0
  9650   0010A2                     _i2c_no_ack:
  9651                           	callstack 27
  9652   0010A2                     
  9653                           ;i2c.c: 65:     ACKDT = 1;
  9654   0010A2  8AC5               	bsf	4037,5,c	;volatile
  9655                           
  9656                           ;i2c.c: 66:     ACKEN = 1;
  9657   0010A4  88C5               	bsf	4037,4,c	;volatile
  9658   0010A6  0012               	return		;funcret
  9659   0010A8                     __end_of_i2c_no_ack:
  9660                           	callstack 0
  9661                           
  9662 ;; *************** function _puts *****************
  9663 ;; Defined at:
  9664 ;;		line 69 in file "uart.c"
  9665 ;; Parameters:    Size  Location     Type
  9666 ;;  s               2    1[COMRAM] PTR const unsigned char 
  9667 ;;		 -> STR_10(3), STR_9(3), STR_8(17), download_log@download_view(170), 
  9668 ;;		 -> STR_5(19), 
  9669 ;; Auto vars:     Size  Location     Type
  9670 ;;		None
  9671 ;; Return value:  Size  Location     Type
  9672 ;;                  2    1[COMRAM] int 
  9673 ;; Registers used:
  9674 ;;		wreg, fsr0l, fsr0h, status,2, status,0, tblptrl, tblptrh, tblptru, cstack
  9675 ;; Tracked objects:
  9676 ;;		On entry : 0/0
  9677 ;;		On exit  : 0/0
  9678 ;;		Unchanged: 0/0
  9679 ;; Data sizes:     COMRAM   BANK0   BANK1   BANK2   BANK3   BANK4   BANK5
  9680 ;;      Params:         2       0       0       0       0       0       0
  9681 ;;      Locals:         0       0       0       0       0       0       0
  9682 ;;      Temps:          0       0       0       0       0       0       0
  9683 ;;      Totals:         2       0       0       0       0       0       0
  9684 ;;Total ram usage:        2 bytes
  9685 ;; Hardware stack levels used: 1
  9686 ;; Hardware stack levels required when called: 1
  9687 ;; This function calls:
  9688 ;;		_putch
  9689 ;; This function is called by:
  9690 ;;		_download_log
  9691 ;; This function uses a non-reentrant model
  9692 ;;
  9693                           
  9694                           	psect	text36
  9695   0012EE                     __ptext36:
  9696                           	callstack 0
  9697   0012EE                     _puts:
  9698                           	callstack 28
  9699   0012EE                     
  9700                           ;uart.c: 70:     while (*s) {
  9701   0012EE  EF8D  F009         	goto	l2756
  9702   0012F2                     l2752:
  9703                           
  9704                           ;uart.c: 71:         putch(*s++);
  9705   0012F2  C002  FFF6         	movff	puts@s,tblptrl
  9706   0012F6  C003  FFF7         	movff	puts@s+1,tblptrh
  9707   0012FA  6AF8               	clrf	tblptru,c
  9708   0012FC  0E05               	movlw	(high __ramtop+-1)
  9709   0012FE  64F7               	cpfsgt	tblptrh,c
  9710   001300  D003               	bra	u2057
  9711   001302  0008               	tblrd		*
  9712   001304  50F5               	movf	tablat,w,c
  9713   001306  D005               	bra	u2050
  9714   001308                     u2057:
  9715   001308  CFF6 FFE9          	movff	tblptrl,fsr0l
  9716   00130C  CFF7 FFEA          	movff	tblptrh,fsr0h
  9717   001310  50EF               	movf	indf0,w,c
  9718   001312                     u2050:
  9719   001312  EC9A  F008         	call	_putch
  9720   001316  4A02               	infsnz	puts@s^0,f,c
  9721   001318  2A03               	incf	(puts@s+1)^0,f,c
  9722   00131A                     l2756:
  9723                           
  9724                           ;uart.c: 70:     while (*s) {
  9725   00131A  C002  FFF6         	movff	puts@s,tblptrl
  9726   00131E  C003  FFF7         	movff	puts@s+1,tblptrh
  9727   001322  6AF8               	clrf	tblptru,c
  9728   001324  0E05               	movlw	(high __ramtop+-1)
  9729   001326  64F7               	cpfsgt	tblptrh,c
  9730   001328  D003               	bra	u2067
  9731   00132A  0008               	tblrd		*
  9732   00132C  50F5               	movf	tablat,w,c
  9733   00132E  D005               	bra	u2060
  9734   001330                     u2067:
  9735   001330  CFF6 FFE9          	movff	tblptrl,fsr0l
  9736   001334  CFF7 FFEA          	movff	tblptrh,fsr0h
  9737   001338  50EF               	movf	indf0,w,c
  9738   00133A                     u2060:
  9739   00133A  0900               	iorlw	0
  9740   00133C  A4D8               	btfss	status,2,c
  9741   00133E  EFA3  F009         	goto	u2071
  9742   001342  EFA5  F009         	goto	u2070
  9743   001346                     u2071:
  9744   001346  EF79  F009         	goto	l2752
  9745   00134A                     u2070:
  9746   00134A  0012               	return		;funcret
  9747   00134C                     __end_of_puts:
  9748                           	callstack 0
  9749                           
  9750 ;; *************** function _putch *****************
  9751 ;; Defined at:
  9752 ;;		line 59 in file "uart.c"
  9753 ;; Parameters:    Size  Location     Type
  9754 ;;  byte            1    wreg     unsigned char 
  9755 ;; Auto vars:     Size  Location     Type
  9756 ;;  byte            1    0[COMRAM] unsigned char 
  9757 ;; Return value:  Size  Location     Type
  9758 ;;                  1    wreg      void 
  9759 ;; Registers used:
  9760 ;;		wreg
  9761 ;; Tracked objects:
  9762 ;;		On entry : 0/0
  9763 ;;		On exit  : 0/0
  9764 ;;		Unchanged: 0/0
  9765 ;; Data sizes:     COMRAM   BANK0   BANK1   BANK2   BANK3   BANK4   BANK5
  9766 ;;      Params:         0       0       0       0       0       0       0
  9767 ;;      Locals:         1       0       0       0       0       0       0
  9768 ;;      Temps:          0       0       0       0       0       0       0
  9769 ;;      Totals:         1       0       0       0       0       0       0
  9770 ;;Total ram usage:        1 bytes
  9771 ;; Hardware stack levels used: 1
  9772 ;; This function calls:
  9773 ;;		Nothing
  9774 ;; This function is called by:
  9775 ;;		_puts
  9776 ;; This function uses a non-reentrant model
  9777 ;;
  9778                           
  9779                           	psect	text37
  9780   001134                     __ptext37:
  9781                           	callstack 0
  9782   001134                     _putch:
  9783                           	callstack 28
  9784                           
  9785                           ;incstack = 0
  9786                           ;putch@byte stored from wreg
  9787   001134  6E01               	movwf	putch@byte^0,c
  9788   001136                     l464:
  9789                           
  9790                           ;uart.c: 62:     while (!TXIF) {
  9791   001136  A89E               	btfss	3998,4,c	;volatile
  9792   001138  EFA0  F008         	goto	u1791
  9793   00113C  EFA2  F008         	goto	u1790
  9794   001140                     u1791:
  9795   001140  EF9B  F008         	goto	l464
  9796   001144                     u1790:
  9797   001144                     
  9798                           ;uart.c: 65:     TXIF = 0;
  9799   001144  989E               	bcf	3998,4,c	;volatile
  9800   001146                     
  9801                           ;uart.c: 66:     TXREG = byte;
  9802   001146  C001  FFAD         	movff	putch@byte,4013	;volatile
  9803   00114A  0012               	return		;funcret
  9804   00114C                     __end_of_putch:
  9805                           	callstack 0
  9806                           
  9807 ;; *************** function _display_main_menu *****************
  9808 ;; Defined at:
  9809 ;;		line 59 in file "black_box.c"
  9810 ;; Parameters:    Size  Location     Type
  9811 ;;		None
  9812 ;; Auto vars:     Size  Location     Type
  9813 ;;		None
  9814 ;; Return value:  Size  Location     Type
  9815 ;;                  1    wreg      void 
  9816 ;; Registers used:
  9817 ;;		wreg, fsr0l, fsr0h, status,2, status,0, tblptrl, tblptrh, tblptru, prodl, prodh, cstack
  9818 ;; Tracked objects:
  9819 ;;		On entry : 0/0
  9820 ;;		On exit  : 0/0
  9821 ;;		Unchanged: 0/0
  9822 ;; Data sizes:     COMRAM   BANK0   BANK1   BANK2   BANK3   BANK4   BANK5
  9823 ;;      Params:         0       0       0       0       0       0       0
  9824 ;;      Locals:         0       0       0       0       0       0       0
  9825 ;;      Temps:          1       0       0       0       0       0       0
  9826 ;;      Totals:         1       0       0       0       0       0       0
  9827 ;;Total ram usage:        1 bytes
  9828 ;; Hardware stack levels used: 1
  9829 ;; Hardware stack levels required when called: 2
  9830 ;; This function calls:
  9831 ;;		_clcd_print
  9832 ;;		_clcd_putch
  9833 ;;		_clcd_write
  9834 ;; This function is called by:
  9835 ;;		_main
  9836 ;; This function uses a non-reentrant model
  9837 ;;
  9838                           
  9839                           	psect	text38
  9840   001CC0                     __ptext38:
  9841                           	callstack 0
  9842   001CC0                     _display_main_menu:
  9843                           	callstack 28
  9844   001CC0                     
  9845                           ;black_box.c: 61:     static char star_flag = 0, ind_menu, menu_pos = 0;;black_box.c: 63
      +                          :     if (star_flag == 0)
  9846   001CC0  5053               	movf	display_main_menu@star_flag^0,w,c
  9847   001CC2  A4D8               	btfss	status,2,c
  9848   001CC4  EF66  F00E         	goto	u2621
  9849   001CC8  EF68  F00E         	goto	u2620
  9850   001CCC                     u2621:
  9851   001CCC  EF74  F00E         	goto	l3168
  9852   001CD0                     u2620:
  9853   001CD0                     
  9854                           ;black_box.c: 64:     {;black_box.c: 65:         clcd_putch('*', (0x80 + (0)));
  9855   001CD0  0E80               	movlw	128
  9856   001CD2  6E09               	movwf	clcd_putch@addr^0,c
  9857   001CD4  0E2A               	movlw	42
  9858   001CD6  EC8E  F008         	call	_clcd_putch
  9859                           
  9860                           ;black_box.c: 66:         clcd_putch(' ', (0xC0 + (0)));
  9861   001CDA  0EC0               	movlw	192
  9862   001CDC  6E09               	movwf	clcd_putch@addr^0,c
  9863   001CDE  0E20               	movlw	32
  9864   001CE0  EC8E  F008         	call	_clcd_putch
  9865                           
  9866                           ;black_box.c: 67:     } else {
  9867   001CE4  EF7E  F00E         	goto	l3170
  9868   001CE8                     l3168:
  9869                           
  9870                           ;black_box.c: 68:         clcd_putch(' ', (0x80 + (0)));
  9871   001CE8  0E80               	movlw	128
  9872   001CEA  6E09               	movwf	clcd_putch@addr^0,c
  9873   001CEC  0E20               	movlw	32
  9874   001CEE  EC8E  F008         	call	_clcd_putch
  9875                           
  9876                           ;black_box.c: 69:         clcd_putch('*', (0xC0 + (0)));
  9877   001CF2  0EC0               	movlw	192
  9878   001CF4  6E09               	movwf	clcd_putch@addr^0,c
  9879   001CF6  0E2A               	movlw	42
  9880   001CF8  EC8E  F008         	call	_clcd_putch
  9881   001CFC                     l3170:
  9882                           
  9883                           ;black_box.c: 71:     if (key == 1)
  9884   001CFC  0456               	decf	_key^0,w,c
  9885   001CFE  A4D8               	btfss	status,2,c
  9886   001D00  EF84  F00E         	goto	u2631
  9887   001D04  EF86  F00E         	goto	u2630
  9888   001D08                     u2631:
  9889   001D08  EFA5  F00E         	goto	l3184
  9890   001D0C                     u2630:
  9891   001D0C                     
  9892                           ;black_box.c: 72:     {;black_box.c: 73:         if (ind_menu > 0)
  9893   001D0C  5052               	movf	display_main_menu@ind_menu^0,w,c
  9894   001D0E  B4D8               	btfsc	status,2,c
  9895   001D10  EF8C  F00E         	goto	u2641
  9896   001D14  EF8E  F00E         	goto	u2640
  9897   001D18                     u2641:
  9898   001D18  EF8F  F00E         	goto	l3176
  9899   001D1C                     u2640:
  9900   001D1C                     
  9901                           ;black_box.c: 74:         {;black_box.c: 75:             ind_menu--;
  9902   001D1C  0652               	decf	display_main_menu@ind_menu^0,f,c
  9903   001D1E                     l3176:
  9904                           
  9905                           ;black_box.c: 77:         if (star_flag == 1)
  9906   001D1E  0453               	decf	display_main_menu@star_flag^0,w,c
  9907   001D20  A4D8               	btfss	status,2,c
  9908   001D22  EF95  F00E         	goto	u2651
  9909   001D26  EF97  F00E         	goto	u2650
  9910   001D2A                     u2651:
  9911   001D2A  EF9A  F00E         	goto	l3180
  9912   001D2E                     u2650:
  9913   001D2E                     
  9914                           ;black_box.c: 78:             star_flag = 0;
  9915   001D2E  6A53               	clrf	display_main_menu@star_flag^0,c
  9916   001D30  EFCC  F00E         	goto	l3198
  9917   001D34                     l3180:
  9918                           
  9919                           ;black_box.c: 80:             if (menu_pos > 0)
  9920   001D34  5051               	movf	display_main_menu@menu_pos^0,w,c
  9921   001D36  B4D8               	btfsc	status,2,c
  9922   001D38  EFA0  F00E         	goto	u2661
  9923   001D3C  EFA2  F00E         	goto	u2660
  9924   001D40                     u2661:
  9925   001D40  EFCC  F00E         	goto	l3198
  9926   001D44                     u2660:
  9927   001D44                     
  9928                           ;black_box.c: 81:                 menu_pos--;
  9929   001D44  0651               	decf	display_main_menu@menu_pos^0,f,c
  9930   001D46  EFCC  F00E         	goto	l3198
  9931   001D4A                     l3184:
  9932   001D4A  0E02               	movlw	2
  9933   001D4C  1856               	xorwf	_key^0,w,c
  9934   001D4E  A4D8               	btfss	status,2,c
  9935   001D50  EFAC  F00E         	goto	u2671
  9936   001D54  EFAE  F00E         	goto	u2670
  9937   001D58                     u2671:
  9938   001D58  EFCC  F00E         	goto	l3198
  9939   001D5C                     u2670:
  9940   001D5C                     
  9941                           ;black_box.c: 84:     {;black_box.c: 85:         if (ind_menu < 3)
  9942   001D5C  0E03               	movlw	3
  9943   001D5E  6052               	cpfslt	display_main_menu@ind_menu^0,c
  9944   001D60  EFB4  F00E         	goto	u2681
  9945   001D64  EFB6  F00E         	goto	u2680
  9946   001D68                     u2681:
  9947   001D68  EFB7  F00E         	goto	l3190
  9948   001D6C                     u2680:
  9949   001D6C                     
  9950                           ;black_box.c: 86:         {;black_box.c: 87:             ind_menu++;
  9951   001D6C  2A52               	incf	display_main_menu@ind_menu^0,f,c
  9952   001D6E                     l3190:
  9953                           
  9954                           ;black_box.c: 89:         if (star_flag == 0)
  9955   001D6E  5053               	movf	display_main_menu@star_flag^0,w,c
  9956   001D70  A4D8               	btfss	status,2,c
  9957   001D72  EFBD  F00E         	goto	u2691
  9958   001D76  EFBF  F00E         	goto	u2690
  9959   001D7A                     u2691:
  9960   001D7A  EFC3  F00E         	goto	l3194
  9961   001D7E                     u2690:
  9962   001D7E                     
  9963                           ;black_box.c: 90:             star_flag = 1;
  9964   001D7E  0E01               	movlw	1
  9965   001D80  6E53               	movwf	display_main_menu@star_flag^0,c
  9966   001D82  EFCC  F00E         	goto	l3198
  9967   001D86                     l3194:
  9968                           
  9969                           ;black_box.c: 92:             if (menu_pos < 2)
  9970   001D86  0E02               	movlw	2
  9971   001D88  6051               	cpfslt	display_main_menu@menu_pos^0,c
  9972   001D8A  EFC9  F00E         	goto	u2701
  9973   001D8E  EFCB  F00E         	goto	u2700
  9974   001D92                     u2701:
  9975   001D92  EFCC  F00E         	goto	l3198
  9976   001D96                     u2700:
  9977   001D96                     
  9978                           ;black_box.c: 93:                 menu_pos++;
  9979   001D96  2A51               	incf	display_main_menu@menu_pos^0,f,c
  9980   001D98                     l3198:
  9981                           
  9982                           ;black_box.c: 97:     clcd_print(menu[menu_pos], (0x80 + (1)));
  9983   001D98  5051               	movf	display_main_menu@menu_pos^0,w,c
  9984   001D9A  0D14               	mullw	20
  9985   001D9C  50F3               	movf	243,w,c
  9986   001D9E  0F60               	addlw	low _menu
  9987   001DA0  6E0B               	movwf	??_display_main_menu^0,c
  9988   001DA2  C00B  F003         	movff	??_display_main_menu,clcd_print@data
  9989   001DA6  6A04               	clrf	(clcd_print@data+1)^0,c
  9990   001DA8  0E81               	movlw	129
  9991   001DAA  6E05               	movwf	clcd_print@addr^0,c
  9992   001DAC  EC0E  F00A         	call	_clcd_print	;wreg free
  9993   001DB0                     
  9994                           ;black_box.c: 98:     clcd_print(menu[menu_pos + 1], (0xC0 + (1)));
  9995   001DB0  5051               	movf	display_main_menu@menu_pos^0,w,c
  9996   001DB2  0D14               	mullw	20
  9997   001DB4  50F3               	movf	243,w,c
  9998   001DB6  0F74               	addlw	low (_menu+20)
  9999   001DB8  6E0B               	movwf	??_display_main_menu^0,c
 10000   001DBA  C00B  F003         	movff	??_display_main_menu,clcd_print@data
 10001   001DBE  6A04               	clrf	(clcd_print@data+1)^0,c
 10002   001DC0  0EC1               	movlw	193
 10003   001DC2  6E05               	movwf	clcd_print@addr^0,c
 10004   001DC4  EC0E  F00A         	call	_clcd_print	;wreg free
 10005   001DC8                     
 10006                           ;black_box.c: 100:     if (key == 11)
 10007   001DC8  0E0B               	movlw	11
 10008   001DCA  1856               	xorwf	_key^0,w,c
 10009   001DCC  A4D8               	btfss	status,2,c
 10010   001DCE  EFEB  F00E         	goto	u2711
 10011   001DD2  EFED  F00E         	goto	u2710
 10012   001DD6                     u2711:
 10013   001DD6  EFF3  F00E         	goto	l3206
 10014   001DDA                     u2710:
 10015   001DDA                     
 10016                           ;black_box.c: 101:     {;black_box.c: 102:         state = ind_menu + 2;
 10017   001DDA  5052               	movf	display_main_menu@ind_menu^0,w,c
 10018   001DDC  0F02               	addlw	2
 10019   001DDE  0101               	movlb	1	; () banked
 10020   001DE0  6FC0               	movwf	_state& (0+255),b
 10021                           
 10022                           ;black_box.c: 103:     }
 10023   001DE2  EF03  F00F         	goto	l135
 10024   001DE6                     l3206:
 10025   001DE6  0E0C               	movlw	12
 10026   001DE8  1856               	xorwf	_key^0,w,c
 10027   001DEA  A4D8               	btfss	status,2,c
 10028   001DEC  EFFA  F00E         	goto	u2721
 10029   001DF0  EFFC  F00E         	goto	u2720
 10030   001DF4                     u2721:
 10031   001DF4  EF03  F00F         	goto	l135
 10032   001DF8                     u2720:
 10033   001DF8                     
 10034                           ;black_box.c: 109:     {;black_box.c: 110:         clcd_write(0x01, 0);
 10035   001DF8  0E00               	movlw	0
 10036   001DFA  6E01               	movwf	clcd_write@control_bit^0,c
 10037   001DFC  0E01               	movlw	1
 10038   001DFE  EC19  F009         	call	_clcd_write
 10039   001E02                     
 10040                           ;black_box.c: 111:         state = e_dashboard;
 10041   001E02  0101               	movlb	1	; () banked
 10042   001E04  6BC0               	clrf	_state& (0+255),b
 10043   001E06                     l135:
 10044   001E06  0012               	return		;funcret
 10045   001E08                     __end_of_display_main_menu:
 10046                           	callstack 0
 10047                           
 10048 ;; *************** function _clcd_putch *****************
 10049 ;; Defined at:
 10050 ;;		line 71 in file "clcd.c"
 10051 ;; Parameters:    Size  Location     Type
 10052 ;;  data            1    wreg     const unsigned char 
 10053 ;;  addr            1    8[COMRAM] unsigned char 
 10054 ;; Auto vars:     Size  Location     Type
 10055 ;;  data            1    9[COMRAM] const unsigned char 
 10056 ;; Return value:  Size  Location     Type
 10057 ;;                  1    wreg      void 
 10058 ;; Registers used:
 10059 ;;		wreg, status,2, cstack
 10060 ;; Tracked objects:
 10061 ;;		On entry : 0/0
 10062 ;;		On exit  : 0/0
 10063 ;;		Unchanged: 0/0
 10064 ;; Data sizes:     COMRAM   BANK0   BANK1   BANK2   BANK3   BANK4   BANK5
 10065 ;;      Params:         1       0       0       0       0       0       0
 10066 ;;      Locals:         1       0       0       0       0       0       0
 10067 ;;      Temps:          0       0       0       0       0       0       0
 10068 ;;      Totals:         2       0       0       0       0       0       0
 10069 ;;Total ram usage:        2 bytes
 10070 ;; Hardware stack levels used: 1
 10071 ;; Hardware stack levels required when called: 1
 10072 ;; This function calls:
 10073 ;;		_clcd_write
 10074 ;; This function is called by:
 10075 ;;		_view_dashboard
 10076 ;;		_display_main_menu
 10077 ;;		_set_time
 10078 ;; This function uses a non-reentrant model
 10079 ;;
 10080                           
 10081                           	psect	text39
 10082   00111C                     __ptext39:
 10083                           	callstack 0
 10084   00111C                     _clcd_putch:
 10085                           	callstack 28
 10086                           
 10087                           ;incstack = 0
 10088                           ;clcd_putch@data stored from wreg
 10089   00111C  6E0A               	movwf	clcd_putch@data^0,c
 10090   00111E                     
 10091                           ;clcd.c: 72:     clcd_write(addr, 0);
 10092   00111E  0E00               	movlw	0
 10093   001120  6E01               	movwf	clcd_write@control_bit^0,c
 10094   001122  5009               	movf	clcd_putch@addr^0,w,c
 10095   001124  EC19  F009         	call	_clcd_write
 10096                           
 10097                           ;clcd.c: 73:     clcd_write(data, 1);
 10098   001128  0E01               	movlw	1
 10099   00112A  6E01               	movwf	clcd_write@control_bit^0,c
 10100   00112C  500A               	movf	clcd_putch@data^0,w,c
 10101   00112E  EC19  F009         	call	_clcd_write
 10102   001132  0012               	return		;funcret
 10103   001134                     __end_of_clcd_putch:
 10104                           	callstack 0
 10105                           
 10106 ;; *************** function _clear_log *****************
 10107 ;; Defined at:
 10108 ;;		line 258 in file "black_box.c"
 10109 ;; Parameters:    Size  Location     Type
 10110 ;;		None
 10111 ;; Auto vars:     Size  Location     Type
 10112 ;;  delay1          4    9[COMRAM] unsigned long 
 10113 ;;  delay           4    5[COMRAM] unsigned long 
 10114 ;; Return value:  Size  Location     Type
 10115 ;;                  1    wreg      void 
 10116 ;; Registers used:
 10117 ;;		wreg, fsr0l, fsr0h, status,2, status,0, tblptrl, tblptrh, tblptru, cstack
 10118 ;; Tracked objects:
 10119 ;;		On entry : 0/0
 10120 ;;		On exit  : 0/0
 10121 ;;		Unchanged: 0/0
 10122 ;; Data sizes:     COMRAM   BANK0   BANK1   BANK2   BANK3   BANK4   BANK5
 10123 ;;      Params:         0       0       0       0       0       0       0
 10124 ;;      Locals:         8       0       0       0       0       0       0
 10125 ;;      Temps:          0       0       0       0       0       0       0
 10126 ;;      Totals:         8       0       0       0       0       0       0
 10127 ;;Total ram usage:        8 bytes
 10128 ;; Hardware stack levels used: 1
 10129 ;; Hardware stack levels required when called: 2
 10130 ;; This function calls:
 10131 ;;		_clcd_print
 10132 ;; This function is called by:
 10133 ;;		_main
 10134 ;; This function uses a non-reentrant model
 10135 ;;
 10136                           
 10137                           	psect	text40
 10138   001662                     __ptext40:
 10139                           	callstack 0
 10140   001662                     _clear_log:
 10141                           	callstack 28
 10142   001662                     
 10143                           ;black_box.c: 260:     count = 0;
 10144   001662  6A54               	clrf	_count^0,c
 10145   001664                     
 10146                           ;black_box.c: 261:     clcd_print("   CLEAR LOG   ", (0x80 + (0)));
 10147   001664  0EE6               	movlw	low STR_13
 10148   001666  6E03               	movwf	clcd_print@data^0,c
 10149   001668  0E2F               	movlw	high STR_13
 10150   00166A  6E04               	movwf	(clcd_print@data+1)^0,c
 10151   00166C  0E80               	movlw	128
 10152   00166E  6E05               	movwf	clcd_print@addr^0,c
 10153   001670  EC0E  F00A         	call	_clcd_print	;wreg free
 10154                           
 10155                           ;black_box.c: 262:     clcd_print("  SUCCESSFULLY  ", (0xC0 + (0)));
 10156   001674  0EA2               	movlw	low STR_12
 10157   001676  6E03               	movwf	clcd_print@data^0,c
 10158   001678  0E2F               	movlw	high STR_12
 10159   00167A  6E04               	movwf	(clcd_print@data+1)^0,c
 10160   00167C  0EC0               	movlw	192
 10161   00167E  6E05               	movwf	clcd_print@addr^0,c
 10162   001680  EC0E  F00A         	call	_clcd_print	;wreg free
 10163   001684                     
 10164                           ;black_box.c: 263:     for (unsigned long int delay = 500; delay--;)
 10165   001684  0EF4               	movlw	244
 10166   001686  6E06               	movwf	clear_log@delay^0,c
 10167   001688  0E01               	movlw	1
 10168   00168A  6E07               	movwf	(clear_log@delay+1)^0,c
 10169   00168C  0E00               	movlw	0
 10170   00168E  6E08               	movwf	(clear_log@delay+2)^0,c
 10171   001690  0E00               	movlw	0
 10172   001692  6E09               	movwf	(clear_log@delay+3)^0,c
 10173   001694  EF67  F00B         	goto	l3388
 10174   001698                     l3384:
 10175                           
 10176                           ;black_box.c: 264:         for (unsigned long int delay1 = 1000; delay1--;);
 10177   001698  0EE8               	movlw	232
 10178   00169A  6E0A               	movwf	clear_log@delay1^0,c
 10179   00169C  0E03               	movlw	3
 10180   00169E  6E0B               	movwf	(clear_log@delay1+1)^0,c
 10181   0016A0  0E00               	movlw	0
 10182   0016A2  6E0C               	movwf	(clear_log@delay1+2)^0,c
 10183   0016A4  0E00               	movlw	0
 10184   0016A6  6E0D               	movwf	(clear_log@delay1+3)^0,c
 10185   0016A8                     l3386:
 10186   0016A8  060A               	decf	clear_log@delay1^0,f,c
 10187   0016AA  0E00               	movlw	0
 10188   0016AC  5A0B               	subwfb	(clear_log@delay1+1)^0,f,c
 10189   0016AE  5A0C               	subwfb	(clear_log@delay1+2)^0,f,c
 10190   0016B0  5A0D               	subwfb	(clear_log@delay1+3)^0,f,c
 10191   0016B2  280A               	incf	clear_log@delay1^0,w,c
 10192   0016B4  E10A               	bnz	u3021
 10193   0016B6  280B               	incf	(clear_log@delay1+1)^0,w,c
 10194   0016B8  E108               	bnz	u3021
 10195   0016BA  280C               	incf	(clear_log@delay1+2)^0,w,c
 10196   0016BC  E106               	bnz	u3021
 10197   0016BE  280D               	incf	(clear_log@delay1+3)^0,w,c
 10198   0016C0  A4D8               	btfss	status,2,c
 10199   0016C2  EF65  F00B         	goto	u3021
 10200   0016C6  EF67  F00B         	goto	u3020
 10201   0016CA                     u3021:
 10202   0016CA  EF54  F00B         	goto	l3386
 10203   0016CE                     u3020:
 10204   0016CE                     l3388:
 10205   0016CE  0606               	decf	clear_log@delay^0,f,c
 10206   0016D0  0E00               	movlw	0
 10207   0016D2  5A07               	subwfb	(clear_log@delay+1)^0,f,c
 10208   0016D4  5A08               	subwfb	(clear_log@delay+2)^0,f,c
 10209   0016D6  5A09               	subwfb	(clear_log@delay+3)^0,f,c
 10210   0016D8  2806               	incf	clear_log@delay^0,w,c
 10211   0016DA  E10A               	bnz	u3031
 10212   0016DC  2807               	incf	(clear_log@delay+1)^0,w,c
 10213   0016DE  E108               	bnz	u3031
 10214   0016E0  2808               	incf	(clear_log@delay+2)^0,w,c
 10215   0016E2  E106               	bnz	u3031
 10216   0016E4  2809               	incf	(clear_log@delay+3)^0,w,c
 10217   0016E6  A4D8               	btfss	status,2,c
 10218   0016E8  EF78  F00B         	goto	u3031
 10219   0016EC  EF7A  F00B         	goto	u3030
 10220   0016F0                     u3031:
 10221   0016F0  EF4C  F00B         	goto	l3384
 10222   0016F4                     u3030:
 10223   0016F4                     
 10224                           ;black_box.c: 265:     state = e_main_menu;
 10225   0016F4  0E01               	movlw	1
 10226   0016F6  0101               	movlb	1	; () banked
 10227   0016F8  6FC0               	movwf	_state& (0+255),b
 10228   0016FA                     
 10229                           ; BSR set to: 1
 10230   0016FA  0012               	return		;funcret
 10231   0016FC                     __end_of_clear_log:
 10232                           	callstack 0
 10233                           
 10234 ;; *************** function _clcd_print *****************
 10235 ;; Defined at:
 10236 ;;		line 63 in file "clcd.c"
 10237 ;; Parameters:    Size  Location     Type
 10238 ;;  data            2    2[COMRAM] PTR const unsigned char 
 10239 ;;		 -> STR_17(9), STR_16(9), STR_15(9), STR_14(17), 
 10240 ;;		 -> STR_13(16), STR_12(17), STR_11(17), STR_7(17), 
 10241 ;;		 -> STR_6(17), STR_4(17), STR_3(17), view_log@view(170), 
 10242 ;;		 -> STR_2(17), menu(80), gear(27), time(9), 
 10243 ;;		 -> STR_1(17), 
 10244 ;;  addr            1    4[COMRAM] unsigned char 
 10245 ;; Auto vars:     Size  Location     Type
 10246 ;;		None
 10247 ;; Return value:  Size  Location     Type
 10248 ;;                  1    wreg      void 
 10249 ;; Registers used:
 10250 ;;		wreg, fsr0l, fsr0h, status,2, status,0, tblptrl, tblptrh, tblptru, cstack
 10251 ;; Tracked objects:
 10252 ;;		On entry : 0/0
 10253 ;;		On exit  : 0/0
 10254 ;;		Unchanged: 0/0
 10255 ;; Data sizes:     COMRAM   BANK0   BANK1   BANK2   BANK3   BANK4   BANK5
 10256 ;;      Params:         3       0       0       0       0       0       0
 10257 ;;      Locals:         0       0       0       0       0       0       0
 10258 ;;      Temps:          0       0       0       0       0       0       0
 10259 ;;      Totals:         3       0       0       0       0       0       0
 10260 ;;Total ram usage:        3 bytes
 10261 ;; Hardware stack levels used: 1
 10262 ;; Hardware stack levels required when called: 1
 10263 ;; This function calls:
 10264 ;;		_clcd_write
 10265 ;; This function is called by:
 10266 ;;		_view_dashboard
 10267 ;;		_display_main_menu
 10268 ;;		_view_log
 10269 ;;		_download_log
 10270 ;;		_clear_log
 10271 ;;		_set_time
 10272 ;; This function uses a non-reentrant model
 10273 ;;
 10274                           
 10275                           	psect	text41
 10276   00141C                     __ptext41:
 10277                           	callstack 0
 10278   00141C                     _clcd_print:
 10279                           	callstack 28
 10280   00141C                     
 10281                           ;clcd.c: 64:     clcd_write(addr, 0);
 10282   00141C  0E00               	movlw	0
 10283   00141E  6E01               	movwf	clcd_write@control_bit^0,c
 10284   001420  5005               	movf	clcd_print@addr^0,w,c
 10285   001422  EC19  F009         	call	_clcd_write
 10286                           
 10287                           ;clcd.c: 65:     while (*data != '\0')
 10288   001426  EF2B  F00A         	goto	l2684
 10289   00142A                     l2680:
 10290                           
 10291                           ;clcd.c: 66:     {;clcd.c: 67:         clcd_write(*data++, 1);
 10292   00142A  0E01               	movlw	1
 10293   00142C  6E01               	movwf	clcd_write@control_bit^0,c
 10294   00142E  C003  FFF6         	movff	clcd_print@data,tblptrl
 10295   001432  C004  FFF7         	movff	clcd_print@data+1,tblptrh
 10296   001436  6AF8               	clrf	tblptru,c
 10297   001438  0E05               	movlw	(high __ramtop+-1)
 10298   00143A  64F7               	cpfsgt	tblptrh,c
 10299   00143C  D003               	bra	u1977
 10300   00143E  0008               	tblrd		*
 10301   001440  50F5               	movf	tablat,w,c
 10302   001442  D005               	bra	u1970
 10303   001444                     u1977:
 10304   001444  CFF6 FFE9          	movff	tblptrl,fsr0l
 10305   001448  CFF7 FFEA          	movff	tblptrh,fsr0h
 10306   00144C  50EF               	movf	indf0,w,c
 10307   00144E                     u1970:
 10308   00144E  EC19  F009         	call	_clcd_write
 10309   001452  4A03               	infsnz	clcd_print@data^0,f,c
 10310   001454  2A04               	incf	(clcd_print@data+1)^0,f,c
 10311   001456                     l2684:
 10312                           
 10313                           ;clcd.c: 65:     while (*data != '\0')
 10314   001456  C003  FFF6         	movff	clcd_print@data,tblptrl
 10315   00145A  C004  FFF7         	movff	clcd_print@data+1,tblptrh
 10316   00145E  6AF8               	clrf	tblptru,c
 10317   001460  0E05               	movlw	(high __ramtop+-1)
 10318   001462  64F7               	cpfsgt	tblptrh,c
 10319   001464  D003               	bra	u1987
 10320   001466  0008               	tblrd		*
 10321   001468  50F5               	movf	tablat,w,c
 10322   00146A  D005               	bra	u1980
 10323   00146C                     u1987:
 10324   00146C  CFF6 FFE9          	movff	tblptrl,fsr0l
 10325   001470  CFF7 FFEA          	movff	tblptrh,fsr0h
 10326   001474  50EF               	movf	indf0,w,c
 10327   001476                     u1980:
 10328   001476  0900               	iorlw	0
 10329   001478  A4D8               	btfss	status,2,c
 10330   00147A  EF41  F00A         	goto	u1991
 10331   00147E  EF43  F00A         	goto	u1990
 10332   001482                     u1991:
 10333   001482  EF15  F00A         	goto	l2680
 10334   001486                     u1990:
 10335   001486  0012               	return		;funcret
 10336   001488                     __end_of_clcd_print:
 10337                           	callstack 0
 10338                           
 10339 ;; *************** function _clcd_write *****************
 10340 ;; Defined at:
 10341 ;;		line 12 in file "clcd.c"
 10342 ;; Parameters:    Size  Location     Type
 10343 ;;  byte            1    wreg     unsigned char 
 10344 ;;  control_bit     1    0[COMRAM] unsigned char 
 10345 ;; Auto vars:     Size  Location     Type
 10346 ;;  byte            1    1[COMRAM] unsigned char 
 10347 ;; Return value:  Size  Location     Type
 10348 ;;                  1    wreg      void 
 10349 ;; Registers used:
 10350 ;;		wreg
 10351 ;; Tracked objects:
 10352 ;;		On entry : 0/0
 10353 ;;		On exit  : 0/0
 10354 ;;		Unchanged: 0/0
 10355 ;; Data sizes:     COMRAM   BANK0   BANK1   BANK2   BANK3   BANK4   BANK5
 10356 ;;      Params:         1       0       0       0       0       0       0
 10357 ;;      Locals:         1       0       0       0       0       0       0
 10358 ;;      Temps:          0       0       0       0       0       0       0
 10359 ;;      Totals:         2       0       0       0       0       0       0
 10360 ;;Total ram usage:        2 bytes
 10361 ;; Hardware stack levels used: 1
 10362 ;; This function calls:
 10363 ;;		Nothing
 10364 ;; This function is called by:
 10365 ;;		_display_main_menu
 10366 ;;		_view_log
 10367 ;;		_download_log
 10368 ;;		_init_clcd
 10369 ;;		_clcd_print
 10370 ;;		_clcd_putch
 10371 ;; This function uses a non-reentrant model
 10372 ;;
 10373                           
 10374                           	psect	text42
 10375   001232                     __ptext42:
 10376                           	callstack 0
 10377   001232                     _clcd_write:
 10378                           	callstack 29
 10379                           
 10380                           ;incstack = 0
 10381                           ;clcd_write@byte stored from wreg
 10382   001232  6E02               	movwf	clcd_write@byte^0,c
 10383   001234                     
 10384                           ;clcd.c: 13:     RC1 = control_bit;
 10385   001234  B001               	btfsc	clcd_write@control_bit^0,0,c
 10386   001236  EF1F  F009         	goto	u1631
 10387   00123A  EF22  F009         	goto	u1630
 10388   00123E                     u1631:
 10389   00123E  8282               	bsf	3970,1,c	;volatile
 10390   001240  EF23  F009         	goto	u1645
 10391   001244                     u1630:
 10392   001244  9282               	bcf	3970,1,c	;volatile
 10393   001246                     u1645:
 10394   001246                     
 10395                           ;clcd.c: 14:     PORTD = byte;
 10396   001246  C002  FF83         	movff	clcd_write@byte,3971	;volatile
 10397   00124A                     
 10398                           ;clcd.c: 17:     RC2 = 1;
 10399   00124A  8482               	bsf	3970,2,c	;volatile
 10400   00124C                     
 10401                           ;clcd.c: 18:     RC2 = 0;
 10402   00124C  9482               	bcf	3970,2,c	;volatile
 10403   00124E                     
 10404                           ;clcd.c: 20:     TRISD7 = 0xFF;
 10405   00124E  8E95               	bsf	3989,7,c	;volatile
 10406   001250                     
 10407                           ;clcd.c: 21:     RC0 = 1;
 10408   001250  8082               	bsf	3970,0,c	;volatile
 10409   001252                     
 10410                           ;clcd.c: 22:     RC1 = 0;
 10411   001252  9282               	bcf	3970,1,c	;volatile
 10412   001254                     l2434:
 10413                           
 10414                           ;clcd.c: 25:         RC2 = 1;
 10415   001254  8482               	bsf	3970,2,c	;volatile
 10416   001256                     
 10417                           ;clcd.c: 26:         RC2 = 0;
 10418   001256  9482               	bcf	3970,2,c	;volatile
 10419   001258                     
 10420                           ;clcd.c: 27:     } while (RD7);
 10421   001258  BE83               	btfsc	3971,7,c	;volatile
 10422   00125A  EF31  F009         	goto	u1651
 10423   00125E  EF33  F009         	goto	u1650
 10424   001262                     u1651:
 10425   001262  EF2A  F009         	goto	l2434
 10426   001266                     u1650:
 10427   001266                     
 10428                           ;clcd.c: 29:     RC0 = 0;
 10429   001266  9082               	bcf	3970,0,c	;volatile
 10430                           
 10431                           ;clcd.c: 30:     TRISD7 = 0x00;
 10432   001268  9E95               	bcf	3989,7,c	;volatile
 10433   00126A  0012               	return		;funcret
 10434   00126C                     __end_of_clcd_write:
 10435                           	callstack 0
 10436                           
 10437                           	psect	rparam
 10438   000001                     ___rparam_used  equ	1
 10439   000000                     ___param_bank   equ	0
 10440   000000                     __Lparam        equ	__Lrparam
 10441   000000                     __Hparam        equ	__Hrparam
 10442                           
 10443                           	psect	idloc
 10444                           
 10445                           ;Config register IDLOC0 @ 0x200000
 10446                           ;	unspecified, using default values
 10447   200000                     	org	2097152
 10448   200000  FF                 	db	255
 10449                           
 10450                           ;Config register IDLOC1 @ 0x200001
 10451                           ;	unspecified, using default values
 10452   200001                     	org	2097153
 10453   200001  FF                 	db	255
 10454                           
 10455                           ;Config register IDLOC2 @ 0x200002
 10456                           ;	unspecified, using default values
 10457   200002                     	org	2097154
 10458   200002  FF                 	db	255
 10459                           
 10460                           ;Config register IDLOC3 @ 0x200003
 10461                           ;	unspecified, using default values
 10462   200003                     	org	2097155
 10463   200003  FF                 	db	255
 10464                           
 10465                           ;Config register IDLOC4 @ 0x200004
 10466                           ;	unspecified, using default values
 10467   200004                     	org	2097156
 10468   200004  FF                 	db	255
 10469                           
 10470                           ;Config register IDLOC5 @ 0x200005
 10471                           ;	unspecified, using default values
 10472   200005                     	org	2097157
 10473   200005  FF                 	db	255
 10474                           
 10475                           ;Config register IDLOC6 @ 0x200006
 10476                           ;	unspecified, using default values
 10477   200006                     	org	2097158
 10478   200006  FF                 	db	255
 10479                           
 10480                           ;Config register IDLOC7 @ 0x200007
 10481                           ;	unspecified, using default values
 10482   200007                     	org	2097159
 10483   200007  FF                 	db	255
 10484                           
 10485                           	psect	config
 10486                           
 10487                           ; Padding undefined space
 10488   300000                     	org	3145728
 10489   300000  FF                 	db	255
 10490                           
 10491                           ;Config register CONFIG1H @ 0x300001
 10492                           ;	unspecified, using default values
 10493                           ;	Oscillator Selection bits
 10494                           ;	OSC = 0x7, unprogrammed default
 10495                           ;	Fail-Safe Clock Monitor Enable bit
 10496                           ;	FCMEN = 0x0, unprogrammed default
 10497                           ;	Internal/External Oscillator Switchover bit
 10498                           ;	IESO = 0x0, unprogrammed default
 10499   300001                     	org	3145729
 10500   300001  07                 	db	7
 10501                           
 10502                           ;Config register CONFIG2L @ 0x300002
 10503                           ;	unspecified, using default values
 10504                           ;	Power-up Timer Enable bit
 10505                           ;	PWRT = 0x1, unprogrammed default
 10506                           ;	Brown-out Reset Enable bits
 10507                           ;	BOREN = 0x3, unprogrammed default
 10508                           ;	Brown-out Reset Voltage bits
 10509                           ;	BORV = 0x3, unprogrammed default
 10510   300002                     	org	3145730
 10511   300002  1F                 	db	31
 10512                           
 10513                           ;Config register CONFIG2H @ 0x300003
 10514                           ;	unspecified, using default values
 10515                           ;	Watchdog Timer Enable bit
 10516                           ;	WDT = 0x1, unprogrammed default
 10517                           ;	Watchdog Timer Postscale Select bits
 10518                           ;	WDTPS = 0xF, unprogrammed default
 10519   300003                     	org	3145731
 10520   300003  1F                 	db	31
 10521                           
 10522                           ; Padding undefined space
 10523   300004                     	org	3145732
 10524   300004  FF                 	db	255
 10525                           
 10526                           ;Config register CONFIG3H @ 0x300005
 10527                           ;	unspecified, using default values
 10528                           ;	PORTB A/D Enable bit
 10529                           ;	PBADEN = 0x1, unprogrammed default
 10530                           ;	Low-Power Timer 1 Oscillator Enable bit
 10531                           ;	LPT1OSC = 0x0, unprogrammed default
 10532                           ;	MCLR Pin Enable bit
 10533                           ;	MCLRE = 0x1, unprogrammed default
 10534   300005                     	org	3145733
 10535   300005  82                 	db	130
 10536                           
 10537                           ;Config register CONFIG4L @ 0x300006
 10538                           ;	unspecified, using default values
 10539                           ;	Stack Full/Underflow Reset Enable bit
 10540                           ;	STVREN = 0x1, unprogrammed default
 10541                           ;	Single-Supply ICSP Enable bit
 10542                           ;	LVP = 0x1, unprogrammed default
 10543                           ;	Boot Block Size Select bit
 10544                           ;	BBSIZ = 0x0, unprogrammed default
 10545                           ;	Extended Instruction Set Enable bit
 10546                           ;	XINST = 0x0, unprogrammed default
 10547                           ;	Background Debugger Enable bit
 10548                           ;	DEBUG = 0x1, unprogrammed default
 10549   300006                     	org	3145734
 10550   300006  85                 	db	133
 10551                           
 10552                           ; Padding undefined space
 10553   300007                     	org	3145735
 10554   300007  FF                 	db	255
 10555                           
 10556                           ;Config register CONFIG5L @ 0x300008
 10557                           ;	unspecified, using default values
 10558                           ;	Code Protection bit
 10559                           ;	CP0 = 0x1, unprogrammed default
 10560                           ;	Code Protection bit
 10561                           ;	CP1 = 0x1, unprogrammed default
 10562                           ;	Code Protection bit
 10563                           ;	CP2 = 0x1, unprogrammed default
 10564                           ;	Code Protection bit
 10565                           ;	CP3 = 0x1, unprogrammed default
 10566   300008                     	org	3145736
 10567   300008  0F                 	db	15
 10568                           
 10569                           ;Config register CONFIG5H @ 0x300009
 10570                           ;	unspecified, using default values
 10571                           ;	Boot Block Code Protection bit
 10572                           ;	CPB = 0x1, unprogrammed default
 10573                           ;	Data EEPROM Code Protection bit
 10574                           ;	CPD = 0x1, unprogrammed default
 10575   300009                     	org	3145737
 10576   300009  C0                 	db	192
 10577                           
 10578                           ;Config register CONFIG6L @ 0x30000A
 10579                           ;	unspecified, using default values
 10580                           ;	Write Protection bit
 10581                           ;	WRT0 = 0x1, unprogrammed default
 10582                           ;	Write Protection bit
 10583                           ;	WRT1 = 0x1, unprogrammed default
 10584                           ;	Write Protection bit
 10585                           ;	WRT2 = 0x1, unprogrammed default
 10586                           ;	Write Protection bit
 10587                           ;	WRT3 = 0x1, unprogrammed default
 10588   30000A                     	org	3145738
 10589   30000A  0F                 	db	15
 10590                           
 10591                           ;Config register CONFIG6H @ 0x30000B
 10592                           ;	unspecified, using default values
 10593                           ;	Configuration Register Write Protection bit
 10594                           ;	WRTC = 0x1, unprogrammed default
 10595                           ;	Boot Block Write Protection bit
 10596                           ;	WRTB = 0x1, unprogrammed default
 10597                           ;	Data EEPROM Write Protection bit
 10598                           ;	WRTD = 0x1, unprogrammed default
 10599   30000B                     	org	3145739
 10600   30000B  E0                 	db	224
 10601                           
 10602                           ;Config register CONFIG7L @ 0x30000C
 10603                           ;	unspecified, using default values
 10604                           ;	Table Read Protection bit
 10605                           ;	EBTR0 = 0x1, unprogrammed default
 10606                           ;	Table Read Protection bit
 10607                           ;	EBTR1 = 0x1, unprogrammed default
 10608                           ;	Table Read Protection bit
 10609                           ;	EBTR2 = 0x1, unprogrammed default
 10610                           ;	Table Read Protection bit
 10611                           ;	EBTR3 = 0x1, unprogrammed default
 10612   30000C                     	org	3145740
 10613   30000C  0F                 	db	15
 10614                           
 10615                           ;Config register CONFIG7H @ 0x30000D
 10616                           ;	unspecified, using default values
 10617                           ;	Boot Block Table Read Protection bit
 10618                           ;	EBTRB = 0x1, unprogrammed default
 10619   30000D                     	org	3145741
 10620   30000D  40                 	db	64
 10621                           tosu	equ	0xFFF
 10622                           tosh	equ	0xFFE
 10623                           tosl	equ	0xFFD
 10624                           stkptr	equ	0xFFC
 10625                           pclatu	equ	0xFFB
 10626                           pclath	equ	0xFFA
 10627                           pcl	equ	0xFF9
 10628                           tblptru	equ	0xFF8
 10629                           tblptrh	equ	0xFF7
 10630                           tblptrl	equ	0xFF6
 10631                           tablat	equ	0xFF5
 10632                           prodh	equ	0xFF4
 10633                           prodl	equ	0xFF3
 10634                           indf0	equ	0xFEF
 10635                           postinc0	equ	0xFEE
 10636                           postdec0	equ	0xFED
 10637                           preinc0	equ	0xFEC
 10638                           plusw0	equ	0xFEB
 10639                           fsr0h	equ	0xFEA
 10640                           fsr0l	equ	0xFE9
 10641                           wreg	equ	0xFE8
 10642                           indf1	equ	0xFE7
 10643                           postinc1	equ	0xFE6
 10644                           postdec1	equ	0xFE5
 10645                           preinc1	equ	0xFE4
 10646                           plusw1	equ	0xFE3
 10647                           fsr1h	equ	0xFE2
 10648                           fsr1l	equ	0xFE1
 10649                           bsr	equ	0xFE0
 10650                           indf2	equ	0xFDF
 10651                           postinc2	equ	0xFDE
 10652                           postdec2	equ	0xFDD
 10653                           preinc2	equ	0xFDC
 10654                           plusw2	equ	0xFDB
 10655                           fsr2h	equ	0xFDA
 10656                           fsr2l	equ	0xFD9
 10657                           status	equ	0xFD8

Data Sizes:
    Strings     146
    Constant    0
    Data        110
    BSS         209
    Persistent  0
    Stack       0

Auto Spaces:
    Space          Size  Autos    Used
    COMRAM           95     59      89
    BANK0           160      0     116
    BANK1           256    190     193
    BANK2           256      0     170
    BANK3           256      0       0
    BANK4           256      0       0
    BANK5           256      0       0

Pointer List with Targets:

    clcd_print@data	PTR const unsigned char  size(2) Largest target is 170
		 -> gear(BANK0[27]), menu(BANK0[80]), STR_1(CODE[17]), STR_11(CODE[17]), 
		 -> STR_12(CODE[17]), STR_13(CODE[16]), STR_14(CODE[17]), STR_15(CODE[9]), 
		 -> STR_16(CODE[9]), STR_17(CODE[9]), STR_2(CODE[17]), STR_3(CODE[17]), 
		 -> STR_4(CODE[17]), STR_6(CODE[17]), STR_7(CODE[17]), time(BANK0[9]), 
		 -> view_log@view(BANK2[170]), 

    puts@s	PTR const unsigned char  size(2) Largest target is 170
		 -> download_log@download_view(BANK1[170]), STR_10(CODE[3]), STR_5(CODE[19]), STR_8(CODE[17]), 
		 -> STR_9(CODE[3]), 


Critical Paths under _main in COMRAM

    _main->_view_dashboard
    _view_log->_clcd_print
    _view_dashboard->___fltol
    _get_time->_read_ds1307
    _event_store->___awdiv
    _write_external_eeprom->_read_external_eeprom
    ___xxtofl->_read_adc
    ___fltol->___fldiv
    ___fldiv->___xxtofl
    _set_time->_clcd_putch
    _init_ds1307->_write_ds1307
    _write_ds1307->___lwdiv
    _read_ds1307->_i2c_write
    _init_clcd->_clcd_write
    _download_log->_clcd_print
    _read_external_eeprom->_i2c_write
    _puts->_putch
    _display_main_menu->_clcd_putch
    _clcd_putch->___awdiv
    _clear_log->_clcd_print
    _clcd_print->_clcd_write

Critical Paths under _main in BANK0

    None.

Critical Paths under _main in BANK1

    _main->_download_log

Critical Paths under _main in BANK2

    None.

Critical Paths under _main in BANK3

    None.

Critical Paths under _main in BANK4

    None.

Critical Paths under _main in BANK5

    None.

Call Graph Tables:

 ---------------------------------------------------------------------------------
 (Depth) Function   	        Calls       Base Space   Used Autos Params    Refs
 ---------------------------------------------------------------------------------
 (0) _main                                                 2     2      0    7875
                                             57 COMRAM     2     2      0
                          _clear_log
                  _display_main_menu
                       _download_log
                           _init_adc
                          _init_clcd
                        _init_config
                        _init_ds1307
                           _init_i2c
                 _init_matrix_keypad
                          _init_uart
                 _read_matrix_keypad
                           _set_time
                     _view_dashboard
                           _view_log
 ---------------------------------------------------------------------------------
 (1) _view_log                                            12    12      0     787
                                              5 COMRAM    12    12      0
                         _clcd_print
                         _clcd_write
               _read_external_eeprom
 ---------------------------------------------------------------------------------
 (1) _view_dashboard                                       2     2      0    4152
                                             55 COMRAM     2     2      0
                            ___awdiv
                            ___awmod
                            ___fldiv
                            ___fltol
                           ___xxtofl
                         _clcd_print
                         _clcd_putch
                        _event_store
                           _get_time
                           _read_adc
                 _read_matrix_keypad
 ---------------------------------------------------------------------------------
 (2) _read_matrix_keypad                                   2     2      0     147
                                              0 COMRAM     2     2      0
                           _scan_key
 ---------------------------------------------------------------------------------
 (3) _scan_key                                             0     0      0       0
 ---------------------------------------------------------------------------------
 (2) _read_adc                                             6     4      2       0
                                              0 COMRAM     6     4      2
 ---------------------------------------------------------------------------------
 (2) _get_time                                             0     0      0      81
                        _read_ds1307
 ---------------------------------------------------------------------------------
 (2) _event_store                                         14    14      0    1235
                                              8 COMRAM    14    14      0
                            ___awdiv
                            ___awmod
               _read_external_eeprom
              _write_external_eeprom
 ---------------------------------------------------------------------------------
 (3) _write_external_eeprom                                4     3      1     128
                                              3 COMRAM     4     3      1
                          _i2c_start
                           _i2c_stop
                          _i2c_write
               _read_external_eeprom (ARG)
 ---------------------------------------------------------------------------------
 (3) ___awmod                                              6     2      4     300
                                              0 COMRAM     6     2      4
 ---------------------------------------------------------------------------------
 (3) ___awdiv                                              8     4      4     304
                                              0 COMRAM     8     4      4
 ---------------------------------------------------------------------------------
 (2) ___xxtofl                                            14    10      4     337
                                              6 COMRAM    14    10      4
                           _read_adc (ARG)
 ---------------------------------------------------------------------------------
 (2) ___fltol                                             10     6      4     230
                                             45 COMRAM    10     6      4
                            ___fldiv (ARG)
                           ___xxtofl (ARG)
                           _read_adc (ARG)
 ---------------------------------------------------------------------------------
 (2) ___fldiv                                             25    17      8    1123
                                             20 COMRAM    25    17      8
                           ___xxtofl (ARG)
                           _read_adc (ARG)
 ---------------------------------------------------------------------------------
 (1) _set_time                                             7     7      0     819
                                             10 COMRAM     7     7      0
                            ___lwdiv
                            ___lwmod
                         _clcd_print
                         _clcd_putch
                        _read_ds1307
                       _write_ds1307
 ---------------------------------------------------------------------------------
 (2) ___lwmod                                              5     1      4     171
                                              0 COMRAM     5     1      4
 ---------------------------------------------------------------------------------
 (2) ___lwdiv                                              7     3      4     174
                                              0 COMRAM     7     3      4
 ---------------------------------------------------------------------------------
 (1) _init_uart                                            0     0      0       0
 ---------------------------------------------------------------------------------
 (1) _init_matrix_keypad                                   0     0      0       0
 ---------------------------------------------------------------------------------
 (1) _init_i2c                                             0     0      0       0
 ---------------------------------------------------------------------------------
 (1) _init_ds1307                                          1     1      0     215
                                              9 COMRAM     1     1      0
                        _read_ds1307
                       _write_ds1307
 ---------------------------------------------------------------------------------
 (2) _write_ds1307                                         2     1      1      87
                                              7 COMRAM     2     1      1
                            ___lwdiv (ARG)
                            ___lwmod (ARG)
                          _i2c_start
                           _i2c_stop
                          _i2c_write
 ---------------------------------------------------------------------------------
 (3) _read_ds1307                                          2     2      0      81
                                              1 COMRAM     2     2      0
                           _i2c_read
                      _i2c_rep_start
                          _i2c_start
                           _i2c_stop
                          _i2c_write
 ---------------------------------------------------------------------------------
 (1) _init_config                                          0     0      0       0
 ---------------------------------------------------------------------------------
 (1) _init_clcd                                            1     1      0      66
                                              2 COMRAM     1     1      0
                         _clcd_write
 ---------------------------------------------------------------------------------
 (1) _init_adc                                             0     0      0       0
 ---------------------------------------------------------------------------------
 (1) _download_log                                       192   192      0    1102
                                              5 COMRAM     2     2      0
                                              0 BANK1    190   190      0
                         _clcd_print
                         _clcd_write
                               _puts
               _read_external_eeprom
 ---------------------------------------------------------------------------------
 (2) _read_external_eeprom                                 2     2      0      81
                                              1 COMRAM     2     2      0
                           _i2c_read
                      _i2c_rep_start
                          _i2c_start
                           _i2c_stop
                          _i2c_write
 ---------------------------------------------------------------------------------
 (3) _i2c_write                                            1     1      0      29
                                              0 COMRAM     1     1      0
                           _i2c_idle
 ---------------------------------------------------------------------------------
 (3) _i2c_stop                                             0     0      0       0
                           _i2c_idle
 ---------------------------------------------------------------------------------
 (3) _i2c_start                                            0     0      0       0
                           _i2c_idle
 ---------------------------------------------------------------------------------
 (3) _i2c_rep_start                                        0     0      0       0
                           _i2c_idle
 ---------------------------------------------------------------------------------
 (3) _i2c_read                                             0     0      0       0
                         _i2c_no_ack
                        _i2c_rx_mode
 ---------------------------------------------------------------------------------
 (4) _i2c_rx_mode                                          0     0      0       0
                           _i2c_idle
 ---------------------------------------------------------------------------------
 (4) _i2c_idle                                             0     0      0       0
 ---------------------------------------------------------------------------------
 (4) _i2c_no_ack                                           0     0      0       0
 ---------------------------------------------------------------------------------
 (2) _puts                                                 2     0      2      79
                                              1 COMRAM     2     0      2
                              _putch
 ---------------------------------------------------------------------------------
 (3) _putch                                                1     1      0      29
                                              0 COMRAM     1     1      0
 ---------------------------------------------------------------------------------
 (1) _display_main_menu                                    1     1      0     372
                                             10 COMRAM     1     1      0
                         _clcd_print
                         _clcd_putch
                         _clcd_write
 ---------------------------------------------------------------------------------
 (2) _clcd_putch                                           2     1      1     137
                                              8 COMRAM     2     1      1
                            ___awdiv (ARG)
                            ___awmod (ARG)
                            ___lwdiv (ARG)
                            ___lwmod (ARG)
                         _clcd_write
 ---------------------------------------------------------------------------------
 (1) _clear_log                                            8     8      0     215
                                              5 COMRAM     8     8      0
                         _clcd_print
 ---------------------------------------------------------------------------------
 (2) _clcd_print                                           3     0      3     169
                                              2 COMRAM     3     0      3
                         _clcd_write
 ---------------------------------------------------------------------------------
 (2) _clcd_write                                           2     1      1      66
                                              0 COMRAM     2     1      1
 ---------------------------------------------------------------------------------
 Estimated maximum stack depth 4
 ---------------------------------------------------------------------------------

 Call Graph Graphs:

 _main (ROOT)
   _clear_log
     _clcd_print
       _clcd_write
   _display_main_menu
     _clcd_print
     _clcd_putch
       ___awdiv (ARG)
       ___awmod (ARG)
       ___lwdiv (ARG)
       ___lwmod (ARG)
       _clcd_write (ARG)
     _clcd_write
   _download_log
     _clcd_print
     _clcd_write
     _puts
       _putch
     _read_external_eeprom
       _i2c_read
         _i2c_no_ack
         _i2c_rx_mode
           _i2c_idle
       _i2c_rep_start
         _i2c_idle
       _i2c_start
         _i2c_idle
       _i2c_stop
         _i2c_idle
       _i2c_write
         _i2c_idle
   _init_adc
   _init_clcd
     _clcd_write
   _init_config
   _init_ds1307
     _read_ds1307
       _i2c_read
       _i2c_rep_start
       _i2c_start
       _i2c_stop
       _i2c_write
     _write_ds1307
       ___lwdiv (ARG)
       ___lwmod (ARG)
       _i2c_start (ARG)
       _i2c_stop (ARG)
       _i2c_write (ARG)
   _init_i2c
   _init_matrix_keypad
   _init_uart
   _read_matrix_keypad
     _scan_key
   _set_time
     ___lwdiv
     ___lwmod
     _clcd_print
     _clcd_putch
     _read_ds1307
     _write_ds1307
   _view_dashboard
     ___awdiv
     ___awmod
     ___fldiv
       ___xxtofl (ARG)
         _read_adc (ARG)
       _read_adc (ARG)
     ___fltol
       ___fldiv (ARG)
       ___xxtofl (ARG)
       _read_adc (ARG)
     ___xxtofl
     _clcd_print
     _clcd_putch
     _event_store
       ___awdiv
       ___awmod
       _read_external_eeprom
       _write_external_eeprom
         _i2c_start
         _i2c_stop
         _i2c_write
         _read_external_eeprom (ARG)
     _get_time
       _read_ds1307
     _read_adc
     _read_matrix_keypad
   _view_log
     _clcd_print
     _clcd_write
     _read_external_eeprom

Address spaces:
Name               Size   Autos  Total    Usage
BIGRAM            1535      0       0      0.0%
BITBIGSFRlll       641      0       0      0.0%
BITBANK5           256      0       0      0.0%
BANK5              256      0       0      0.0%
BITBANK4           256      0       0      0.0%
BANK4              256      0       0      0.0%
BITBANK3           256      0       0      0.0%
BANK3              256      0       0      0.0%
BITBANK2           256      0       0      0.0%
BANK2              256      0     170     66.4%
BITBANK1           256      0       0      0.0%
BANK1              256    190     193     75.4%
BITBANK0           160      0       0      0.0%
BANK0              160      0     116     72.5%
BITCOMRAM           95      0       0      0.0%
COMRAM              95     59      89     93.7%
BITBIGSFRh          82      0       0      0.0%
BITBIGSFRllh        28      0       0      0.0%
BITBIGSFRlh         14      0       0      0.0%
STACK                0      0       0      0.0%
DATA                 0      0     568      0.0%


Microchip Technology PIC18 Macro Assembler V2.50 build 20240725155939 
Symbol Table                                                                                   Fri Jan 17 08:48:40 2025

                 ___fldiv@aexp 002D                   ___fldiv@bexp 002C                   ___fldiv@sign 0025  
        _write_external_eeprom 126C                 clcd_print@addr 0005                 clcd_print@data 0003  
                           l31 10AC                             _GO 7E11                   ___awdiv@sign 0006  
           _init_matrix_keypad 10E6                            l110 1FAA                            l135 1E06  
                          l215 2736                            l143 1AB2                            l224 16FA  
                          l138 1A76                            l171 234C                            l180 2426  
                          l156 218A                            l254 2F6A                            l511 10F4  
                          l423 12A8                            l280 17A0                            l408 1660  
                          l513 1102                            l521 10C4                            l514 1104  
                          l530 10E4                            l426 11DC                            l186 2440  
                          l362 1230                            l370 1C10                            l371 1BE8  
                          l276 1266                            l524 10CC                            l356 11B2  
                          l508 111A                            l380 1C52                            l277 126A  
                          l533 10B4                            l365 10F2                            l461 118A  
                          l373 1BFC                            l286 1486                            l527 10BC  
                          l359 120A                            l383 1C80                            l464 1136  
                          l536 10A6                            l376 1C2A                            l368 1BD4  
                          l289 1132                            l473 134A                            l385 1C94  
                          l377 1C66                            l369 1CBE                            l466 1144  
                          l562 1206                            l378 1C3E                            l467 114A  
                          l539 10D8                            l387 1CA8                            l556 12EC  
                          l396 14F6                            l398 14F4                            l559 1168  
                          l809 18F6                            l862 1BB8                            _CKE 7E3E  
                          l796 19B8                            _RB1 7C09                            _RC0 7C10  
                          _RB2 7C0A                            _RC1 7C11                            _RB3 7C0B  
                          _RC2 7C12                            _RB4 7C0C                            _RB5 7C0D  
                          _RB6 7C0E                            _RB7 7C0F                            _RD7 7C1F  
                          _PEN 7E2A                            _SEN 7E28                            _RX9 7D5E  
                          _SMP 7E3F                            _TX9 7D66                            _ind 004F  
                          _key 0056                            _min 004D                            _sec 0049  
               clcd_putch@addr 0009                 clcd_putch@data 000A                   ___awmod@sign 0006  
                          prod 0FF3                            wreg 0FE8            ?_init_matrix_keypad 0001  
                 ___fltol@exp1 0037                ?_view_dashboard 0001                           l1220 2002  
                         l1063 156A                           l1223 215E                           l1056 1562  
                         l1160 29E6                           l1152 28EE                           l3000 2044  
                         l1073 13AE                           l1161 29D4                           l1066 13A6  
                         l1234 20F6                           l3010 20CC                           l3002 2050  
                         l1147 2AC6                           l1227 209A                           l3100 1118  
                         l3020 210A                           l3012 20D8                           l3004 2082  
                         l1149 292A                           l3110 12CE                           l3102 12AA  
                         l1158 2970                           l3022 212E                           l3014 20E6  
                         l3006 2084                           l1159 298E                           l3200 1DB0  
                         l2400 10C0                           l3040 16FC                           l3032 10A8  
                         l3112 12D8                           l3104 12B2                           l3024 213E  
                         l3016 2104                           l3008 2090                           l3120 1E3E  
                         l3210 1E02                           l3202 1DC8                           l2410 10B6  
                         l2402 10DC                           l3050 1720                           l3042 16FE  
                         l3114 12E0                           l3106 12BE                           l3034 10E6  
                         l3026 214C                           l3018 2106                           l3130 1E7A  
                         l3122 1E46                           l2420 1234                           l3204 1DDA  
                         l2412 10B8                           l2404 10E0                           l3300 2456  
                         l3060 1752                           l3052 1730                           l3044 1704  
                         l3108 12C4                           l3036 10EA                           l3028 214E  
                         l3132 1E90                           l3124 1E4A                           l3116 1E08  
                         l3220 218A                           l3212 2160                           l2430 1250  
                         l2422 1246                           l3206 1DE6                           l2414 10CE  
                         l2406 10C6                           l3310 247C                           l3070 1780  
                         l3062 175C                           l3054 173A                           l3046 1706  
                         l3038 10EC                           l2502 1BF6                           l3150 1EF8  
                         l3142 1EC6                           l3134 1E94                           l3126 1E5A  
                         l3118 1E26                           l3230 21B4                           l3222 21A0  
                         l3214 2162                           l2432 1252                           l2424 124A  
                         l3208 1DF8                           l2416 10D6                           l2408 10C8  
                         l2440 11B6                           l3320 24FA                           l3312 248E  
                         l3072 178E                           l3064 1764                           l3056 1742  
                         l3048 1716                           l3080 117E                           l3400 2B3A  
                         l2600 1992                           l2512 1C24                           l3160 1F92  
                         l3144 1EDC                           l3128 1E6E                           l3136 1E9C  
                         l3240 2220                           l3232 21C6                           l3216 2172  
                         l2434 1254                           l2426 124C                           l3170 1CFC  
                         l2450 11D6                           l2442 11BA                           l3330 2554  
                         l3322 251E                           l3314 24B2                           l3306 245A  
                         l3074 1798                           l3066 176E                           l3058 174C  
                         l3090 1106                           l3082 1182                           l3402 2B48  
                         l3410 2BE2                           l2602 1998                           l2610 184A  
                         l2530 1C60                           l3162 1FA4                           l3138 1EAE  
                         l3154 1F04                           l3250 227E                           l3242 2244  
                         l3234 21D8                           l3218 2184                           l2436 1256  
                         l2428 124E                           l3180 1D34                           l3172 1D0C  
                         l3164 1CC0                           l2444 11C0                           l3340 2592  
                         l3316 24C4                           l3324 2524                           l3308 246A  
                         l3332 2556                           l3076 118C                           l3068 1776  
                         l3092 110A                           l3084 1184                           l3420 2C8E  
                         l3412 2C04                           l3404 2B8A                           l2604 19A8  
                         l2620 1874                           l2612 184C                           l2460 127E  
                         l2700 1648                           l2540 1C8E                           l2524 1C4C  
                         l2508 1C0A                           l3156 1F56                           l3148 1EE6  
                         l3260 22C8                           l3252 229C                           l3244 2268  
                         l3236 21FC                           l3228 21A4                           l3500 17CA  
                         l2438 1258                           l3190 1D6E                           l3182 1D44  
                         l3174 1D1C                           l3166 1CD0                           l2390 10F4  
                         l2446 11C6                           l3350 2614                           l3342 25A2  
                         l3334 2568                           l3326 2526                           l3318 24D6  
                         l3094 1112                           l3086 1186                           l3078 116A  
                         l3430 2D3A                           l3414 2C44                           l3422 2CDC  
                         l3406 2B98                           l2606 19B0                           l2630 18AC  
                         l2622 187C                           l2614 185A                           l2470 1290  
                         l2462 1284                           l2454 126E                           l2710 1A0A  
                         l2702 165E                           l2534 1C7A                           l2518 1C38  
                         l3158 1F74                           l3270 231C                           l3262 22EA  
                         l3238 220E                           l3246 226C                           l3254 229E  
                         l3510 17F2                           l3502 17D2                           l3192 1D7E  
                         l3176 1D1E                           l3184 1D4A                           l3168 1CE8  
                         l2392 10AE                           l2448 11CA                           l3360 2670  
                         l3344 25B8                           l3336 2578                           l3352 2630  
                         l3328 2536                           l2480 11F0                           l3096 1114  
                         l3088 1188                           l3440 2E3E                           l3432 2D52  
                         l3424 2CFE                           l3416 2C4E                           l3408 2BDA  
                         l2800 27E8                           l2640 18E6                           l2632 18C2  
                         l2624 188E                           l2616 1862                           l2472 1296  
                         l2464 1288                           l2456 1272                           l2720 1A44  
                         l2712 1A22                           l2704 19BA                           l2552 1CB6  
                         l3280 2386                           l3272 232E                           l3264 22F2  
                         l3256 22B0                           l3248 226E                           l3504 17DA  
                         l3194 1D86                           l3186 1D5C                           l3178 1D2E  
                         l2562 1136                           l2394 10B0                           l3370 26CC  
                         l3362 268C                           l3354 263C                           l3346 25C8  
                         l3338 2582                           l2482 11F4                           l2474 11E0  
                         l3098 1116                           l3450 2E80                           l3442 2E44  
                         l3426 2D10                           l3434 2D6A                           l3418 2C6E  
                         l2810 2826                           l2802 27EA                           l2570 1908  
                         l2642 18EE                           l2634 18CA                           l2626 1896  
                         l2618 1866                           l2458 1278                           l2722 1A54  
                         l2714 1A34                           l2706 19D2                           l2546 1CA2  
                         l2490 1BCE                           l2650 14A0                           l3282 239A  
                         l3274 235C                           l3290 2400                           l3266 2304  
                         l3258 22B8                           l3506 17E2                           l3514 17FA  
                         l3380 1664                           l3196 1D96                           l3188 1D6C  
                         l2564 1146                           l2396 10A2                           l3372 26DC  
                         l3364 2696                           l3356 265E                           l3348 25EE  
                         l3292 2428                           l2484 1200                           l2476 11E4  
                         l3460 2EC4                           l3452 2E92                           l3444 2E50  
                         l3428 2D28                           l3436 2D72                           l2820 2856  
                         l2812 282E                           l2804 27F0                           l2580 192E  
                         l2572 1910                           l2636 18D0                           l2628 189E  
                         l2740 1AB0                           l2724 1A58                           l2708 19F2  
                         l2660 14C6                           l3284 23AA                           l3276 2366  
                         l3268 2316                           l3508 17EA                           l3390 16F4  
                         l3382 1684                           l3198 1D98                           l2750 12EE  
                         l2398 10BE                           l3374 2702                           l3366 26A6  
                         l3358 266A                           l3294 242C                           l2478 11EA  
                         l3470 2F0C                           l3462 2ED8                           l3454 2EA6  
                         l3446 2E62                           l3438 2D84                           l2830 2894  
                         l2822 2856                           l2814 2832                           l2806 2800  
                         l2910 1ADE                           l2590 1966                           l2582 1936  
                         l2574 1914                           l2566 18F8                           l2638 18D6  
                         l2734 1A7E                           l2726 1A5C                           l2742 1208  
                         l2558 1CBC                           l2662 14D6                           l2670 14DC  
                         l2646 148A                           l3286 23D0                           l3278 2376  
                         l2680 142A                           l3384 1698                           l2752 12F2  
                         l3368 26B6                           l3376 2728                           l3296 2438  
                         l2760 1152                           l3480 2F4A                           l3472 2F14  
                         l3464 2EE0                           l3456 2EAE                           l3448 2E70  
                         l3392 2AC8                           l2840 28DE                           l2832 28A4  
                         l2808 2816                           l2920 1B2C                           l2912 1B08  
                         l2904 1AB4                           l2592 196C                           l2584 1948  
                         l2576 1922                           l2568 18FA                           l2736 1A96  
                         l2728 1A72                           l2744 1218                           l2496 1BE2  
                         l2488 1BBA                           l2672 14EC                           l2656 14A6  
                         l2648 1490                           l3288 23F6                           l3552 1810  
                         l2682 1452                           l3386 16A8                           l3378 1662  
                         l2754 1316                           l3298 2440                           l2762 1158  
                         l3482 2F5A                           l3466 2EE4                           l3458 2EB2  
                         l3474 2F18                           l3394 2ADA                           l2850 2928  
                         l2842 28EC                           l2834 28B4                           l2826 286A  
                         l2818 2846                           l2770 2744                           l2930 1B58  
                         l2914 1B0A                           l2906 1ACA                           l2594 1982  
                         l2586 1950                           l2578 192A                           l2738 1A9A  
                         l2690 1606                           l2658 14B6                           l2674 14F4  
                         l3490 17AE                           l2684 1456                           l3388 16CE  
                         l2748 111E                           l2756 131A                           l2764 115E  
                         l3476 2F2A                           l3468 2EF8                           l3396 2AEA  
                         l2860 296E                           l2852 293A                           l2844 28F8  
                         l2836 28BA                           l2828 2884                           l2780 2784  
                         l2772 2752                           l2940 1B88                           l2916 1B1A  
                         l2596 198A                           l2588 1958                           l2692 161E  
                         l3492 17B2                           l3484 17A2                           l2678 141C  
                         l2766 1164                           l2758 114E                           l2950 1500  
                         l3478 2F42                           l3398 2AF8                           l2870 29F6  
                         l2854 2950                           l2862 2980                           l2846 2916  
                         l2838 28CA                           l2790 27A8                           l2782 2786  
                         l2774 2754                           l2942 1B98                           l2926 1B44  
                         l2918 1B1E                           l2598 198C                           l2694 1632  
                         l2686 15E0                           l3494 17B6                           l3486 17A6  
                         l2960 1536                           l2952 1512                           l2880 2A58  
                         l2872 2A02                           l2864 299E                           l2856 2956  
                         l2848 2918                           l2792 27B6                           l2776 2764  
                         l2784 278C                           l2768 2738                           l2944 1BA8  
                         l2936 1B6C                           l2928 1B4E                           l2696 1636  
                         l2688 15F8                           l3496 17BA                           l3488 17AA  
                         l2962 154C                           l2954 151A                           l2970 134C  
                         l2890 2AA6                           l2882 2A6E                           l2874 2A10  
                         l2866 29CC                           l2858 2960                           l2794 27B8  
                         l2786 279C                           l2778 2774                           l2938 1B78  
                         l2698 1640                           l3498 17BE                           l2964 1554  
                         l2956 1522                           l2948 14F8                           l2980 1392  
                         l2972 135E                           l2892 2AB4                           l2884 2A88  
                         l2876 2A3A                           l2796 27C8                           l2788 27A2  
                         l2966 1556                           l2958 1530                           l2982 139A  
                         l2974 1366                           l2894 2ABA                           l2886 2AA0  
                         l2878 2A3E                           l2798 27D8                           l2990 1FCC  
                         l2968 155C                           l2984 13A0                           l2976 136E  
                         l2896 2ABC                           l2888 2AA2                           l2992 2012  
                         l2978 137C                           l2994 2028                           l2986 1FAE  
                         l2988 1FBE                           l2998 203C                           _ADFM 7E07  
                         _ADON 7E10                           _CHS0 7E12                           _CHS1 7E13  
                         _CHS2 7E14                           _CHS3 7E15                           STR_1 2FB3  
                         STR_2 2FC4                           STR_3 2FD5                           STR_4 2F80  
                         STR_5 2F6D                           STR_6 2FD5                           STR_7 2F80  
                         STR_8 2FD5                           STR_9 2F7D                           _BRGH 7D62  
                         _CREN 7D5C                           u2000 1606                           u2001 1602  
                         u2010 1A34                           u2011 1A30                           u2100 2774  
                         u2020 1A72                           u2101 2770                           u2021 1A6E  
                         u2110 27B6                           u2030 1AB0                           u2111 27B2  
                         u2031 1AAC                           u3000 2702                           u2200 2950  
                         u2120 27C8                           u2040 1218                           u3001 26FE  
                         u2201 294C                           u2121 27C4                           u2041 1214  
                         u2050 1312                           u3010 2728                           u2210 296E  
                         u2130 27D8                           u3011 2724                           u2211 296A  
                         u2131 27D4                           u3020 16CE                           u2060 133A  
                         u3100 2D10                           u2300 2AB4                           u2220 298E  
                         u2140 2816                           u3021 16CA                           u3101 2D0C  
                         u2301 2AB0                           u2221 298A                           u2141 2812  
                         u3030 16F4                           u2070 134A                           u3110 2D3A  
                         u2230 299E                           u2150 2856                           u2310 1ACA  
                         u3031 16F0                           u2071 1346                           u3111 2D36  
                         u2231 299A                           u2151 2852                           u2311 1AC6  
                         u2400 154C                           u3200 2F0C                           u3120 2D84  
                         u3040 2ADA                           u2240 29CC                           u2160 28CA  
                         u2080 2752                           u2320 1AFE                           u2057 1308  
                         u2401 1548                           u3201 2F08                           u3121 2D80  
                         u3041 2AD6                           u2241 29C8                           u2161 28C6  
                         u2081 274E                           u2410 135E                           u3210 2F2A  
                         u3130 2E62                           u2250 29E2                           u2170 28EC  
                         u2090 2764                           u2330 1B2C                           u2067 1330  
                         u2411 135A                           u3211 2F26                           u3131 2E5E  
                         u2251 29DE                           u2171 28E8                           u2091 2760  
                         u2331 1B28                           u1620 1102                           u2420 137C  
                         u3220 2F42                           u3140 2E80                           u2260 29F6  
                         u2180 2916                           u2340 1B40                           u2500 20F6  
                         u1700 1C0A                           u1621 10FE                           u2421 1378  
                         u3221 2F3E                           u3141 2E7C                           u2261 29F2  
                         u2181 2912                           u2341 1B3C                           u2325 1AF4  
                         u2501 20F2                           u1701 1C06                           u1630 1244  
                         u2430 1392                           u3150 2E92                           u2270 2A10  
                         u2190 293A                           u2350 1B68                           u2510 2104  
                         u1710 1C24                           u1631 123E                           u2431 138E  
                         u3151 2E8E                           u3055 2B10                           u2271 2A0C  
                         u2191 2936                           u2351 1B64                           u2511 2100  
                         u1711 1C20                           u3160 2EA6                           u3080 2C04  
                         u2280 2A58                           u2360 1B88                           u2520 213E  
                         u2440 1FBE                           u1800 1908                           u1720 1C38  
                         u2600 1EF8                           u3161 2EA2                           u3081 2C00  
                         u3065 2B60                           u2281 2A54                           u2361 1B84  
                         u2521 213A                           u2441 1FBA                           u1801 1904  
                         u1721 1C34                           u2601 1EF4                           u1650 1266  
                         u3170 2EC4                           u3090 2CFE                           u2290 2A88  
                         u2370 1B98                           u2530 214C                           u2450 1FCC  
                         u1810 1922                           u1730 1C4C                           u2610 1FA4  
                         u1651 1262                           u3171 2EC0                           u3091 2CFA  
                         u3075 2BB0                           u2291 2A84                           u2371 1B94  
                         u2531 2148                           u2451 1FC8                           u1811 191E  
                         u1731 1C48                           u2611 1FA0                           u2700 1D96  
                         u2620 1CD0                           u2380 1512                           u3180 2ED8  
                         u2460 2028                           u1820 1948                           u1900 18C2  
                         u1660 12A8                           u1740 1C60                           u2540 1E5A  
                         u1645 1246                           u2701 1D92                           u2621 1CCC  
                         u3237 170C                           u2381 150E                           u3181 2ED4  
                         u2461 2024                           u1821 1944                           u1901 18BE  
                         u1661 12A4                           u1741 1C5C                           u2541 1E56  
                         u2710 1DDA                           u2630 1D0C                           u2390 1530  
                         u3190 2EF8                           u2470 207E                           u1830 1966  
                         u1910 18E6                           u1750 1C7A                           u1670 1BCE  
                         u2550 1E6E                           u2711 1DD6                           u2631 1D08  
                         u3247 1726                           u2391 152C                           u3191 2EF4  
                         u2471 207A                           u1831 1962                           u1911 18E2  
                         u1751 1C76                           u1671 1BCA                           u2551 1E6A  
                         u2720 1DF8                           u2640 1D1C                           u2480 20C8  
                         u1840 1982                           u1760 1C8E                           u1680 1BE2  
                         u1920 14A0                           u2560 1E90                           u2800 22B0  
                         u2721 1DF4                           u2641 1D18                           u3257 173C  
                         u2481 20C4                           u1841 197E                           u1761 1C8A  
                         u1681 1BDE                           u1921 149C                           u2561 1E8C  
                         u2801 22AC                           u2650 1D2E                           u2490 20E6  
                         u1850 19A8                           u1770 1CA2                           u1690 1BF6  
                         u1930 14B6                           u2570 1EAE                           u2810 22C8  
                         u2730 2184          ?_read_external_eeprom 0001                           u2651 1D2A  
                         u3267 175E                           u2491 20E2                           u1851 19A4  
                         u1771 1C9E                           u1691 1BF2                           u1931 14B2  
                         u2571 1EAA                           u2811 22C4                           u2731 2180  
                         u2660 1D44                           u2900 247C                           u1860 185A  
                         u1780 1CB6                           u1940 14C6                           u2580 1EC2  
                         u2820 22EA                           u2740 21B4                           u2661 1D40  
                         u2901 2478                           u3277 1770                           u1861 1856  
                         u1781 1CB2                           u1941 14C2                           u2581 1EBE  
                         u2821 22E6                           u2741 21B0                           u2670 1D5C  
                         u1790 1144                           u2910 248E                           u1870 1874  
                         u1950 14D6                           u2590 1EDC                           u2830 2304  
                         u2750 21C6                           u2671 1D58                           u1791 1140  
                         u2911 248A                           u3287 1786                           u1871 1870  
                         u1951 14D2                           u2591 1ED8                           u2831 2300  
                         u2751 21C2                           u2680 1D6C                           u2920 24C4  
                         u1880 188E                           u1960 14EC                           u2840 2316  
                         u2760 21D8                           u2681 1D68                           u2921 24C0  
                         u3297 179A                           u1881 188A                           u1961 14E8  
                         u2841 2312                           u2761 21D4                           u1970 144E  
                         u2690 1D7E                           u2930 24D6                           u1890 18AC  
                         u2850 232E                           u2770 220E                           u2691 1D7A  
                         u2931 24D2                           u1891 18A8                           u2851 232A  
                         u2771 220A                           u1980 1476                           u2940 2536  
                         u2860 235C                           u2780 2220                           u2941 2532  
                         u2861 2358                           u2781 221C                           u1990 1486  
                         u2950 2568                           u2870 23D0                           u2790 227E  
                         u1991 1482                           u2951 2564                           u2871 23CC  
                         u2791 227A                           u2960 2578                           u2880 23F6  
                         u1977 1444                           u2961 2574                           u2881 23F2  
                         u2970 25EE                           u2890 246A                           u1987 146C  
                         u2971 25EA                           u2891 2466                           _RCIE 7CED  
                         u2980 2614                           _RCIF 7CF5                           _RCEN 7E2B  
                         u2981 2610                           u2990 268C                           u2991 2688  
                         _RBPU 7F8F                           _SPEN 7D5F                           _RSEN 7E29  
                         _TXIE 7CEC                           _TXEN 7D65                           _TXIF 7CF4  
                         _SYNC 7D64                           _gear 00B0                           _main 17A2  
                         _menu 0060                           _hour 004B                           _time 00CB  
                         fsr0h 0FEA                           indf0 0FEF                           fsr2h 0FDA  
                         fsr0l 0FE9                           indf2 0FDF                           fsr1l 0FE1  
                         fsr2l 0FD9                           _puts 12EE                           prodh 0FF4  
                         prodl 0FF3                           start 0000                ___fldiv@new_exp 0026  
         ??_init_matrix_keypad 0001                   ___param_bank 0000                 clcd_write@byte 0002  
                _i2c_rep_start 10B6                  ??_i2c_rx_mode 0001                   ?_init_ds1307 0001  
                 ?_event_store 0001                  ___fltol@sign1 0036                          _ADCS0 7E00  
                        _ADCS1 7E01                          _ADCS2 7E02                          ?_main 0001  
                 ?_read_ds1307 0001                          _ACKEN 7E2C                          _ACKDT 7E2D  
                        _BCLIF 7D0B                __end_of___fldiv 2AC8                          _ACQT0 7E03  
                        _ACQT1 7E04                          _ACQT2 7E05                __end_of___awdiv 19BA  
                        STR_10 2F7D                          STR_11 2F91                          STR_12 2FA2  
                        STR_13 2FE6                          STR_14 2FA2                          STR_15 2FF6  
                        STR_16 2F88                          _BRG16 7DC3                          STR_17 2F88  
              __end_of___awmod 18F8                __end_of___fltol 1BBA                          ?_puts 0002  
              ___awdiv@divisor 0003                          _PCFG0 7E08                          _PCFG1 7E09  
                        _PCFG2 7E0A                          _PCFG3 7E0B                __end_of___lwdiv 156C  
              __end_of___lwmod 13B0                   ?_init_config 0001                ___awdiv@counter 0005  
                        _VCFG0 7E0C                          _VCFG1 7E0D                          _SPBRG 0FAF  
                        _PORTD 0F83                          _TRISB 0F93                          _TRISC 0F94  
                        _TRISD 0F95                          _SSPIF 7CF3                          _TXREG 0FAD  
    write_external_eeprom@data 0004             _read_matrix_keypad 1488                          _count 0054  
                        _speed 0055                   view_log@once 0057                          _state 01C0  
                        _putch 1134                   view_log@view 0200                          tablat 0FF5  
                        puts@s 0002            ?_read_matrix_keypad 0001                          status 0FD8  
             init_ds1307@dummy 000A                     _i2c_no_ack 10A2                __initialization 156C  
               ?_i2c_rep_start 0001         ?_write_external_eeprom 0004                   __end_of_main 184A  
                 __end_of_puts 134C               __end_of_i2c_idle 1106               __end_of_i2c_read 10DA  
             __end_of_i2c_stop 10CE           ??_read_matrix_keypad 0001                  ?_download_log 0001  
                       ??_main 003A                         ??_puts 0004                  __activetblptr 0002  
          __end_of_i2c_rx_mode 10B6         ??_read_external_eeprom 0002                         _ADRESH 0FC4  
                       _ADRESL 0FC3               ___awdiv@dividend 0001                         ?_putch 0001  
                 _write_ds1307 114C                 clear_log@delay 0006                         _SSPADD 0FC8  
                       _TRISC3 7CA3                         _TRISC4 7CA4                         _TRISC6 7CA6  
                       _TRISC7 7CA7                         _TRISD7 7CAF                         _SSPBUF 0FC9  
             __end_of___xxtofl 2160               __end_of_get_time 1662                      ??___fldiv 001D  
                    ??___awdiv 0005                      ??___awmod 0005                      ??___fltol 0032  
                    ??___lwdiv 0005                      ??___lwmod 0005               __end_of_init_i2c 111C  
             __end_of_init_adc 11B4               __end_of_read_adc 1232                         clear_0 15B0  
                       clear_1 15C4                         clear_2 15D0                 ??_download_log 0006  
             ___awdiv@quotient 0007                  view_log@delay 0008                ___awmod@divisor 0003  
                       isa$std 0001               __end_of_scan_key 1CC0                ___awmod@counter 0005  
                 __pdataCOMRAM 0057               __end_of_set_time 2F6C                   __mediumconst 2F6C  
                       tblptrh 0FF7                         tblptrl 0FF6                         tblptru 0FF8  
             __end_of_view_log 2428                   ___xxtofl@arg 0011                   ___xxtofl@exp 0010  
                 ___xxtofl@val 0007                     __accesstop 0060        __end_of__initialization 15D6  
                ___rparam_used 0001                     ___fltol@f1 002E                ??_i2c_rep_start 0001  
                  ?_i2c_no_ack 0001                 __pcstackCOMRAM 0001                   __pidataBANK0 13B1  
                  _i2c_rx_mode 10AE                  __end_of_putch 114C              __end_of_i2c_start 10C6  
            __end_of_i2c_write 10E6               ??_view_dashboard 0038                        ??_putch 0001  
                   __pbssBANK0 00CB                     __pbssBANK1 01BE                     __pbssBANK2 0200  
                    ?_i2c_idle 0001                      ?_i2c_read 0001                      ?_i2c_stop 0001  
                   _clcd_print 141C                     _clcd_putch 111C                     _clcd_write 1232  
 write_external_eeprom@address 0005                read_ds1307@data 0003                        _ACKSTAT 7E2E  
                    ?___xxtofl 0007                clear_log@delay1 000A                        _SSPCON1 0FC6  
                    ?_get_time 0001                     ??_i2c_idle 0001                     ??_i2c_read 0001  
                   ??_i2c_stop 0001                      ?_init_i2c 0001           __end_of_download_log 2738  
                    ?_init_adc 0001                      ?_read_adc 0001              __end_of_clear_log 16FC  
                    ?_scan_key 0001        ??_write_external_eeprom 0005                        __Hparam 0000  
                      __Lparam 0000                      ?_set_time 0001                   event_store@i 0015  
                      ___fldiv 2738                        ___awdiv 18F8                        ___awmod 184A  
                    ?_view_log 0001                        ___fltol 1AB4                        ___lwdiv 14F8  
                      ___lwmod 134C                        __pcinit 156C                        __ramtop 0600  
                      __ptext0 17A2                        __ptext1 2160                        __ptext2 1E08  
                      __ptext3 1488                        __ptext4 1BBA                        __ptext5 1208  
                      __ptext6 15E0                        __ptext7 19BA                        __ptext8 126C  
                      __ptext9 184A              __end_of_init_clcd 17A2                     ??___xxtofl 000B  
            __end_of_init_uart 118C               ___awmod@dividend 0001                 view_log@delay1 000C  
                   ??_get_time 0004           end_of_initialization 15D6                     ??_init_i2c 0001  
                   ??_init_adc 0001                  __Lmediumconst 2F6C                     ??_read_adc 0003  
    display_main_menu@ind_menu 0052                     ??_scan_key 0001                    ?_clcd_print 0003  
                  ?_clcd_putch 0009                    ?_clcd_write 0001      display_main_menu@menu_pos 0051  
                   ??_set_time 000B                        postdec1 0FE5                        postinc0 0FEE  
                   ??_view_log 0006                  i2c_write@data 0001                  ___xxtofl@sign 000F  
             event_store@store 0009                    ___fldiv@grs 0028                    ___fldiv@rem 0021  
     read_external_eeprom@data 0003                   ??_i2c_no_ack 0001                   ?_i2c_rx_mode 0001  
                __pidataCOMRAM 109F                    view_log@ind 0045     display_main_menu@star_flag 0053  
          start_initialization 156C         read_matrix_keypad@once 0059                      _i2c_start 10BE  
                    _i2c_write 10DA             __end_of_i2c_no_ack 10A8      download_log@download_view 0100  
        __end_of_i2c_rep_start 10BE                  ??_init_ds1307 000A                    __pdataBANK0 0060  
                ??_event_store 0009                  ??_read_ds1307 0002                   _download_log 2428  
                ??_init_config 0001                      ___fldiv@a 0019                      ___fldiv@b 0015  
                  __pbssCOMRAM 003C                  __pcstackBANK1 0100                     ?_i2c_start 0001  
                   ?_i2c_write 0001         download_log@delay1_213 01B6               ___lwdiv@dividend 0001  
__end_of_write_external_eeprom 12AA                      _clear_log 1662    read_matrix_keypad@detection 0001  
                __pmediumconst 2F6C                       ?___fldiv 0015                       ?___awdiv 0001  
                     ?___awmod 0001                       ?___fltol 002E             read_ds1307@address 0002  
                     ?___lwdiv 0001                      _clock_reg 003C                       ?___lwmod 0001  
          __end_of_init_ds1307 12EE            __end_of_event_store 1AB4            __end_of_read_ds1307 1208  
            _display_main_menu 1CC0               ___lwdiv@quotient 0005                      _init_clcd 16FC  
          __end_of_init_config 10AE                      _init_uart 116A             ?_display_main_menu 0001  
                ?_write_ds1307 0008    read_external_eeprom@address 0002                   ??_clcd_print 0006  
                 ??_clcd_putch 000A     __end_of_init_matrix_keypad 10F4                   ??_clcd_write 0002  
          ??_display_main_menu 000B                     ?_clear_log 0001                  download_log@i 01BC  
                download_log@j 01BD          clcd_write@control_bit 0001      __end_of_display_main_menu 1E08  
                  ??_i2c_start 0001             __end_of_clcd_print 1488                    ??_i2c_write 0001  
           __end_of_clcd_putch 1134             __end_of_clcd_write 126C                     ?_init_clcd 0001  
                   ?_init_uart 0001                      copy_data0 1580                 ??_write_ds1307 0009  
                     _i2c_idle 10F4                       _i2c_read 10CE          read_matrix_keypad@key 0002  
                     _i2c_stop 10C6     write_external_eeprom@delay 0006                       __Hrparam 0000  
                set_time@delay 003F                       __Lrparam 0000     __end_of_read_matrix_keypad 14F8  
 __end_of_read_external_eeprom 11DE                    _init_ds1307 12AA                    _event_store 19BA  
                  _read_ds1307 11DE                    _init_config 10A8                       ___xxtofl 1FAC  
          write_ds1307@address 0009          download_log@delay_212 01B2                ___lwdiv@divisor 0003  
              ___lwdiv@counter 0007                       __ptext10 18F8                       __ptext11 1FAC  
                     __ptext20 12AA                       __ptext12 1AB4                       __ptext21 114C  
                     __ptext13 2738                       __ptext30 10BE                       __ptext22 11DE  
                     __ptext14 2AC8                       __ptext31 10B6                       __ptext23 10A8  
                     __ptext15 134C                       __ptext40 1662                       __ptext32 10CE  
                     __ptext24 16FC                       __ptext16 14F8                       __ptext41 141C  
                     __ptext33 10AE                       __ptext25 118C                       __ptext17 116A  
                     __ptext42 1232                       __ptext34 10F4                       __ptext26 2428  
                     __ptext18 10E6                       __ptext35 10A2                       __ptext27 11B4  
                     __ptext19 1106                       __ptext36 12EE                       __ptext28 10DA  
                     __ptext37 1134                       __ptext29 10C6                       __ptext38 1CC0  
                     __ptext39 111C                       _get_time 15E0                       _init_i2c 1106  
                     _init_adc 118C              set_time@time_flag 0043                       _read_adc 1208  
                     _scan_key 1BBA                view_log@address 0047                    ??_clear_log 0006  
                     _set_time 2AC8                       isa$xinst 0000                       _view_log 2160  
                    view_log@i 0010                      view_log@j 0011                      putch@byte 0001  
                 set_time@flag 0041                    ??_init_clcd 0003                    ??_init_uart 0001  
               _view_dashboard 1E08               ___lwmod@dividend 0001           __end_of_write_ds1307 116A  
          download_log@address 01BE                ___lwmod@divisor 0003                ___lwmod@counter 0005  
           event_store@address 0013         __end_of_view_dashboard 1FAC              view_dashboard@key 0039  
           download_log@delay1 01AE               write_ds1307@data 0008           _read_external_eeprom 11B4  
            download_log@i_208 01BA              download_log@delay 01AA  
